hpid,old_hpid_x,hospital_name,dutyAddr,sido,sigungu,emergency_type_code,emergency_type_name,tel_main,emergency_tel,lat,lon,realtime_hospital_name,realtime_emergency_tel,pediatric_ventilator_status,incubator_status,avail_er_dedicated_icu_negative_pressure,avail_er_dedicated_icu_general_isolation,avail_icu_internal_medicine,avail_pediatric_beds,avail_er_negative_pressure_isolation_beds,avail_icu_surgery,avail_er_general_isolation_beds,avail_er_dedicated_icu,avail_er_dedicated_inpatient_beds,delivery_room_status,ct_status,angio_status,available_ambulance_yn,available_angio_yn,available_crrt_yn,available_ct_yn,avail_er_general_beds,available_ecmo_yn,avail_inpatient_general_beds,available_targeted_temperature_management_yn,realtime_updated_at,available_incubator_yn,available_mri_yn,avail_icu_neonatal,avail_operating_rooms,available_hyperbaric_oxygen_yn,standard_er_general_beds,standard_pediatric_beds,standard_er_negative_pressure_isolation_beds,standard_er_general_isolation_beds,standard_er_dedicated_icu,standard_icu_internal_medicine,standard_icu_surgery,standard_icu_neonatal,standard_er_dedicated_inpatient_beds,standard_operating_rooms,standard_delivery_rooms,standard_ct,standard_mri,standard_angio,standard_ventilator_general,standard_ventilator_premature,standard_incubator,standard_crrt,standard_ecmo,standard_targeted_temperature_management,standard_hyperbaric_oxygen,standard_inpatient_general_beds,standard_er_dedicated_icu_negative_pressure,standard_er_dedicated_icu_general_isolation,available_ventilator_yn,available_ventilator_premature_yn,old_hpid_y,avail_icu_negative_pressure_isolation,avail_psychiatric_closed_ward_beds,avail_icu_general,standard_icu_general,standard_icu_negative_pressure_isolation,standard_psychiatric_closed_ward_beds,avail_infection_moderate_beds,avail_inpatient_negative_pressure_isolation,standard_inpatient_negative_pressure_isolation,standard_infection_moderate_beds,query_sido,query_sigungu,avail_cohort_isolation,standard_cohort_isolation,avail_infection_severe_beds,avail_infection_semi_severe_beds,avail_trauma_dedicated_inpatient_beds,avail_trauma_dedicated_operating_rooms,avail_icu_neurosurgery,avail_trauma_resuscitation_room,avail_trauma_patient_care_area,avail_icu_trauma,standard_icu_neurosurgery,standard_icu_trauma,standard_trauma_dedicated_inpatient_beds,standard_trauma_dedicated_operating_rooms,standard_infection_severe_beds,standard_infection_semi_severe_beds,standard_trauma_resuscitation_room,standard_trauma_patient_care_area,avail_burn_treatment_room,standard_burn_treatment_room,avail_isolation_negative_pressure_area_beds,avail_isolation_general_area_beds,avail_icu_neurology,standard_icu_neurology,standard_isolation_negative_pressure_area_beds,standard_isolation_general_area_beds,avail_icu_pediatric,avail_icu_cardiology,standard_icu_pediatric,standard_icu_cardiology,avail_pediatric_general_isolation,avail_er_dedicated_inpatient_negative_pressure,avail_er_dedicated_inpatient_general_isolation,avail_infectious_disease_icu_beds,avail_infectious_disease_icu_negative_pressure_beds,standard_pediatric_general_isolation,standard_er_dedicated_inpatient_negative_pressure,standard_er_dedicated_inpatient_general_isolation,standard_infectious_disease_icu_beds,standard_infectious_disease_icu_negative_pressure_beds,avail_icu_thoracic_surgery,standard_icu_thoracic_surgery,avail_pediatric_negative_pressure_isolation,avail_er_dedicated_pediatric_icu,avail_er_dedicated_pediatric_inpatient_beds,standard_er_dedicated_pediatric_icu,standard_er_dedicated_pediatric_inpatient_beds,standard_pediatric_negative_pressure_isolation,collected_at,severe_hospital_name,severe_myocardial_infarction_reperfusion_yn,severe_infant_intussusception_obstruction_yn,severe_adult_gi_emergency_endoscopy_yn,severe_infant_gi_emergency_endoscopy_yn,severe_adult_bronchial_emergency_endoscopy_yn,severe_infant_bronchial_emergency_endoscopy_yn,severe_low_birth_weight_infant_intensive_care_yn,severe_obstetric_delivery_yn,severe_obstetric_surgery_yn,severe_gynecologic_surgery_yn,severe_burn_specialized_treatment_yn,severe_cerebral_infarction_reperfusion_yn,severe_finger_toe_replantation_yn,severe_other_limb_replantation_yn,severe_emergency_dialysis_hd_yn,severe_emergency_dialysis_crrt_yn,severe_psychiatric_emergency_closed_ward_yn,severe_ophthalmic_emergency_surgery_yn,severe_adult_interventional_radiology_yn,severe_infant_interventional_radiology_yn,severe_er_gatekeeper_yn,severe_subarachnoid_hemorrhage_surgery_yn,severe_other_cerebral_hemorrhage_surgery_yn,severe_thoracic_aortic_emergency_yn,severe_abdominal_aortic_emergency_yn,severe_gallbladder_disease_yn,severe_biliary_tract_disease_yn,severe_nontraumatic_abdominal_emergency_surgery_yn,severe_infant_intussusception_obstruction_msg,severe_infant_gi_emergency_endoscopy_msg,severe_low_birth_weight_infant_msg,severe_infant_interventional_radiology_msg,query_sido_severe,query_sigungu_severe,severe_infant_bronchial_emergency_endoscopy_msg,severe_collected_at
A1100035,A1100035,서울특별시서울의료원,서울특별시 중랑구 신내로 156 (신내동),서울특별시,중랑구,G001,권역응급의료센터,02-2276-7000,02-2276-7000,37.61286931510163,127.0980910949257,서울특별시서울의료원,02-2276-7000,Y,Y,2.0,0.0,1.0,2.0,2.0,,3.0,9.0,14.0,Y,Y,Y,Y,Y,Y,Y,0.0,Y,134.0,Y,20260523193501,Y,Y,0.0,10.0,Y,19.0,3.0,2.0,3.0,14.0,7.0,,3.0,30.0,10.0,4.0,4.0,3.0,3.0,65.0,5.0,12.0,7.0,2.0,4.0,2.0,461.0,2.0,4.0,Y,Y,A1100035,,14.0,1.0,5.0,,30.0,,5.0,5.0,,서울특별시,중랑구,,,,,,,0.0,,,,6.0,,,,,,,,,1.0,,,,,,,,,,,,,,,,,,,,,,,,,,,,,2026-05-23 19:35:48,서울특별시서울의료원,Y,UNKNOWN,Y,UNKNOWN,Y,UNKNOWN,Y,Y,Y,Y,Y,Y,UNKNOWN,UNKNOWN,Y,Y,Y,UNKNOWN,Y,UNKNOWN,Y,Y,Y,UNKNOWN,UNKNOWN,Y,Y,Y,,,,,서울특별시,중랑구,,2026-05-23 19:35:48
A1100044,A1100044,녹색병원,서울특별시 중랑구 사가정로49길 53 (면목동),서울특별시,중랑구,G007,지역응급의료기관,02-490-2000,02-490-2113,37.58362083896108,127.08605546969356,녹색병원,02-490-2113,,,,,,,1.0,,4.0,,,Y,Y,,Y,N1,Y,Y,2.0,N1,103.0,N1,20260523193506,N1,Y,,3.0,N1,5.0,,1.0,4.0,,,,,,3.0,1.0,2.0,1.0,,22.0,,,1.0,,,,293.0,,,Y,N1,A1100044,2.0,,8.0,17.0,3.0,,,1.0,3.0,,서울특별시,중랑구,,,,,,,,,,,,,,,,,,,,,,,,,,,,,,,,,,,,,,,,,,,,,,,,,2026-05-23 19:35:48,녹색병원,UNKNOWN,UNKNOWN,Y,UNKNOWN,UNKNOWN,UNKNOWN,UNKNOWN,UNKNOWN,UNKNOWN,UNKNOWN,UNKNOWN,UNKNOWN,UNKNOWN,UNKNOWN,Y,Y,UNKNOWN,UNKNOWN,UNKNOWN,UNKNOWN,Y,UNKNOWN,Y,UNKNOWN,UNKNOWN,Y,UNKNOWN,Y,,,,,서울특별시,중랑구,,2026-05-23 19:35:48
A1100075,A1100075,의료법인풍산의료재단동부제일병원,"서울특별시 중랑구 망우로 511, 동부제일병원 지하1~6층 (망우동)",서울특별시,중랑구,G007,지역응급의료기관,02-437-5011,02-490-8880,37.60067564592665,127.1090292210168,의료법인풍산의료재단동부제일병원,02-490-8880,,,,,,,,,1.0,,,,Y,,Y,N1,N1,Y,7.0,N1,49.0,N1,20260523193018,N1,N,,2.0,N1,7.0,,,1.0,,,,,,2.0,,1.0,1.0,,3.0,,,,,,,124.0,,,Y,N1,A1100075,,,,,,,,,,,서울특별시,중랑구,,,,,,,,,,,,,,,,,,,,,,,,,,,,,,,,,,,,,,,,,,,,,,,,,2026-05-23 19:35:48,의료법인풍산의료재단동부제일병원,UNKNOWN,UNKNOWN,UNKNOWN,UNKNOWN,UNKNOWN,UNKNOWN,UNKNOWN,UNKNOWN,UNKNOWN,UNKNOWN,UNKNOWN,UNKNOWN,UNKNOWN,UNKNOWN,UNKNOWN,UNKNOWN,UNKNOWN,UNKNOWN,UNKNOWN,UNKNOWN,Y,UNKNOWN,UNKNOWN,UNKNOWN,UNKNOWN,UNKNOWN,UNKNOWN,UNKNOWN,,,,,서울특별시,중랑구,,2026-05-23 19:35:48
A1100052,A1100052,국립중앙의료원,"서울특별시 중구 을지로 245, 국립중앙의료원 (을지로6가)",서울특별시,중구,G006,지역응급의료센터,02-2260-7114,02-2276-2114,37.56733955813183,127.00579539705473,국립중앙의료원,02-2276-2114,N,Y,,,,3.0,2.0,0.0,3.0,1.0,0.0,Y,Y,Y,Y,Y,Y,Y,8.0,Y,0.0,Y,20260523193404,Y,Y,,7.0,N1,15.0,3.0,2.0,3.0,6.0,,0.0,,0.0,7.0,1.0,1.0,1.0,2.0,56.0,1.0,3.0,5.0,5.0,2.0,,202.0,,,Y,N,A1100052,2.0,,3.0,13.0,2.0,,0.0,4.0,7.0,0.0,서울특별시,중구,5.0,5.0,,0.0,8.0,2.0,,2.0,6.0,4.0,,20.0,50.0,2.0,,0.0,2.0,6.0,,,,,,,,,,,,,,,,0.0,,,,,0.0,,,,,,,,,,2026-05-23 19:35:48,국립중앙의료원,Y,UNKNOWN,UNKNOWN,UNKNOWN,UNKNOWN,UNKNOWN,UNKNOWN,UNKNOWN,UNKNOWN,Y,UNKNOWN,UNKNOWN,UNKNOWN,UNKNOWN,Y,Y,UNKNOWN,UNKNOWN,Y,UNKNOWN,Y,UNKNOWN,N,UNKNOWN,UNKNOWN,UNKNOWN,Y,UNKNOWN,,,,,서울특별시,중구,,2026-05-23 19:35:48
A1100032,A1100032,세란병원,서울특별시 종로구 통일로 256 (무악동),서울특별시,종로구,G007,지역응급의료기관,02-737-0181,02-737-0181,37.57534016994642,126.9577071892358,세란병원,02-737-0181,,,,,,,,,1.0,,,,Y,,Y,N1,N1,Y,5.0,N1,64.0,N1,20260523193402,N1,Y,,13.0,N1,10.0,,,1.0,,,,,,13.0,,3.0,5.0,,3.0,,,,,,,205.0,,,Y,N1,A1100032,,,,,,,,,,,서울특별시,종로구,,,,,,,,,,,,,,,,,,,,,,,,,,,,,,,,,,,,,,,,,,,,,,,,,2026-05-23 19:35:48,세란병원,UNKNOWN,UNKNOWN,UNKNOWN,UNKNOWN,UNKNOWN,UNKNOWN,UNKNOWN,UNKNOWN,UNKNOWN,UNKNOWN,UNKNOWN,UNKNOWN,UNKNOWN,UNKNOWN,UNKNOWN,UNKNOWN,UNKNOWN,UNKNOWN,UNKNOWN,UNKNOWN,Y,UNKNOWN,UNKNOWN,UNKNOWN,UNKNOWN,UNKNOWN,UNKNOWN,UNKNOWN,,,,,서울특별시,종로구,,2026-05-23 19:35:48
A1100029,A1100029,서울적십자병원,"서울특별시 종로구 새문안로 9, 적십자병원 (평동)",서울특별시,종로구,G007,지역응급의료기관,02-2002-8000,02-2002-8888,37.56715536263689,126.96699861289684,서울적십자병원,02-2002-8888,,,,,,,1.0,,,,,,Y,,Y,N1,Y,Y,10.0,N1,90.0,N1,20260523193354,N1,Y,,6.0,N1,10.0,,1.0,,,,,,,6.0,,1.0,1.0,,11.0,,,2.0,,,,260.0,,,Y,N1,A1100029,,,6.0,12.0,,,,,,,서울특별시,종로구,,,,,,,,,,,,,,,,,,,,,,,,,,,,,,,,,,,,,,,,,,,,,,,,,2026-05-23 19:35:48,서울적십자병원,UNKNOWN,UNKNOWN,UNKNOWN,UNKNOWN,UNKNOWN,UNKNOWN,UNKNOWN,UNKNOWN,UNKNOWN,UNKNOWN,UNKNOWN,UNKNOWN,UNKNOWN,UNKNOWN,UNKNOWN,UNKNOWN,UNKNOWN,UNKNOWN,UNKNOWN,UNKNOWN,Y,UNKNOWN,UNKNOWN,UNKNOWN,UNKNOWN,UNKNOWN,UNKNOWN,UNKNOWN,,,,,서울특별시,종로구,,2026-05-23 19:35:48
A1100006,A1100006,강북삼성병원,서울특별시 종로구 새문안로 29 (평동),서울특별시,종로구,G006,지역응급의료센터,02-2001-2001,02-2001-1000,37.56849763123383,126.96793805451702,강북삼성병원,02-2001-1000,Y,Y,,,,2.0,1.0,1.0,2.0,,,Y,Y,Y,Y,Y,Y,Y,2.0,Y,116.0,Y,20260523193516,Y,Y,-1.0,15.0,N1,15.0,2.0,1.0,2.0,,,4.0,7.0,,16.0,1.0,3.0,3.0,5.0,47.0,9.0,11.0,5.0,5.0,2.0,,528.0,,,Y,Y,A1100006,3.0,7.0,5.0,24.0,5.0,18.0,,2.0,3.0,,서울특별시,종로구,,,,,,,2.0,,,,12.0,,,,,,,,,,,,,,,,,,,,,,,,,,,,,,3.0,8.0,,,,,,,2026-05-23 19:35:48,강북삼성병원,Y,UNKNOWN,Y,Y,UNKNOWN,UNKNOWN,Y,Y,Y,Y,UNKNOWN,Y,UNKNOWN,UNKNOWN,Y,Y,UNKNOWN,UNKNOWN,Y,UNKNOWN,Y,Y,Y,Y,Y,Y,Y,Y,,,,,서울특별시,종로구,,2026-05-23 19:35:48
A1107402,A1107402,서울대학교치과병원,서울특별시 종로구 대학로 101 (연건동),서울특별시,종로구,G009,응급실운영신고기관,1522-2700,02-6256-3362,37.5804523853297,126.997196437908,,,,,,,,,,,,,,,,,,,,,,,,,,,,,,,,,,,,,,,,,,,,,,,,,,,,,,,,,,,,,,,,,,,,,,,,,,,,,,,,,,,,,,,,,,,,,,,,,,,,,,,,,,,,,,,,,,,,,,,,,,,,,,,,,,,,,,,,,,,,,,,,,,,,,,,,,,,
A1100017,A1100017,서울대학교병원,서울특별시 종로구 대학로 101 (연건동),서울특별시,종로구,G001,권역응급의료센터,02-1588-5700,02-2072-2475,37.57966608924356,126.99896308412193,서울대학교병원,02-2072-2475,Y,Y,0.0,0.0,1.0,5.0,2.0,8.0,4.0,16.0,19.0,Y,Y,Y,Y,Y,Y,Y,-1.0,Y,379.0,Y,20260523193509,Y,Y,8.0,52.0,N1,24.0,10.0,2.0,4.0,17.0,10.0,18.0,40.0,30.0,53.0,4.0,13.0,13.0,14.0,160.0,19.0,46.0,22.0,9.0,3.0,,1365.0,2.0,1.0,Y,Y,A1100017,13.0,4.0,,,28.0,41.0,,5.0,7.0,,서울특별시,종로구,,,,2.0,,,1.0,,,,5.0,,,,,8.0,,,,1.0,,,10.0,10.0,,,4.0,4.0,22.0,8.0,1.0,,,0.0,0.0,1.0,,,0.0,0.0,3.0,10.0,1.0,0.0,6.0,2.0,6.0,1.0,2026-05-23 19:35:48,서울대학교병원,Y,Y,Y,Y,Y,Y,Y,Y,Y,Y,UNKNOWN,Y,Y,Y,Y,Y,Y,N,Y,Y,Y,N,N,Y,Y,Y,Y,Y,,,,,서울특별시,종로구,,2026-05-23 19:35:48
A1100023,A1100023,의료법인청구성심병원,서울특별시 은평구 통일로 873 (갈현동),서울특별시,은평구,G007,지역응급의료기관,02-350-3300,02-383-0129,37.62079154435882,126.91955399169244,의료법인청구성심병원,02-383-0129,,,,,,,,,1.0,,,,Y,,Y,N1,N1,Y,8.0,N1,45.0,N1,20260523193242,N1,Y,,3.0,N1,10.0,,,1.0,,,,,,3.0,,1.0,1.0,,4.0,,,,,,,196.0,,,Y,N1,A1100023,,,2.0,6.0,,,,,,,서울특별시,은평구,,,,,,,,,,,,,,,,,,,,,,,,,,,,,,,,,,,,,,,,,,,,,,,,,2026-05-23 19:35:48,의료법인청구성심병원,UNKNOWN,UNKNOWN,UNKNOWN,UNKNOWN,UNKNOWN,UNKNOWN,UNKNOWN,UNKNOWN,UNKNOWN,UNKNOWN,UNKNOWN,UNKNOWN,UNKNOWN,UNKNOWN,UNKNOWN,UNKNOWN,UNKNOWN,UNKNOWN,UNKNOWN,UNKNOWN,Y,UNKNOWN,UNKNOWN,UNKNOWN,UNKNOWN,UNKNOWN,UNKNOWN,UNKNOWN,,,,,서울특별시,은평구,,2026-05-23 19:35:48
A1121013,A1121013,가톨릭대학교은평성모병원,서울특별시 은평구 통일로 1021 (진관동),서울특별시,은평구,G006,지역응급의료센터,02-1811-7755,02-1811-7755,37.63360840972685,126.91615048739686,가톨릭대학교은평성모병원,02-1811-7755,Y,Y,,,2.0,8.0,2.0,3.0,2.0,,,Y,Y,Y,Y,Y,Y,Y,9.0,Y,228.0,Y,20260523193509,Y,Y,5.0,19.0,N1,24.0,8.0,2.0,2.0,,16.0,9.0,19.0,,19.0,1.0,4.0,3.0,5.0,46.0,19.0,22.0,10.0,5.0,20.0,,651.0,,,Y,Y,A1121013,0.0,,,,4.0,,,2.0,5.0,,서울특별시,은평구,,,,,,,2.0,,,,13.0,,,,,,,,,,,,,,,,,5.0,,12.0,,,,,,,,,,,,,,,,,,,2026-05-23 19:35:48,가톨릭대학교은평성모병원,Y,Y,Y,UNKNOWN,Y,UNKNOWN,UNKNOWN,Y,Y,Y,Y,Y,Y,Y,Y,Y,UNKNOWN,UNKNOWN,UNKNOWN,UNKNOWN,Y,Y,Y,Y,Y,Y,Y,Y,,,,,서울특별시,은평구,,2026-05-23 19:35:48
A1100152,A1100152,은평연세병원,서울특별시 은평구 연서로 177 (갈현동),서울특별시,은평구,G009,응급실운영신고기관,02-388-8114,02-388-0119,37.6146922208583,126.917472218592,,,,,,,,,,,,,,,,,,,,,,,,,,,,,,,,,,,,,,,,,,,,,,,,,,,,,,,,,,,,,,,,,,,,,,,,,,,,,,,,,,,,,,,,,,,,,,,,,,,,,,,,,,,,,,,,,,,,,,,,,,,,,,,,,,,,,,,,,,,,,,,,,,,,,,,,,,,
A1117070,A1117070,최원호병원,"서울특별시 은평구 서오릉로 45, 최원호병원 (녹번동)",서울특별시,은평구,G009,응급실운영신고기관,02-1588-3797,02-3156-8119,37.604769594378,126.923855760856,,,,,,,,,,,,,,,,,,,,,,,,,,,,,,,,,,,,,,,,,,,,,,,,,,,,,,,,,,,,,,,,,,,,,,,,,,,,,,,,,,,,,,,,,,,,,,,,,,,,,,,,,,,,,,,,,,,,,,,,,,,,,,,,,,,,,,,,,,,,,,,,,,,,,,,,,,,
A1100004,A1100004,순천향대학교부속서울병원,서울특별시 용산구 대사관로 59 (한남동),서울특별시,용산구,G006,지역응급의료센터,02-709-9114,02-709-9117,37.53384172231443,127.00441798640304,순천향대학교부속서울병원,02-709-9117,Y,Y,,,,2.0,1.0,,2.0,,,Y,Y,Y,Y,Y,Y,Y,4.0,Y,206.0,Y,20260523193322,Y,Y,2.0,13.0,N1,20.0,4.0,1.0,2.0,,,,13.0,,13.0,3.0,3.0,3.0,4.0,51.0,8.0,15.0,14.0,5.0,3.0,,600.0,,,Y,Y,A1100004,2.0,2.0,15.0,45.0,10.0,21.0,,1.0,4.0,,서울특별시,용산구,0.0,0.0,,0.0,,,,,,,,,,,,0.0,,,,,,,,,,,,,,,,,,,0.0,,,,,0.0,,,,,,,,,2026-05-23 19:35:48,순천향대학교부속서울병원,N,UNKNOWN,Y,Y,UNKNOWN,UNKNOWN,Y,N,N,N,UNKNOWN,Y,Y,Y,Y,Y,Y,Y,Y,Y,Y,Y,Y,N,Y,Y,Y,Y,,,,,서울특별시,용산구,,2026-05-23 19:35:48
A1100045,A1100045,씨엠병원,"서울특별시 영등포구 영등포로36길 13 (영등포동4가, 충무병원)",서울특별시,영등포구,G007,지역응급의료기관,02-2678-0001,070-4698-7811,37.51884832876216,126.90367981067836,씨엠병원,070-4698-7811,,,,,,,,,,,,,,,Y,N1,N1,N1,9.0,N1,62.0,N1,20260523193000,N1,N1,,5.0,N1,10.0,,,,,,,,,5.0,,,,,,,,,,,,133.0,,,N1,N1,A1100045,,,,,,,,,,,서울특별시,영등포구,,,,,,,,,,,,,,,,,,,,,,,,,,,,,,,,,,,,,,,,,,,,,,,,,2026-05-23 19:35:48,씨엠병원,UNKNOWN,UNKNOWN,UNKNOWN,UNKNOWN,UNKNOWN,UNKNOWN,UNKNOWN,UNKNOWN,UNKNOWN,UNKNOWN,UNKNOWN,UNKNOWN,UNKNOWN,UNKNOWN,UNKNOWN,UNKNOWN,UNKNOWN,UNKNOWN,UNKNOWN,UNKNOWN,Y,UNKNOWN,UNKNOWN,UNKNOWN,UNKNOWN,UNKNOWN,UNKNOWN,UNKNOWN,,,,,서울특별시,영등포구,,2026-05-23 19:35:48
A1100163,A1100163,한강수병원,"서울특별시 영등포구 영등포로 83, 한강수병원 (양평동1가)",서울특별시,영등포구,G009,응급실운영신고기관,02-1800-7119,02-2063-8413,37.5224047841717,126.890913736375,,,,,,,,,,,,,,,,,,,,,,,,,,,,,,,,,,,,,,,,,,,,,,,,,,,,,,,,,,,,,,,,,,,,,,,,,,,,,,,,,,,,,,,,,,,,,,,,,,,,,,,,,,,,,,,,,,,,,,,,,,,,,,,,,,,,,,,,,,,,,,,,,,,,,,,,,,,
A1100054,A1100054,성애의료재단성애병원,"서울특별시 영등포구 여의대방로53길 22 (신길동, 성애병원)",서울특별시,영등포구,G006,지역응급의료센터,02-840-7114,02-840-7115,37.51205044957338,126.92236733617032,성애의료재단성애병원,02-840-7115,Y,Y,,,,,1.0,,4.0,,,Y,Y,Y,Y,Y,Y,Y,12.0,N1,62.0,N1,20260523193440,Y,Y,3.0,5.0,N1,15.0,,1.0,4.0,,,,4.0,,5.0,2.0,2.0,2.0,1.0,8.0,5.0,14.0,2.0,,,,252.0,,,Y,Y,A1100054,0.0,,4.0,19.0,1.0,,,,,,서울특별시,영등포구,,,,,,,,,,,,,,,,,,,,,,,,,,,,,,,,,,,,,,,,,,,,,,,,,2026-05-23 19:35:48,성애의료재단성애병원,Y,UNKNOWN,N,UNKNOWN,UNKNOWN,UNKNOWN,UNKNOWN,Y,Y,Y,UNKNOWN,UNKNOWN,UNKNOWN,UNKNOWN,N,N,UNKNOWN,UNKNOWN,UNKNOWN,UNKNOWN,Y,UNKNOWN,Y,UNKNOWN,UNKNOWN,Y,UNKNOWN,Y,,,,,서울특별시,영등포구,,2026-05-23 19:35:48
A1100055,A1100055,한림대학교강남성심병원,"서울특별시 영등포구 신길로 1 (대림동, 강남성심병원)",서울특별시,영등포구,G006,지역응급의료센터,02-829-5114,02-829-5119,37.4932492859,126.9086725295,한림대학교강남성심병원,02-829-5119,Y,Y,,,3.0,2.0,1.0,5.0,2.0,,,Y,Y,Y,Y,Y,Y,Y,16.0,Y,230.0,Y,20260523193255,Y,Y,4.0,14.0,N1,22.0,2.0,1.0,2.0,,21.0,25.0,12.0,,14.0,3.0,3.0,3.0,2.0,50.0,21.0,22.0,13.0,3.0,2.0,,496.0,,,Y,Y,A1100055,5.0,,,,7.0,,,,,,서울특별시,영등포구,,,,,,,,,,,,,,,,,,,,,,,,,,,,,,,,,,,,,,,,,,,,,,,,,2026-05-23 19:35:48,한림대학교강남성심병원,Y,UNKNOWN,Y,UNKNOWN,UNKNOWN,UNKNOWN,Y,Y,Y,Y,Y,Y,Y,Y,Y,Y,UNKNOWN,Y,Y,UNKNOWN,Y,Y,Y,UNKNOWN,UNKNOWN,Y,Y,Y,,,,,서울특별시,영등포구,,2026-05-23 19:35:48
A1100037,A1100037,대림성모병원,"서울특별시 영등포구 시흥대로 657 (대림동, 대림성모병원)",서울특별시,영등포구,G007,지역응급의료기관,02-829-9000,02-829-9129,37.49068925436284,126.90716948025135,대림성모병원,02-829-9129,,,,,,,,,2.0,,,,Y,,Y,N1,N1,Y,8.0,N1,70.0,N1,20260523193037,N1,Y,,4.0,N1,8.0,,,2.0,,,,,,4.0,,1.0,1.0,,1.0,,,,,,,131.0,,,Y,N1,A1100037,,,,,,,,,,,서울특별시,영등포구,,,,,,,,,,,,,,,,,,,,,,,,,,,,,,,,,,,,,,,,,,,,,,,,,2026-05-23 19:35:48,대림성모병원,UNKNOWN,UNKNOWN,UNKNOWN,UNKNOWN,UNKNOWN,UNKNOWN,UNKNOWN,UNKNOWN,UNKNOWN,UNKNOWN,UNKNOWN,UNKNOWN,UNKNOWN,UNKNOWN,UNKNOWN,UNKNOWN,UNKNOWN,UNKNOWN,UNKNOWN,UNKNOWN,Y,UNKNOWN,UNKNOWN,UNKNOWN,UNKNOWN,UNKNOWN,UNKNOWN,UNKNOWN,,,,,서울특별시,영등포구,,2026-05-23 19:35:48
A1100038,A1100038,한림대학교한강성심병원,"서울특별시 영등포구 버드나루로7길 12 (영등포동7가, 한강성심병원)",서울특별시,영등포구,G009,응급실운영신고기관,02-2639-5114,02-2639-5555,37.52346674579277,126.91033000120588,,,,,,,,,,,,,,,,,,,,,,,,,,,,,,,,,,,,,,,,,,,,,,,,,,,,,,,,,,,,,,,,,,,,,,,,,,,,,,,,,,,,,,,,,,,,,,,,,,,,,,,,,,,,,,,,,,,,,,,,,,,,,,,,,,,,,,,,,,,,,,,,,,,,,,,,,,,
A1100024,A1100024,명지성모병원,"서울특별시 영등포구 도림로 156, 명지성모병원 (대림동)",서울특별시,영등포구,G007,지역응급의료기관,02-1899-1475,02-829-7800,37.4938507104387,126.89925446922592,명지성모병원,02-829-7800,,,,,,,1.0,,1.0,,,,Y,Y,Y,Y,N1,Y,8.0,N1,107.0,N1,20260523193556,N1,Y,,3.0,N1,8.0,,1.0,1.0,,,,,,3.0,,1.0,3.0,2.0,7.0,,,,,,,212.0,,,Y,N1,A1100024,1.0,,9.0,12.0,1.0,,,,,,서울특별시,영등포구,,,,,,,,,,,,,,,,,,,,,,,,,,,,,,,,,,,,,,,,,,,,,,,,,2026-05-23 19:35:48,명지성모병원,Y,UNKNOWN,UNKNOWN,UNKNOWN,UNKNOWN,UNKNOWN,UNKNOWN,UNKNOWN,UNKNOWN,UNKNOWN,UNKNOWN,Y,UNKNOWN,UNKNOWN,UNKNOWN,UNKNOWN,UNKNOWN,UNKNOWN,UNKNOWN,UNKNOWN,Y,Y,Y,UNKNOWN,UNKNOWN,UNKNOWN,UNKNOWN,UNKNOWN,,,,,서울특별시,영등포구,,2026-05-23 19:35:48
A1100255,A1100255,의료법인인봉의료재단영등포병원,서울특별시 영등포구 당산로31길 10 (당산동3가),서울특별시,영등포구,G009,응급실운영신고기관,02-2635-2809,02-2632-0013,37.526858089517,126.89561402986,,,,,,,,,,,,,,,,,,,,,,,,,,,,,,,,,,,,,,,,,,,,,,,,,,,,,,,,,,,,,,,,,,,,,,,,,,,,,,,,,,,,,,,,,,,,,,,,,,,,,,,,,,,,,,,,,,,,,,,,,,,,,,,,,,,,,,,,,,,,,,,,,,,,,,,,,,,
A1100011,A1100011,가톨릭대학교여의도성모병원,"서울특별시 영등포구 63로 10, 여의도성모병원 (여의도동)",서울특별시,영등포구,G006,지역응급의료센터,02-1661-7575,02-3779-1199,37.51827233800711,126.93673129599132,가톨릭대학교여의도성모병원,02-3779-1199,,,,,2.0,,1.0,4.0,4.0,,,Y,Y,Y,Y,Y,Y,Y,11.0,Y,78.0,Y,20260523193510,N1,Y,,13.0,N1,15.0,,1.0,4.0,,11.0,9.0,,,13.0,2.0,2.0,2.0,2.0,23.0,,,5.0,2.0,2.0,,330.0,,,Y,N1,A1100011,0.0,,,,1.0,,,1.0,1.0,,서울특별시,영등포구,,,,,,,4.0,,,,9.0,,,,,,,,,,,,,,,,,,,,,,,,,,,,,,,,,,,,,,2026-05-23 19:35:48,가톨릭대학교여의도성모병원,Y,UNKNOWN,UNKNOWN,UNKNOWN,UNKNOWN,UNKNOWN,UNKNOWN,UNKNOWN,UNKNOWN,Y,UNKNOWN,UNKNOWN,UNKNOWN,UNKNOWN,Y,Y,UNKNOWN,Y,Y,UNKNOWN,Y,UNKNOWN,UNKNOWN,UNKNOWN,UNKNOWN,Y,Y,Y,,,,,서울특별시,영등포구,,2026-05-23 19:35:48
A1100005,A1100005,이화여자대학교의과대학부속목동병원,서울특별시 양천구 안양천로 1071 (목동),서울특별시,양천구,G001,권역응급의료센터,02-2650-5114,02-2650-5911,37.53654282637804,126.8862159683056,이화여자대학교의과대학부속목동병원,02-2650-5911,Y,Y,1.0,1.0,2.0,8.0,2.0,6.0,4.0,7.0,16.0,Y,Y,Y,Y,Y,Y,Y,7.0,Y,102.0,Y,20260523193442,Y,Y,10.0,13.0,N1,19.0,8.0,2.0,4.0,19.0,10.0,13.0,28.0,32.0,13.0,2.0,4.0,4.0,4.0,58.0,10.0,34.0,9.0,3.0,5.0,,526.0,1.0,1.0,Y,Y,A1100005,0.0,2.0,,,4.0,10.0,,3.0,9.0,,서울특별시,양천구,,,,,,,11.0,,,,14.0,,,,,,,,,,,,,,,,,,,,,,,,,,,,,,,,,,,,,,2026-05-23 19:35:48,이화여자대학교의과대학부속목동병원,Y,UNKNOWN,Y,UNKNOWN,Y,UNKNOWN,Y,Y,Y,Y,UNKNOWN,Y,Y,UNKNOWN,Y,Y,Y,Y,Y,UNKNOWN,Y,Y,Y,Y,Y,Y,Y,Y,,,,,서울특별시,양천구,,2026-05-23 19:35:48
A1100223,A1100223,서울특별시서남병원,서울특별시 양천구 신정이펜1로 20 (신정동),서울특별시,양천구,G007,지역응급의료기관,1566-6688,02-6300-9129,37.51201935883779,126.8331299304024,서울특별시서남병원,02-6300-9129,,,,,,,1.0,,0.0,,,,Y,,Y,N1,Y,Y,5.0,Y,67.0,N1,20260523193000,N1,Y,,4.0,N1,6.0,,1.0,1.0,,,,,,4.0,,1.0,1.0,,16.0,,,1.0,1.0,,,275.0,,,Y,N1,A1100223,1.0,,5.0,17.0,1.0,,0.0,4.0,4.0,0.0,서울특별시,양천구,,,,,,,,,,,,,,,,,,,,,,,,,,,,,,,,,,,,,,,,,,,,,,,,,2026-05-23 19:35:48,서울특별시서남병원,UNKNOWN,UNKNOWN,UNKNOWN,UNKNOWN,UNKNOWN,UNKNOWN,UNKNOWN,UNKNOWN,UNKNOWN,N,UNKNOWN,UNKNOWN,UNKNOWN,UNKNOWN,UNKNOWN,Y,UNKNOWN,UNKNOWN,UNKNOWN,UNKNOWN,Y,UNKNOWN,UNKNOWN,UNKNOWN,UNKNOWN,N,UNKNOWN,UNKNOWN,,,,,서울특별시,양천구,,2026-05-23 19:35:48
A1100019,A1100019,홍익병원,"서울특별시 양천구 목동로 225, 홍익병원본관 (신정동)",서울특별시,양천구,G007,지역응급의료기관,02-2693-5555,02-2600-0777,37.52844147447355,126.8636640030062,홍익병원,02-2600-0777,,,,,,,,,1.0,,,,Y,Y,Y,Y,N,Y,4.0,N1,91.0,N1,20260523193357,N1,Y,,4.0,N1,9.0,,,1.0,,,,,,4.0,,4.0,2.0,2.0,7.0,,,1.0,,,,251.0,,,Y,N1,A1100019,1.0,,8.0,14.0,1.0,,,1.0,1.0,,서울특별시,양천구,,,,,,,,,,,,,,,,,,,,,,,,,,,,,,,,,,,,,,,,,,,,,,,,,2026-05-23 19:35:48,홍익병원,Y,UNKNOWN,UNKNOWN,UNKNOWN,UNKNOWN,UNKNOWN,UNKNOWN,UNKNOWN,UNKNOWN,UNKNOWN,UNKNOWN,Y,UNKNOWN,UNKNOWN,UNKNOWN,UNKNOWN,UNKNOWN,UNKNOWN,UNKNOWN,UNKNOWN,Y,Y,Y,UNKNOWN,UNKNOWN,UNKNOWN,UNKNOWN,UNKNOWN,,,,,서울특별시,양천구,,2026-05-23 19:35:48
A1100009,A1100009,재단법인아산사회복지재단서울아산병원,"서울특별시 송파구 올림픽로43길 88, 서울아산병원 (풍납동)",서울특별시,송파구,G006,지역응급의료센터,02-3010-3114,02-3010-3333,37.526563966361216,127.10823825113609,재단법인아산사회복지재단서울아산병원,02-3010-3333,Y,Y,1.0,3.0,4.0,2.0,1.0,10.0,9.0,2.0,,Y,Y,Y,Y,Y,Y,Y,10.0,Y,510.0,Y,20260523193415,Y,Y,11.0,2.0,Y,36.0,11.0,1.0,22.0,2.0,24.0,36.0,61.0,,4.0,8.0,21.0,15.0,17.0,190.0,33.0,49.0,30.0,14.0,5.0,1.0,2118.0,1.0,6.0,Y,Y,A1100009,15.0,2.0,8.0,9.0,45.0,20.0,,8.0,8.0,,서울특별시,송파구,,,,,,,2.0,,,,12.0,,,,,,,,,,,,7.0,13.0,,,2.0,1.0,26.0,12.0,1.0,,,,,1.0,,,,,3.0,12.0,1.0,2.0,3.0,2.0,6.0,2.0,2026-05-23 19:35:48,재단법인아산사회복지재단서울아산병원,Y,Y,Y,Y,UNKNOWN,UNKNOWN,Y,Y,Y,Y,UNKNOWN,Y,UNKNOWN,UNKNOWN,Y,Y,Y,Y,Y,UNKNOWN,Y,Y,Y,UNKNOWN,Y,Y,Y,Y,,,,,서울특별시,송파구,,2026-05-23 19:35:48
A1100039,A1100039,경찰병원,"서울특별시 송파구 송이로 123, 국립경찰병원 (가락동)",서울특별시,송파구,G007,지역응급의료기관,02-3400-1114,02-3400-1300,37.49641321356079,127.123487935032,경찰병원,02-3400-1300,,,,,,,1.0,,,,,,Y,,Y,N1,Y,Y,3.0,N1,141.0,N1,20260523193503,N1,Y,,7.0,N1,3.0,,1.0,,,,,,,7.0,,2.0,3.0,,10.0,,,2.0,,,,187.0,,,Y,N1,A1100039,2.0,,14.0,14.0,2.0,,,2.0,2.0,,서울특별시,송파구,1.0,1.0,,,,,,,,,,,,,,,,,,,,,,,,,,,,,,,,,,,,,,,,,,,,,,,2026-05-23 19:35:48,경찰병원,UNKNOWN,UNKNOWN,UNKNOWN,UNKNOWN,UNKNOWN,UNKNOWN,UNKNOWN,UNKNOWN,UNKNOWN,UNKNOWN,UNKNOWN,UNKNOWN,UNKNOWN,UNKNOWN,UNKNOWN,UNKNOWN,UNKNOWN,UNKNOWN,UNKNOWN,UNKNOWN,Y,UNKNOWN,UNKNOWN,UNKNOWN,UNKNOWN,UNKNOWN,UNKNOWN,UNKNOWN,,,,,서울특별시,송파구,,2026-05-23 19:35:48
A1125429,A1125429,강철병원,"서울특별시 송파구 백제고분로 252, SH타워 2~8층 (삼전동)",서울특별시,송파구,G009,응급실운영신고기관,02-6287-5500,02-6287-5500,37.50234558341771,127.09429683872202,,,,,,,,,,,,,,,,,,,,,,,,,,,,,,,,,,,,,,,,,,,,,,,,,,,,,,,,,,,,,,,,,,,,,,,,,,,,,,,,,,,,,,,,,,,,,,,,,,,,,,,,,,,,,,,,,,,,,,,,,,,,,,,,,,,,,,,,,,,,,,,,,,,,,,,,,,,
A1100008,A1100008,학교법인고려중앙학원고려대학교의과대학부속병원(안암병원),"서울특별시 성북구 고려대로 73, 고려대병원 (안암동5가)",서울특별시,성북구,G001,권역응급의료센터,1577-0083,02-920-5374,37.58715608002366,127.02647086385966,학교법인고려중앙학원고려대학교의과대학부속병원(안암병원),02-920-5374,Y,Y,0.0,,0.0,4.0,,5.0,,4.0,18.0,Y,Y,Y,Y,Y,Y,Y,6.0,Y,253.0,Y,20260523193206,Y,Y,0.0,23.0,N1,30.0,4.0,,,14.0,16.0,19.0,17.0,30.0,25.0,4.0,7.0,6.0,8.0,84.0,14.0,20.0,11.0,8.0,7.0,,777.0,6.0,,Y,Y,A1100008,1.0,1.0,,,6.0,10.0,,1.0,3.0,,서울특별시,성북구,,,,,,,,,,,,,,,,,,,,,1.0,2.0,,,2.0,7.0,,2.0,,9.0,,,,,,,,,,,,,,,,,,,2026-05-23 19:35:48,학교법인고려중앙학원고려대학교의과대학부속병원(안암병원),Y,Y,Y,Y,UNKNOWN,UNKNOWN,Y,Y,Y,Y,UNKNOWN,Y,Y,Y,Y,Y,Y,Y,Y,Y,Y,Y,Y,Y,Y,Y,Y,Y,,,,,서울특별시,성북구,,2026-05-23 19:35:48
A1122381,A1122381,재단법인베스티안재단베스티안서울병원,서울특별시 성동구 왕십리로 382 (하왕십리동),서울특별시,성동구,G009,응급실운영신고기관,02-3452-7575,02-6211-7965,37.5651102845783,127.028019796271,,,,,,,,,,,,,,,,,,,,,,,,,,,,,,,,,,,,,,,,,,,,,,,,,,,,,,,,,,,,,,,,,,,,,,,,,,,,,,,,,,,,,,,,,,,,,,,,,,,,,,,,,,,,,,,,,,,,,,,,,,,,,,,,,,,,,,,,,,,,,,,,,,,,,,,,,,,
A1100013,A1100013,한양대학교병원,서울특별시 성동구 왕십리로 222-1 (사근동),서울특별시,성동구,G001,권역응급의료센터,02-2290-8114,02-2290-8284,37.559944533564746,127.04488284061982,한양대학교병원,02-2290-8284,Y,Y,2.0,1.0,4.0,2.0,,4.0,,9.0,18.0,Y,Y,Y,Y,Y,Y,Y,11.0,Y,277.0,Y,20260523193259,Y,Y,3.0,16.0,Y,20.0,3.0,,,22.0,12.0,13.0,25.0,30.0,16.0,1.0,3.0,2.0,3.0,69.0,10.0,20.0,11.0,4.0,3.0,1.0,670.0,2.0,5.0,Y,Y,A1100013,2.0,0.0,0.0,0.0,2.0,16.0,,1.0,2.0,,서울특별시,성동구,,,,,,,,,,,,,,,,,,,,,4.0,6.0,,,4.0,8.0,,,,,,,,,,,,,,,,,,,,,,,2026-05-23 19:35:48,한양대학교병원,Y,Y,Y,Y,UNKNOWN,UNKNOWN,Y,Y,Y,Y,UNKNOWN,Y,Y,Y,Y,Y,Y,Y,Y,UNKNOWN,Y,Y,Y,Y,Y,Y,Y,Y,,,,,서울특별시,성동구,,2026-05-23 19:35:48
A1122033,A1122033,기쁨병원,"서울특별시 서초구 서초중앙로 4, 기쁨병원 (서초동)",서울특별시,서초구,G007,지역응급의료기관,02-570-1234,02-570-1212,37.482713030212,127.018063486739,기쁨병원,02-570-1212,,,,,,,,,1.0,,,,Y,Y,Y,Y,N1,Y,1.0,N1,54.0,N1,20260523193459,N1,Y,,7.0,N1,4.0,,,1.0,,,,,,8.0,,2.0,2.0,1.0,1.0,,,,,,,110.0,,,Y,N1,A1122033,,,,,,,,,,,서울특별시,서초구,,,,,,,,,,,,,,,,,,,,,,,,,,,,,,,,,,,,,,,,,,,,,,,,,2026-05-23 19:35:48,기쁨병원,UNKNOWN,UNKNOWN,UNKNOWN,UNKNOWN,UNKNOWN,UNKNOWN,UNKNOWN,UNKNOWN,UNKNOWN,UNKNOWN,UNKNOWN,UNKNOWN,UNKNOWN,UNKNOWN,UNKNOWN,UNKNOWN,UNKNOWN,UNKNOWN,UNKNOWN,UNKNOWN,Y,UNKNOWN,UNKNOWN,UNKNOWN,UNKNOWN,UNKNOWN,UNKNOWN,UNKNOWN,,,,,서울특별시,서초구,,2026-05-23 19:35:48
A1100012,A1100012,학교법인가톨릭학원가톨릭대학교서울성모병원,서울특별시 서초구 반포대로 222 (반포동),서울특별시,서초구,G006,지역응급의료센터,0215881511,02-2258-2370,37.50180080478528,127.00472725970135,학교법인가톨릭학원가톨릭대학교서울성모병원,02-2258-2370,Y,Y,,,3.0,3.0,,18.0,,,,Y,Y,Y,Y,Y,Y,Y,-4.0,Y,332.0,Y,20260523193510,Y,Y,9.0,31.0,N1,28.0,7.0,,,,22.0,22.0,50.0,,32.0,2.0,9.0,10.0,8.0,80.0,40.0,39.0,11.0,9.0,4.0,,1059.0,,,Y,Y,A1100012,10.0,11.0,0.0,5.0,18.0,35.0,,3.0,10.0,,서울특별시,서초구,,,,,,,8.0,,,,19.0,,,,,,,,,,1.0,4.0,,,1.0,5.0,1.0,4.0,3.0,10.0,1.0,,,,,1.0,,,,,6.0,8.0,1.0,1.0,1.0,2.0,6.0,1.0,2026-05-23 19:35:48,학교법인가톨릭학원가톨릭대학교서울성모병원,Y,Y,Y,Y,Y,Y,Y,Y,Y,Y,UNKNOWN,Y,Y,Y,Y,Y,Y,Y,Y,Y,Y,Y,Y,Y,Y,Y,Y,Y,,,,,서울특별시,서초구,,2026-05-23 19:35:48
A1120432,A1120432,올바로병원,"서울특별시 서초구 명달로 102, 서원빌딩 1-6층 (서초동)",서울특별시,서초구,G009,응급실운영신고기관,02-587-8875,070-4875-2619,37.4862288033541,127.004386280268,,,,,,,,,,,,,,,,,,,,,,,,,,,,,,,,,,,,,,,,,,,,,,,,,,,,,,,,,,,,,,,,,,,,,,,,,,,,,,,,,,,,,,,,,,,,,,,,,,,,,,,,,,,,,,,,,,,,,,,,,,,,,,,,,,,,,,,,,,,,,,,,,,,,,,,,,,,
A1100025,A1100025,의료법인동신의료재단동신병원,"서울특별시 서대문구 연희로 272, 동신병원 본관동 (홍은동)",서울특별시,서대문구,G007,지역응급의료기관,02-396-9161,02-396-9161,37.58110428173239,126.93658306608872,의료법인동신의료재단동신병원,02-396-9161,N,N,,,,,,,1.0,,,N,Y,N,Y,N,Y,Y,4.0,N,59.0,N,20260523193241,N,Y,,3.0,N,9.0,,,1.0,,,,,,3.0,0.0,1.0,1.0,0.0,7.0,0.0,0.0,1.0,0.0,0.0,0.0,196.0,,,Y,N,A1100025,,,3.0,9.0,,,,,,,서울특별시,서대문구,,,,,,,,,,,,,,,,,,,,0.0,,,,,,,,,,,,,,,,,,,,,,,,,,,,,2026-05-23 19:35:48,의료법인동신의료재단동신병원,UNKNOWN,UNKNOWN,UNKNOWN,UNKNOWN,UNKNOWN,UNKNOWN,UNKNOWN,UNKNOWN,UNKNOWN,UNKNOWN,UNKNOWN,UNKNOWN,UNKNOWN,UNKNOWN,UNKNOWN,UNKNOWN,UNKNOWN,UNKNOWN,UNKNOWN,UNKNOWN,Y,UNKNOWN,UNKNOWN,UNKNOWN,UNKNOWN,UNKNOWN,UNKNOWN,UNKNOWN,,,,,서울특별시,서대문구,,2026-05-23 19:35:48
A1100007,A1100007,연세대학교의과대학세브란스병원,서울특별시 서대문구 연세로 50-1 (신촌동),서울특별시,서대문구,G006,지역응급의료센터,02-2228-0114,02-2227-7777,37.56211711412639,126.94082769649864,연세대학교의과대학세브란스병원,02-2227-7777,Y,Y,,,2.0,2.0,1.0,18.0,3.0,,,Y,Y,Y,Y,Y,Y,Y,-1.0,Y,586.0,Y,20260523193536,Y,Y,11.0,2.0,N1,39.0,8.0,1.0,3.0,,29.0,32.0,52.0,,3.0,8.0,17.0,16.0,17.0,185.0,41.0,61.0,22.0,14.0,8.0,,1883.0,,,Y,Y,A1100007,4.0,7.0,15.0,18.0,8.0,29.0,,1.0,30.0,,서울특별시,서대문구,,,,,,,5.0,,,,29.0,,,,,,,,,1.0,,,6.0,10.0,,,6.0,12.0,22.0,23.0,1.0,,,,,1.0,,,,,2.0,16.0,1.0,2.0,1.0,2.0,6.0,1.0,2026-05-23 19:35:48,연세대학교의과대학세브란스병원,Y,Y,Y,N,Y,Y,Y,UNKNOWN,UNKNOWN,UNKNOWN,UNKNOWN,Y,N,N,Y,N,Y,N,Y,Y,Y,Y,Y,Y,Y,Y,Y,Y,,,,,서울특별시,서대문구,,2026-05-23 19:35:48
A1100063,A1100063,신촌연세병원,"서울특별시 마포구 서강로 110, 지2층~6층 (신수동)",서울특별시,마포구,G009,응급실운영신고기관,02-337-7582,02-337-7582,37.5525892651719,126.933734666413,,,,,,,,,,,,,,,,,,,,,,,,,,,,,,,,,,,,,,,,,,,,,,,,,,,,,,,,,,,,,,,,,,,,,,,,,,,,,,,,,,,,,,,,,,,,,,,,,,,,,,,,,,,,,,,,,,,,,,,,,,,,,,,,,,,,,,,,,,,,,,,,,,,,,,,,,,,
A1100003,A1100003,중앙대학교병원,서울특별시 동작구 흑석로 102 (흑석동),서울특별시,동작구,G006,지역응급의료센터,1800-1114,02-6299-1338,37.50707428493414,126.96079378447554,중앙대학교병원,02-6299-1338,Y,Y,,,5.0,3.0,1.0,4.0,2.0,,,Y,Y,Y,Y,Y,Y,Y,10.0,Y,234.0,Y,20260523193507,Y,Y,-1.0,15.0,N1,18.0,4.0,1.0,2.0,,22.0,17.0,17.0,,16.0,2.0,4.0,3.0,4.0,41.0,7.0,15.0,9.0,4.0,11.0,,631.0,,,Y,Y,A1100003,1.0,5.0,7.0,12.0,2.0,26.0,,0.0,2.0,,서울특별시,동작구,,,,4.0,,,,,,,,,,,,4.0,,,,,0.0,0.0,,,0.0,0.0,,,,,,,,,,,,,,,,,,,,,,,2026-05-23 19:35:48,중앙대학교병원,Y,UNKNOWN,Y,UNKNOWN,UNKNOWN,UNKNOWN,Y,Y,Y,Y,UNKNOWN,Y,UNKNOWN,UNKNOWN,Y,Y,UNKNOWN,UNKNOWN,Y,UNKNOWN,Y,Y,Y,Y,Y,Y,Y,Y,,,,,서울특별시,동작구,,2026-05-23 19:35:48
A1100040,A1100040,서울특별시보라매병원,서울특별시 동작구 보라매로5길 20 (신대방동),서울특별시,동작구,G006,지역응급의료센터,02-870-2114,02-870-2119,37.4937184009319,126.92404876254014,서울특별시보라매병원,02-870-2119,Y,Y,,,0.0,3.0,2.0,9.0,0.0,,,Y,Y,Y,Y,Y,Y,Y,21.0,Y,308.0,Y,20260523193500,Y,Y,6.0,14.0,N1,31.0,3.0,2.0,1.0,,15.0,16.0,14.0,,14.0,4.0,6.0,3.0,5.0,48.0,14.0,13.0,5.0,9.0,2.0,,695.0,,,Y,Y,A1100040,2.0,-2.0,,,4.0,14.0,,3.0,3.0,,서울특별시,동작구,,,,,,,,,,,,,,,,,,,,,,,,,,,,3.0,,4.0,,,,,,,,,,,,,,,,,,,2026-05-23 19:35:48,서울특별시보라매병원,Y,UNKNOWN,Y,UNKNOWN,UNKNOWN,UNKNOWN,Y,Y,Y,Y,Y,Y,Y,UNKNOWN,Y,Y,Y,Y,UNKNOWN,UNKNOWN,Y,Y,Y,Y,Y,Y,UNKNOWN,Y,,,,,서울특별시,동작구,,2026-05-23 19:35:48
A1126226,A1126226,낭만병원,서울특별시 동작구 동작대로 67 (사당동),서울특별시,동작구,G009,응급실운영신고기관,02-523-1119,070-4917-5109,37.4825469938281,126.981480681968,,,,,,,,,,,,,,,,,,,,,,,,,,,,,,,,,,,,,,,,,,,,,,,,,,,,,,,,,,,,,,,,,,,,,,,,,,,,,,,,,,,,,,,,,,,,,,,,,,,,,,,,,,,,,,,,,,,,,,,,,,,,,,,,,,,,,,,,,,,,,,,,,,,,,,,,,,,
A1100050,A1100050,서울성심병원,"서울특별시 동대문구 왕산로 259, 서울성심병원 (청량리동)",서울특별시,동대문구,G007,지역응급의료기관,02-966-1616,02-966-1616,37.58419129209865,127.04983805981972,서울성심병원,02-966-1616,,,,,,,1.0,,2.0,,,,Y,,Y,N1,N1,Y,15.0,N1,80.0,N1,20260523193521,N1,Y,,6.0,N1,17.0,,1.0,2.0,,,,,,6.0,,1.0,1.0,,11.0,,,,,,,208.0,,,Y,N1,A1100050,,,10.0,10.0,,,,,,,서울특별시,동대문구,,,,,,,,,,,,,,,,,,,,,,,,,,,,,,,,,,,,,,,,,,,,,,,,,2026-05-23 19:35:48,서울성심병원,UNKNOWN,UNKNOWN,UNKNOWN,UNKNOWN,UNKNOWN,UNKNOWN,UNKNOWN,UNKNOWN,UNKNOWN,UNKNOWN,UNKNOWN,UNKNOWN,Y,Y,Y,UNKNOWN,UNKNOWN,UNKNOWN,UNKNOWN,UNKNOWN,Y,UNKNOWN,UNKNOWN,UNKNOWN,UNKNOWN,UNKNOWN,UNKNOWN,UNKNOWN,,,,,서울특별시,동대문구,,2026-05-23 19:35:48
A1100022,A1100022,서울특별시동부병원,서울특별시 동대문구 무학로 124 (용두동),서울특별시,동대문구,G007,지역응급의료기관,02-920-9114,02-920-9119,37.57539886464885,127.03140257525509,서울특별시동부병원,02-920-9119,,Y,,,,,1.0,,1.0,,,Y,Y,,Y,N1,Y,Y,8.0,N1,41.0,N1,20260523193520,Y,Y,,3.0,N1,8.0,,1.0,1.0,,,,,,3.0,1.0,1.0,1.0,,7.0,,1.0,1.0,,,,192.0,,,Y,N1,A1100022,1.0,,1.0,8.0,1.0,,,,,,서울특별시,동대문구,,,,,,,,,,,,,,,,,,,,,,,,,,,,,,,,,,,,,,,,,,,,,,,,,2026-05-23 19:35:48,서울특별시동부병원,UNKNOWN,UNKNOWN,UNKNOWN,UNKNOWN,UNKNOWN,UNKNOWN,UNKNOWN,UNKNOWN,UNKNOWN,UNKNOWN,UNKNOWN,UNKNOWN,UNKNOWN,UNKNOWN,UNKNOWN,UNKNOWN,UNKNOWN,UNKNOWN,UNKNOWN,UNKNOWN,Y,UNKNOWN,UNKNOWN,UNKNOWN,UNKNOWN,UNKNOWN,UNKNOWN,UNKNOWN,,,,,서울특별시,동대문구,,2026-05-23 19:35:48
A1100021,A1100021,삼육서울병원,서울특별시 동대문구 망우로 82 (휘경동),서울특별시,동대문구,G006,지역응급의료센터,02-2244-0191,02-2210-3566,37.5879920013054,127.0653288266823,삼육서울병원,02-2210-3566,,N,,,,,1.0,,2.0,,,Y,Y,Y,Y,Y,Y,Y,13.0,Y,101.0,Y,20260523193403,N,Y,4.0,5.0,Y,13.0,,1.0,2.0,,,,4.0,,5.0,2.0,1.0,1.0,2.0,20.0,,4.0,5.0,2.0,1.0,1.0,392.0,,,Y,N1,A1100021,1.0,,2.0,17.0,1.0,,,4.0,4.0,,서울특별시,동대문구,2.0,4.0,,,,,,,,,,,,,,,,,,,,,,,,,,,,,,,,,,,,,,,,,,,,,,,2026-05-23 19:35:48,삼육서울병원,Y,UNKNOWN,Y,UNKNOWN,UNKNOWN,UNKNOWN,UNKNOWN,Y,Y,UNKNOWN,UNKNOWN,UNKNOWN,UNKNOWN,UNKNOWN,Y,Y,UNKNOWN,UNKNOWN,UNKNOWN,UNKNOWN,Y,UNKNOWN,UNKNOWN,UNKNOWN,UNKNOWN,UNKNOWN,UNKNOWN,Y,,,,,서울특별시,동대문구,,2026-05-23 19:35:48
A1100001,A1100001,경희대학교병원,서울특별시 동대문구 경희대로 23 (회기동),서울특별시,동대문구,G006,지역응급의료센터,02-958-8114,02-958-8114,37.5938765502235,127.05183223390304,경희대학교병원,02-958-8114,Y,Y,,,,1.0,2.0,,3.0,,2.0,Y,Y,Y,Y,Y,Y,Y,11.0,Y,244.0,Y,20260523193430,Y,Y,1.0,16.0,N1,15.0,3.0,2.0,3.0,,,,14.0,4.0,16.0,3.0,3.0,3.0,5.0,48.0,6.0,12.0,8.0,3.0,2.0,,653.0,,,Y,Y,A1100001,,2.0,28.0,73.0,,20.0,,8.0,9.0,,서울특별시,동대문구,,,,,,,7.0,,,,15.0,,,,,,,,,,,,,,,,,,,,,,,,,,,,,,,,,,,,,,2026-05-23 19:35:48,경희대학교병원,Y,UNKNOWN,Y,Y,Y,UNKNOWN,Y,N,N,Y,UNKNOWN,Y,N,N,Y,Y,Y,Y,Y,UNKNOWN,Y,Y,Y,UNKNOWN,N,Y,Y,Y,,,,,서울특별시,동대문구,,2026-05-23 19:35:48
A1100020,A1100020,의료법인한전의료재단한일병원,"서울특별시 도봉구 우이천로 308, 한일병원 (쌍문동)",서울특별시,도봉구,G006,지역응급의료센터,02-901-3114,02-901-3119,37.64611570419094,127.02902417950423,의료법인한전의료재단한일병원,02-901-3119,N,N,,,,2.0,2.0,,2.0,,,,Y,Y,Y,Y,Y,Y,4.0,N1,83.0,Y,20260523193503,N,Y,,8.0,Y,21.0,2.0,2.0,2.0,,,,,,8.0,,2.0,1.0,1.0,25.0,1.0,4.0,2.0,,4.0,2.0,392.0,,,Y,N,A1100020,0.0,,3.0,23.0,1.0,,,4.0,5.0,,서울특별시,도봉구,,,,,,,,,,,,,,,,,,,,2.0,,,,,,,,,,,,,,,,,,,,,,,,,,,,,2026-05-23 19:35:48,의료법인한전의료재단한일병원,Y,UNKNOWN,UNKNOWN,UNKNOWN,UNKNOWN,UNKNOWN,UNKNOWN,UNKNOWN,UNKNOWN,UNKNOWN,Y,Y,UNKNOWN,UNKNOWN,Y,Y,UNKNOWN,UNKNOWN,N,N,Y,Y,Y,UNKNOWN,UNKNOWN,UNKNOWN,Y,Y,,,,,서울특별시,도봉구,,2026-05-23 19:35:48
A1100048,A1100048,노원을지대학교병원,"서울특별시 노원구 한글비석로 68, 을지병원 (하계동)",서울특별시,노원구,G006,지역응급의료센터,02-970-8000,02-970-8282,37.636442927386746,127.07000281991384,노원을지대학교병원,02-970-8282,Y,Y,,,4.0,,1.0,6.0,4.0,,,Y,Y,Y,Y,Y,Y,Y,9.0,Y,263.0,N1,20260523193102,Y,Y,0.0,11.0,N1,17.0,,1.0,4.0,,16.0,16.0,10.0,,11.0,3.0,2.0,2.0,2.0,26.0,8.0,19.0,3.0,1.0,,,479.0,,,Y,Y,A1100048,2.0,4.0,,,2.0,21.0,,1.0,1.0,,서울특별시,노원구,,,,,,,,0.0,0.0,,,,,,,,0.0,0.0,,,,,,,,,,,,,,,,,,,,,,,,,,,,,,,2026-05-23 19:35:48,노원을지대학교병원,N,Y,Y,N,N,UNKNOWN,Y,Y,Y,Y,UNKNOWN,Y,Y,Y,Y,Y,UNKNOWN,UNKNOWN,Y,UNKNOWN,Y,Y,Y,UNKNOWN,UNKNOWN,Y,Y,Y,,,,,서울특별시,노원구,,2026-05-23 19:35:48
A1100016,A1100016,인제대학교상계백병원,"서울특별시 노원구 동일로 1342, 상계백병원 (상계동)",서울특별시,노원구,G006,지역응급의료센터,02-950-1114,02-950-1119,37.6485812672986,127.06311619032104,인제대학교상계백병원,02-950-1119,Y,Y,,,3.0,,1.0,2.0,2.0,,,Y,Y,Y,Y,Y,Y,Y,8.0,Y,112.0,Y,20260523193359,Y,Y,-1.0,13.0,N1,16.0,,1.0,2.0,,19.0,18.0,15.0,,13.0,2.0,3.0,2.0,3.0,36.0,10.0,25.0,10.0,3.0,1.0,,390.0,,,Y,Y,A1100016,1.0,3.0,,,4.0,5.0,,1.0,2.0,,서울특별시,노원구,2.0,4.0,,,,,,,,,,,,,,,,,,,,,,,,,,,,,,,,,,,,,,,,,,,,,,,2026-05-23 19:35:48,인제대학교상계백병원,Y,UNKNOWN,Y,UNKNOWN,UNKNOWN,UNKNOWN,Y,N,N,UNKNOWN,UNKNOWN,Y,UNKNOWN,UNKNOWN,UNKNOWN,Y,Y,UNKNOWN,UNKNOWN,UNKNOWN,Y,Y,Y,Y,Y,Y,UNKNOWN,Y,,,,,서울특별시,노원구,,2026-05-23 19:35:48
A1100027,A1100027,한국원자력의학원원자력병원,"서울특별시 노원구 노원로 75, 한국원자력의학원 (공릉동)",서울특별시,노원구,G007,지역응급의료기관,02-970-2114,02-970-2620,37.62881598133036,127.08269315796588,한국원자력의학원원자력병원,02-970-2620,,Y,,,,,1.0,,1.0,,,Y,Y,Y,Y,Y,Y,Y,8.0,N1,266.0,N1,20260523193236,Y,Y,,10.0,N1,9.0,,1.0,1.0,,,,,,10.0,1.0,4.0,2.0,1.0,16.0,,2.0,1.0,,,,444.0,,,Y,N1,A1100027,1.0,,9.0,10.0,1.0,,,1.0,1.0,,서울특별시,노원구,1.0,1.0,,,,,,,,,,,,,,,,,,,,,,,,,,,,,,,,,,,,,,,,,,,,,,,2026-05-23 19:35:48,한국원자력의학원원자력병원,UNKNOWN,UNKNOWN,UNKNOWN,UNKNOWN,UNKNOWN,UNKNOWN,UNKNOWN,UNKNOWN,UNKNOWN,UNKNOWN,UNKNOWN,UNKNOWN,UNKNOWN,UNKNOWN,UNKNOWN,UNKNOWN,UNKNOWN,UNKNOWN,UNKNOWN,UNKNOWN,Y,UNKNOWN,UNKNOWN,UNKNOWN,UNKNOWN,UNKNOWN,UNKNOWN,UNKNOWN,,,,,서울특별시,노원구,,2026-05-23 19:35:48
A1100049,A1100049,희명병원,서울특별시 금천구 시흥대로 244 (시흥동),서울특별시,금천구,G007,지역응급의료기관,02-804-0002,02-809-0122,37.45567063464179,126.90056251863876,희명병원,02-809-0122,,,,,,,,,1.0,,,,Y,,Y,N1,Y,Y,6.0,Y,129.0,N1,20260523193426,N1,Y,,4.0,N1,10.0,,,1.0,,,,,,4.0,,1.0,1.0,,9.0,,,1.0,1.0,,,228.0,,,Y,N1,A1100049,,,1.0,19.0,,,,,,,서울특별시,금천구,,,,,,,,,,,,,,,,,,,,,,,,,,,,,,,,,,,,,,,,,,,,,,,,,2026-05-23 19:35:48,희명병원,Y,UNKNOWN,UNKNOWN,UNKNOWN,UNKNOWN,UNKNOWN,UNKNOWN,UNKNOWN,UNKNOWN,UNKNOWN,UNKNOWN,UNKNOWN,Y,Y,UNKNOWN,Y,UNKNOWN,UNKNOWN,UNKNOWN,UNKNOWN,Y,UNKNOWN,UNKNOWN,UNKNOWN,UNKNOWN,Y,Y,Y,,,,,서울특별시,금천구,,2026-05-23 19:35:48
A1100014,A1100014,고려대학교의과대학부속구로병원,"서울특별시 구로구 구로동로 148, 고려대부속구로병원 (구로동)",서울특별시,구로구,G001,권역응급의료센터,02-2626-1114,02-2626-1550,37.49211114525054,126.8847449363546,고려대학교의과대학부속구로병원,02-2626-1550,Y,Y,,,1.0,2.0,,4.0,,3.0,7.0,Y,Y,Y,Y,Y,Y,Y,10.0,Y,146.0,Y,20260523193428,Y,Y,-1.0,24.0,N1,29.0,3.0,,,20.0,20.0,10.0,23.0,30.0,24.0,2.0,6.0,6.0,4.0,98.0,11.0,35.0,15.0,10.0,3.0,,778.0,,,Y,Y,A1100014,2.0,7.0,12.0,35.0,10.0,18.0,,4.0,4.0,,서울특별시,구로구,,,,,,,,,,,,,,,,,,,,,4.0,,,,5.0,,,,,,,,,,,,,,,,,,,,,,,,2026-05-23 19:35:48,고려대학교의과대학부속구로병원,Y,Y,Y,Y,Y,Y,Y,Y,Y,Y,UNKNOWN,Y,Y,Y,Y,Y,Y,Y,Y,Y,Y,Y,Y,Y,Y,Y,Y,Y,,,,,서울특별시,구로구,,2026-05-23 19:35:48
A1100026,A1100026,구로성심병원,"서울특별시 구로구 경인로 427, 구로성심병원 (고척동)",서울특별시,구로구,G007,지역응급의료기관,02-2067-1500,02-2067-1515,37.49964578669388,126.86636039556484,구로성심병원,02-2067-1515,,,,,,,,,1.0,,,,Y,,Y,N1,N1,Y,7.0,N1,50.0,N1,20260523193353,N1,Y,,3.0,N1,9.0,,,1.0,,,,,,3.0,,1.0,1.0,,5.0,,,,,,,191.0,,,Y,N1,A1100026,,,5.0,11.0,,,,,,,서울특별시,구로구,,,,,,,,,,,,,,,,,,,,,,,,,,,,,,,,,,,,,,,,,,,,,,,,,2026-05-23 19:35:48,구로성심병원,UNKNOWN,Y,UNKNOWN,UNKNOWN,UNKNOWN,UNKNOWN,UNKNOWN,UNKNOWN,UNKNOWN,Y,Y,UNKNOWN,UNKNOWN,UNKNOWN,UNKNOWN,UNKNOWN,UNKNOWN,UNKNOWN,UNKNOWN,UNKNOWN,Y,UNKNOWN,UNKNOWN,UNKNOWN,UNKNOWN,Y,Y,Y,,,,,서울특별시,구로구,,2026-05-23 19:35:48
A1100051,A1100051,혜민병원,서울특별시 광진구 자양로 85 (자양동),서울특별시,광진구,G007,지역응급의료기관,02-2049-9000,02-2049-9119,37.535315660180416,127.08360130258502,혜민병원,02-2049-9119,,,,,,,1.0,,,,,,Y,,Y,N1,Y,Y,4.0,N1,31.0,N1,20260523193037,N1,Y,,5.0,N1,9.0,,1.0,,,,,,,5.0,,2.0,2.0,,16.0,,,2.0,,,,205.0,,,Y,N1,A1100051,,,10.0,19.0,,,,,,,서울특별시,광진구,,,,,,,,,,,,,,,,,,,,,,,,,,,,,,,,,,,,,,,,,,,,,,,,,2026-05-23 19:35:48,혜민병원,UNKNOWN,UNKNOWN,UNKNOWN,UNKNOWN,UNKNOWN,UNKNOWN,UNKNOWN,UNKNOWN,UNKNOWN,UNKNOWN,UNKNOWN,UNKNOWN,UNKNOWN,UNKNOWN,UNKNOWN,UNKNOWN,UNKNOWN,UNKNOWN,UNKNOWN,UNKNOWN,Y,UNKNOWN,N,UNKNOWN,UNKNOWN,N,UNKNOWN,UNKNOWN,,,,,서울특별시,광진구,,2026-05-23 19:35:48
A1100002,A1100002,건국대학교병원,서울특별시 광진구 능동로 120-1 (화양동),서울특별시,광진구,G006,지역응급의료센터,1588-1533,02-2030-5555,37.54084479467721,127.0721229093036,건국대학교병원,02-2030-5555,Y,Y,,,12.0,4.0,1.0,14.0,2.0,,,Y,Y,Y,Y,Y,Y,Y,7.0,Y,197.0,Y,20260523193304,Y,Y,1.0,21.0,N1,20.0,4.0,1.0,2.0,,24.0,25.0,16.0,,21.0,2.0,4.0,4.0,5.0,45.0,7.0,18.0,7.0,3.0,14.0,,678.0,,,Y,Y,A1100002,1.0,5.0,,,1.0,14.0,,0.0,3.0,,서울특별시,광진구,,,,,,,,,,,,,,,,,,,,,,,,,,,,,,,,,,,,,,,,,,,,,,,,,2026-05-23 19:35:48,건국대학교병원,Y,UNKNOWN,Y,UNKNOWN,Y,UNKNOWN,Y,Y,Y,Y,UNKNOWN,UNKNOWN,UNKNOWN,UNKNOWN,Y,Y,UNKNOWN,Y,Y,UNKNOWN,Y,Y,Y,UNKNOWN,UNKNOWN,Y,Y,Y,,,,,서울특별시,광진구,,2026-05-23 19:35:48
A1100148,A1100148,사랑의병원,"서울특별시 관악구 남부순환로 1860, -1,1,3,4,5층 (봉천동,  )",서울특별시,관악구,G009,응급실운영신고기관,02-880-0114,02-880-0119,37.4796247835746,126.956285774259,,,,,,,,,,,,,,,,,,,,,,,,,,,,,,,,,,,,,,,,,,,,,,,,,,,,,,,,,,,,,,,,,,,,,,,,,,,,,,,,,,,,,,,,,,,,,,,,,,,,,,,,,,,,,,,,,,,,,,,,,,,,,,,,,,,,,,,,,,,,,,,,,,,,,,,,,,,
A1100041,A1100041,의료법인서울효천의료재단에이치플러스양지병원,"서울특별시 관악구 남부순환로 1636, 양지병원 (신림동)",서울특별시,관악구,G006,지역응급의료센터,02-1877-8875,070-4665-9119,37.48427507045319,126.93253922577289,의료법인서울효천의료재단에이치플러스양지병원,070-4665-9119,,,,,,,1.0,,2.0,,,,Y,Y,Y,Y,Y,Y,12.0,Y,33.0,Y,20260523193511,N1,Y,,7.0,N1,18.0,,1.0,2.0,,,,,,7.0,,2.0,3.0,3.0,23.0,,,4.0,1.0,1.0,,301.0,,,Y,N1,A1100041,0.0,,1.0,20.0,1.0,,,1.0,3.0,,서울특별시,관악구,,,,,,,,,,,,,,,,,,,,,,,,,,,,,,,,,,,,,,,,,,,,,,,,,2026-05-23 19:35:48,의료법인서울효천의료재단에이치플러스양지병원,Y,UNKNOWN,Y,UNKNOWN,UNKNOWN,UNKNOWN,UNKNOWN,UNKNOWN,UNKNOWN,Y,UNKNOWN,N,UNKNOWN,UNKNOWN,Y,Y,UNKNOWN,UNKNOWN,Y,UNKNOWN,Y,N,N,UNKNOWN,UNKNOWN,Y,Y,Y,,,,,서울특별시,관악구,,2026-05-23 19:35:48
A1100076,A1100076,강남힐병원,"서울특별시 관악구 남부순환로 1449, 강남힐병원 (신림동)",서울특별시,관악구,G009,응급실운영신고기관,02-853-4600,02-853-9100,37.4816513439454,126.911648078471,,,,,,,,,,,,,,,,,,,,,,,,,,,,,,,,,,,,,,,,,,,,,,,,,,,,,,,,,,,,,,,,,,,,,,,,,,,,,,,,,,,,,,,,,,,,,,,,,,,,,,,,,,,,,,,,,,,,,,,,,,,,,,,,,,,,,,,,,,,,,,,,,,,,,,,,,,,
A1100047,A1100047,강남고려병원,서울특별시 관악구 관악로 242 (봉천동),서울특별시,관악구,G009,응급실운영신고기관,1661-8267,02-874-7227,37.4856188363947,126.956781703053,,,,,,,,,,,,,,,,,,,,,,,,,,,,,,,,,,,,,,,,,,,,,,,,,,,,,,,,,,,,,,,,,,,,,,,,,,,,,,,,,,,,,,,,,,,,,,,,,,,,,,,,,,,,,,,,,,,,,,,,,,,,,,,,,,,,,,,,,,,,,,,,,,,,,,,,,,,
A1100042,A1100042,우리들병원,서울특별시 강서구 하늘길 70 (과해동),서울특별시,강서구,G009,응급실운영신고기관,02-2660-7500,02-2660-7057,37.56199597494205,126.7963653099318,,,,,,,,,,,,,,,,,,,,,,,,,,,,,,,,,,,,,,,,,,,,,,,,,,,,,,,,,,,,,,,,,,,,,,,,,,,,,,,,,,,,,,,,,,,,,,,,,,,,,,,,,,,,,,,,,,,,,,,,,,,,,,,,,,,,,,,,,,,,,,,,,,,,,,,,,,,
A1100036,A1100036,부민병원,"서울특별시 강서구 공항대로 389, 부민병원 (등촌동)",서울특별시,강서구,G007,지역응급의료기관,1577-7582,02-2620-0119,37.55694089289359,126.8509495053918,부민병원,02-2620-0119,,Y,,,,,1.0,,,,,Y,Y,Y,Y,Y,Y,Y,8.0,Y,59.0,N1,20260523193103,Y,Y,,7.0,N1,10.0,,1.0,,,,,,,7.0,1.0,3.0,3.0,1.0,22.0,,1.0,2.0,1.0,,,282.0,,,Y,N1,A1100036,1.0,,0.0,14.0,1.0,,,0.0,3.0,,서울특별시,강서구,,,,,,,,,,,,,,,,,,,,,,,,,,,,,,,,,,,,,,,,,,,,,,,,,2026-05-23 19:35:48,부민병원,UNKNOWN,UNKNOWN,UNKNOWN,UNKNOWN,UNKNOWN,UNKNOWN,UNKNOWN,UNKNOWN,UNKNOWN,UNKNOWN,UNKNOWN,UNKNOWN,UNKNOWN,UNKNOWN,UNKNOWN,UNKNOWN,UNKNOWN,UNKNOWN,UNKNOWN,UNKNOWN,Y,UNKNOWN,UNKNOWN,UNKNOWN,UNKNOWN,UNKNOWN,UNKNOWN,UNKNOWN,,,,,서울특별시,강서구,,2026-05-23 19:35:48
A1120796,A1120796,이화여자대학교의과대학부속서울병원,"서울특별시 강서구 공항대로 260, 이화의대부속서울병원 (마곡동)",서울특별시,강서구,G006,지역응급의료센터,1522-7000,02-6986-5119,37.557261149,126.8362659275,이화여자대학교의과대학부속서울병원,02-6986-5119,Y,Y,,,3.0,7.0,2.0,9.0,5.0,,,Y,Y,Y,Y,Y,Y,Y,4.0,Y,229.0,Y,20260523193038,Y,Y,2.0,19.0,N1,14.0,9.0,2.0,6.0,,10.0,17.0,24.0,,19.0,2.0,4.0,4.0,5.0,58.0,7.0,17.0,10.0,3.0,5.0,,732.0,,,Y,Y,A1120796,1.0,,0.0,11.0,7.0,,,5.0,6.0,,서울특별시,강서구,,,,,,,5.0,,,,17.0,,,,,,,,,,,,,,,,,5.0,,11.0,,,,,,,,,,,6.0,19.0,,,,,,,2026-05-23 19:35:48,이화여자대학교의과대학부속서울병원,Y,Y,Y,UNKNOWN,UNKNOWN,UNKNOWN,Y,Y,Y,Y,UNKNOWN,Y,Y,UNKNOWN,Y,Y,UNKNOWN,UNKNOWN,Y,UNKNOWN,Y,Y,Y,Y,Y,Y,Y,Y,,,,,서울특별시,강서구,,2026-05-23 19:35:48
A1100046,A1100046,미즈메디병원,서울특별시 강서구 강서로 295 (내발산동),서울특별시,강서구,G009,응급실운영신고기관,15882701,02-2007-1118,37.55225379358291,126.83602535156236,,,,,,,,,,,,,,,,,,,,,,,,,,,,,,,,,,,,,,,,,,,,,,,,,,,,,,,,,,,,,,,,,,,,,,,,,,,,,,,,,,,,,,,,,,,,,,,,,,,,,,,,,,,,,,,,,,,,,,,,,,,,,,,,,,,,,,,,,,,,,,,,,,,,,,,,,,,
A1117285,A1117285,강서케이병원,"서울특별시 강서구 가로공원로 187, 강서케이병원 (화곡동)",서울특별시,강서구,G009,응급실운영신고기관,02-1833-7530,02-6905-8585,37.5373576230977,126.836699017573,,,,,,,,,,,,,,,,,,,,,,,,,,,,,,,,,,,,,,,,,,,,,,,,,,,,,,,,,,,,,,,,,,,,,,,,,,,,,,,,,,,,,,,,,,,,,,,,,,,,,,,,,,,,,,,,,,,,,,,,,,,,,,,,,,,,,,,,,,,,,,,,,,,,,,,,,,,
A1100172,A1100172,서울현대병원,"서울특별시 강북구 도봉로 374 (번동, 서울현대병원)",서울특별시,강북구,G009,응급실운영신고기관,02-1588-6853,02-902-9119,37.6402559204261,127.028504374531,,,,,,,,,,,,,,,,,,,,,,,,,,,,,,,,,,,,,,,,,,,,,,,,,,,,,,,,,,,,,,,,,,,,,,,,,,,,,,,,,,,,,,,,,,,,,,,,,,,,,,,,,,,,,,,,,,,,,,,,,,,,,,,,,,,,,,,,,,,,,,,,,,,,,,,,,,,
A1100030,A1100030,의료법인성화의료재단대한병원,"서울특별시 강북구 도봉로 301 (수유동, 대한병원)",서울특별시,강북구,G009,응급실운영신고기관,02-903-3232,02-905-9110,37.63547043209498,127.02267251878474,,,,,,,,,,,,,,,,,,,,,,,,,,,,,,,,,,,,,,,,,,,,,,,,,,,,,,,,,,,,,,,,,,,,,,,,,,,,,,,,,,,,,,,,,,,,,,,,,,,,,,,,,,,,,,,,,,,,,,,,,,,,,,,,,,,,,,,,,,,,,,,,,,,,,,,,,,,
A1121842,A1121842,강북으뜸병원,"서울특별시 강북구 도봉로 187, 지하1층, 지상1층~지상5층 (미아동)",서울특별시,강북구,G009,응급실운영신고기관,02-986-0334,02-986-0334,37.6254205559935,127.026184524499,,,,,,,,,,,,,,,,,,,,,,,,,,,,,,,,,,,,,,,,,,,,,,,,,,,,,,,,,,,,,,,,,,,,,,,,,,,,,,,,,,,,,,,,,,,,,,,,,,,,,,,,,,,,,,,,,,,,,,,,,,,,,,,,,,,,,,,,,,,,,,,,,,,,,,,,,,,
A1100053,A1100053,한국보훈복지의료공단중앙보훈병원,서울특별시 강동구 진황도로61길 53 (둔촌동),서울특별시,강동구,G006,지역응급의료센터,02-2225-1111,02-2225-1100,37.52822090089664,127.14671886173552,한국보훈복지의료공단중앙보훈병원,02-2225-1100,,,,,8.0,,1.0,8.0,2.0,,,N,Y,Y,Y,Y,Y,Y,15.0,Y,204.0,N1,20260523193435,N1,Y,,14.0,N1,22.0,,1.0,2.0,,15.0,14.0,,,14.0,1.0,3.0,4.0,4.0,47.0,,,10.0,1.0,,,823.0,,,Y,N1,A1100053,1.0,35.0,,,1.0,60.0,,2.0,7.0,,서울특별시,강동구,,,,,,,3.0,,,,14.0,,,,,,,,,,,,,,,,,5.0,,10.0,,,,,,,,,,,,,,,,,,,2026-05-23 19:35:48,한국보훈복지의료공단중앙보훈병원,UNKNOWN,UNKNOWN,Y,UNKNOWN,UNKNOWN,UNKNOWN,UNKNOWN,UNKNOWN,UNKNOWN,UNKNOWN,UNKNOWN,UNKNOWN,UNKNOWN,UNKNOWN,UNKNOWN,Y,UNKNOWN,Y,UNKNOWN,UNKNOWN,Y,Y,Y,UNKNOWN,UNKNOWN,N,UNKNOWN,Y,,,,,서울특별시,강동구,,2026-05-23 19:35:48
A1100028,A1100028,성심의료재단강동성심병원,서울특별시 강동구 성안로 150 (길동),서울특별시,강동구,G006,지역응급의료센터,02-2224-2114,02-2224-2358,37.53598408220376,127.13526354631516,성심의료재단강동성심병원,02-2224-2358,Y,Y,,,4.0,,1.0,,5.0,,,Y,Y,Y,Y,Y,Y,Y,6.0,Y,220.0,Y,20260523193427,Y,Y,3.0,13.0,N1,15.0,,1.0,6.0,,18.0,,3.0,,13.0,1.0,4.0,2.0,5.0,35.0,3.0,3.0,8.0,3.0,1.0,,566.0,,,Y,Y,A1100028,3.0,,4.0,19.0,5.0,,,1.0,2.0,,서울특별시,강동구,2.0,2.0,,,,,,,,,,,,,,,,,,,,,,,,,,,,,,,,,,,,,,,,,,,,,,,2026-05-23 19:35:48,성심의료재단강동성심병원,Y,UNKNOWN,Y,UNKNOWN,UNKNOWN,UNKNOWN,UNKNOWN,UNKNOWN,UNKNOWN,UNKNOWN,UNKNOWN,Y,Y,Y,Y,Y,UNKNOWN,Y,Y,UNKNOWN,Y,Y,Y,Y,Y,Y,Y,Y,,,,,서울특별시,강동구,,2026-05-23 19:35:48
A1100043,A1100043,강동경희대학교병원,서울특별시 강동구 동남로 892 (상일동),서울특별시,강동구,G001,권역응급의료센터,02-440-7114,02-440-7000,37.5520459324005,127.157084787845,강동경희대학교병원,02-440-7000,Y,Y,2.0,,,3.0,0.0,,1.0,4.0,6.0,Y,Y,Y,Y,Y,Y,Y,-4.0,Y,241.0,Y,20260523193518,Y,Y,3.0,17.0,N,15.0,3.0,2.0,3.0,19.0,,,17.0,30.0,17.0,8.0,2.0,2.0,3.0,32.0,9.0,13.0,4.0,1.0,1.0,0.0,630.0,3.0,,Y,Y,A1100043,,,6.0,27.0,,,1.0,1.0,1.0,2.0,서울특별시,강동구,,,,,,,,,,,,,,,,,,,,0.0,,,,,,,,,,,,,,,,,,,,,,,,,,,,,2026-05-23 19:35:48,강동경희대학교병원,Y,UNKNOWN,Y,UNKNOWN,Y,UNKNOWN,Y,Y,Y,Y,UNKNOWN,Y,UNKNOWN,Y,Y,Y,UNKNOWN,Y,Y,UNKNOWN,Y,Y,Y,UNKNOWN,Y,Y,Y,Y,,,,,서울특별시,강동구,,2026-05-23 19:35:48
A1100010,A1100010,삼성서울병원,"서울특별시 강남구 일원로 81 (일원동, 삼성의료원)",서울특별시,강남구,G006,지역응급의료센터,02-3410-2114,02-3410-2060,37.48851613490445,127.08668245340024,삼성서울병원,02-3410-2060,Y,Y,,,5.0,2.0,2.0,21.0,2.0,,,Y,Y,Y,Y,Y,Y,Y,3.0,Y,444.0,Y,20260523193400,Y,Y,4.0,51.0,N1,52.0,4.0,2.0,2.0,,30.0,23.0,59.0,,53.0,8.0,19.0,16.0,15.0,117.0,22.0,43.0,21.0,11.0,2.0,,1527.0,,,Y,Y,A1100010,2.0,6.0,14.0,14.0,2.0,27.0,,13.0,18.0,,서울특별시,강남구,,,,,,,1.0,,,,12.0,,,,,,,,,,,,,,,,4.0,4.0,15.0,12.0,,,,,,,,,,,13.0,36.0,,,,,,,2026-05-23 19:35:48,삼성서울병원,Y,Y,Y,Y,UNKNOWN,Y,Y,Y,Y,Y,UNKNOWN,Y,UNKNOWN,UNKNOWN,Y,Y,Y,Y,Y,Y,Y,Y,Y,Y,Y,Y,Y,Y,,,,,서울특별시,강남구,,2026-05-23 19:35:48
A1100015,A1100015,연세대학교의과대학강남세브란스병원,"서울특별시 강남구 언주로 211, 강남세브란스병원 (도곡동)",서울특별시,강남구,G006,지역응급의료센터,02-2019-3114,02-2019-3333,37.49280698464548,127.04631254186796,연세대학교의과대학강남세브란스병원,02-2019-3333,Y,Y,,,,1.0,1.0,,1.0,,,Y,Y,Y,Y,Y,Y,Y,6.0,Y,213.0,Y,20260523193132,Y,Y,0.0,23.0,N1,21.0,2.0,1.0,2.0,,,,28.0,,23.0,1.0,4.0,3.0,6.0,47.0,10.0,23.0,6.0,3.0,5.0,,691.0,,,Y,Y,A1100015,,,2.0,29.0,,,,5.0,5.0,,서울특별시,강남구,,,,,,,10.0,,,,12.0,,,,,,,,,,,,,,,,,3.0,,8.0,,,,,,,,,,,,,,,,,,,2026-05-23 19:35:48,연세대학교의과대학강남세브란스병원,Y,UNKNOWN,Y,UNKNOWN,UNKNOWN,UNKNOWN,Y,Y,Y,Y,N,Y,UNKNOWN,UNKNOWN,UNKNOWN,UNKNOWN,UNKNOWN,N,UNKNOWN,UNKNOWN,Y,Y,Y,Y,Y,Y,Y,Y,,,,,서울특별시,강남구,,2026-05-23 19:35:48
A1123234,A1123234,더드림병원,"서울특별시 강남구 선릉로 404, 더드림병원 (대치동)",서울특별시,강남구,G009,응급실운영신고기관,02-1661-1177,1661-1177,37.5009902618151,127.050967336445,,,,,,,,,,,,,,,,,,,,,,,,,,,,,,,,,,,,,,,,,,,,,,,,,,,,,,,,,,,,,,,,,,,,,,,,,,,,,,,,,,,,,,,,,,,,,,,,,,,,,,,,,,,,,,,,,,,,,,,,,,,,,,,,,,,,,,,,,,,,,,,,,,,,,,,,,,,
A1100057,A1100057,차의과학대학교강남차병원,"서울특별시 강남구 논현로 566, 강남차병원(역삼동650-9, 606-4, 605외2필지(지하7층~지하1층, 지상2층~7층)) (역삼동)",서울특별시,강남구,G009,응급실운영신고기관,02-3468-3000,02-3468-3060,37.50680002585087,127.03466865188072,,,,,,,,,,,,,,,,,,,,,,,,,,,,,,,,,,,,,,,,,,,,,,,,,,,,,,,,,,,,,,,,,,,,,,,,,,,,,,,,,,,,,,,,,,,,,,,,,,,,,,,,,,,,,,,,,,,,,,,,,,,,,,,,,,,,,,,,,,,,,,,,,,,,,,,,,,,
A1100141,A1100141,강남베드로병원,"서울특별시 강남구 남부순환로 2649, 베드로병원 (도곡동)",서울특별시,강남구,G009,응급실운영신고기관,1544-7522,1544-7522,37.48561217992573,127.0395873429168,,,,,,,,,,,,,,,,,,,,,,,,,,,,,,,,,,,,,,,,,,,,,,,,,,,,,,,,,,,,,,,,,,,,,,,,,,,,,,,,,,,,,,,,,,,,,,,,,,,,,,,,,,,,,,,,,,,,,,,,,,,,,,,,,,,,,,,,,,,,,,,,,,,,,,,,,,,
A1200022,A1200022,인제대학교 해운대백병원,부산광역시 해운대구 해운대로 875 (좌동),부산광역시,해운대구,G001,권역응급의료센터,051-797-0100,051-797-0135,35.17334313589264,129.182181239924,인제대학교 해운대백병원,051-797-0135,Y,Y,2.0,1.0,6.0,3.0,2.0,10.0,3.0,6.0,18.0,Y,Y,Y,Y,Y,Y,Y,20.0,Y,179.0,Y,20260523193020,Y,Y,0.0,22.0,N1,29.0,3.0,2.0,3.0,12.0,28.0,27.0,23.0,30.0,22.0,2.0,5.0,3.0,4.0,70.0,7.0,48.0,17.0,7.0,15.0,,710.0,5.0,3.0,Y,Y,A1200022,1.0,,,,2.0,,,0.0,7.0,,부산광역시,해운대구,,,,,,,,,,,,,,,,,,,,1.0,,,,,,,,,,,,,,,,,,,,,,,,,,,,,2026-05-23 19:35:48,인제대학교 해운대백병원,Y,Y,Y,UNKNOWN,Y,UNKNOWN,Y,Y,Y,Y,Y,Y,Y,UNKNOWN,Y,Y,UNKNOWN,Y,Y,UNKNOWN,Y,Y,Y,UNKNOWN,UNKNOWN,Y,Y,Y,,,,,부산광역시,해운대구,,2026-05-23 19:35:48
A1205143,A1205143,의료법인 인당의료재단 해운대부민병원,"부산광역시 해운대구 해운대로 584, 해운대 부민병원 지하4~지상13층 (우동)",부산광역시,해운대구,G007,지역응급의료기관,051-602-8000,051-602-8119,35.16142040775608,129.1556561002225,의료법인 인당의료재단 해운대부민병원,051-602-8119,,,,,,,1.0,,,,,,Y,Y,Y,Y,Y,Y,5.0,N1,62.0,N1,20260523193103,N1,Y,,8.0,Y,9.0,,1.0,,,,,,,8.0,,2.0,2.0,1.0,10.0,,,1.0,,,1.0,360.0,,,Y,N1,A1205143,0.0,,6.0,19.0,2.0,,,0.0,3.0,,부산광역시,해운대구,,,,,,,,,,,,,,,,,,,,,,,,,,,,,,,,,,,,,,,,,,,,,,,,,2026-05-23 19:35:48,의료법인 인당의료재단 해운대부민병원,Y,UNKNOWN,Y,UNKNOWN,UNKNOWN,UNKNOWN,UNKNOWN,UNKNOWN,UNKNOWN,UNKNOWN,UNKNOWN,Y,UNKNOWN,UNKNOWN,Y,UNKNOWN,UNKNOWN,UNKNOWN,UNKNOWN,UNKNOWN,Y,Y,Y,UNKNOWN,UNKNOWN,Y,Y,Y,,,,,부산광역시,해운대구,,2026-05-23 19:35:48
A1200048,A1200048,효성시티병원,부산광역시 해운대구 해운대로 135 (재송동),부산광역시,해운대구,G009,응급실운영신고기관,051-709-3000,051-709-3119,35.18541271514478,129.12145899191526,,,,,,,,,,,,,,,,,,,,,,,,,,,,,,,,,,,,,,,,,,,,,,,,,,,,,,,,,,,,,,,,,,,,,,,,,,,,,,,,,,,,,,,,,,,,,,,,,,,,,,,,,,,,,,,,,,,,,,,,,,,,,,,,,,,,,,,,,,,,,,,,,,,,,,,,,,,
A1200023,A1200023,재단법인천주교부산교구유지재단 메리놀병원,부산광역시 중구 중구로 121 (대청동4가),부산광역시,중구,G007,지역응급의료기관,051-465-8801,051-461-2300,35.107580971280804,129.03246380102908,재단법인천주교부산교구유지재단 메리놀병원,051-461-2300,,,,,,,,,1.0,,,Y,Y,Y,Y,Y,Y,Y,5.0,N1,98.0,N1,20260523193309,N1,Y,,8.0,N1,9.0,,,1.0,,,,,,8.0,1.0,1.0,1.0,1.0,9.0,,,2.0,,,,380.0,,,Y,N1,A1200023,1.0,,7.0,18.0,1.0,,,,,,부산광역시,중구,,,,,,,,,,,,,,,,,,,,,,,,,,,,,,,,,,,,,,,,,,,,,,,,,2026-05-23 19:35:48,재단법인천주교부산교구유지재단 메리놀병원,UNKNOWN,UNKNOWN,UNKNOWN,UNKNOWN,UNKNOWN,UNKNOWN,UNKNOWN,UNKNOWN,UNKNOWN,UNKNOWN,UNKNOWN,UNKNOWN,UNKNOWN,UNKNOWN,Y,Y,UNKNOWN,Y,UNKNOWN,UNKNOWN,Y,UNKNOWN,UNKNOWN,UNKNOWN,UNKNOWN,Y,Y,Y,,,,,부산광역시,중구,,2026-05-23 19:35:48
A1200014,A1200014,영도병원,부산광역시 영도구 태종로 85 (대교동2가),부산광역시,영도구,G007,지역응급의료기관,051-414-8101,051-419-7575,35.09227119620571,129.04053714557975,영도병원,051-419-7575,,,,,,,1.0,,1.0,,,,Y,,Y,N1,N1,Y,5.0,N1,19.0,N1,20260523193401,N1,Y,,3.0,N1,7.0,,1.0,1.0,,,,,,3.0,,1.0,1.0,,7.0,,,,,,,217.0,,,Y,N1,A1200014,,,0.0,10.0,,,,,,,부산광역시,영도구,,,,,,,,,,,,,,,,,,,,,,,,,,,,,,,,,,,,,,,,,,,,,,,,,2026-05-23 19:35:48,영도병원,UNKNOWN,UNKNOWN,UNKNOWN,UNKNOWN,UNKNOWN,UNKNOWN,UNKNOWN,UNKNOWN,UNKNOWN,UNKNOWN,UNKNOWN,UNKNOWN,UNKNOWN,UNKNOWN,UNKNOWN,UNKNOWN,UNKNOWN,UNKNOWN,UNKNOWN,UNKNOWN,Y,UNKNOWN,UNKNOWN,UNKNOWN,UNKNOWN,Y,UNKNOWN,Y,,,,,부산광역시,영도구,,2026-05-23 19:35:48
A1200012,A1200012,의료법인 행도의료재단 해동병원,부산광역시 영도구 태종로 133 (봉래동3가),부산광역시,영도구,G007,지역응급의료기관,051-412-6161,051-410-6688,35.09194298219175,129.04386428258525,의료법인 행도의료재단 해동병원,051-410-6688,,,,,,,1.0,,,,,,Y,,Y,N1,Y,Y,3.0,N1,57.0,N1,20260523193527,N1,Y,,3.0,Y,6.0,,1.0,,,,,,,3.0,,1.0,1.0,,5.0,,,1.0,,,12.0,256.0,,,Y,N1,A1200012,,,2.0,9.0,,,,0.0,0.0,,부산광역시,영도구,,,,,,,,,,,,,,,,,,,,,,,,,,,,,,,,,,,,,,,,,,,,,,,,,2026-05-23 19:35:48,의료법인 행도의료재단 해동병원,UNKNOWN,UNKNOWN,UNKNOWN,UNKNOWN,UNKNOWN,UNKNOWN,UNKNOWN,UNKNOWN,UNKNOWN,UNKNOWN,UNKNOWN,UNKNOWN,UNKNOWN,UNKNOWN,UNKNOWN,Y,UNKNOWN,UNKNOWN,UNKNOWN,UNKNOWN,Y,UNKNOWN,UNKNOWN,UNKNOWN,UNKNOWN,UNKNOWN,UNKNOWN,Y,,,,,부산광역시,영도구,,2026-05-23 19:35:48
A1200024,A1200024,부산광역시의료원,"부산광역시 연제구 월드컵대로 359 (거제동, 1동, 5동일부)",부산광역시,연제구,G007,지역응급의료기관,051-507-3000,051-607-2140,35.187312651309654,129.05917919433944,부산광역시의료원,051-607-2140,,N,,,8.0,,1.0,9.0,1.0,,,N,Y,Y,Y,Y,Y,Y,17.0,N1,168.0,N1,20260523193332,N,Y,,7.0,N1,18.0,,1.0,1.0,,13.0,14.0,,,7.0,1.0,1.0,1.0,2.0,19.0,,2.0,4.0,,,,398.0,,,Y,N1,A1200024,,2.0,,,,29.0,,5.0,7.0,,부산광역시,연제구,,,,,,,,,,,,,,,,,,,,,,,,,,,,,,,,,,,,,,,,,,,,,,,,,2026-05-23 19:35:48,부산광역시의료원,Y,UNKNOWN,N,N,N,UNKNOWN,UNKNOWN,UNKNOWN,UNKNOWN,UNKNOWN,UNKNOWN,N,UNKNOWN,UNKNOWN,N,N,UNKNOWN,UNKNOWN,UNKNOWN,UNKNOWN,Y,UNKNOWN,N,UNKNOWN,UNKNOWN,UNKNOWN,UNKNOWN,UNKNOWN,,,,,부산광역시,연제구,,2026-05-23 19:35:48
A1200098,A1200098,의료법인 센텀의료재단 센텀종합병원,부산광역시 수영구 수영로679번길 8 (광안동),부산광역시,수영구,G007,지역응급의료기관,051-750-5000,051-750-5119,35.16637129021226,129.11466833709284,의료법인 센텀의료재단 센텀종합병원,051-750-5119,,,,,,,,,1.0,,,,Y,Y,Y,Y,N1,Y,5.0,N1,76.0,N1,20260523193509,N1,Y,,9.0,N1,9.0,,,1.0,,,,,,9.0,,2.0,2.0,1.0,11.0,,,,,,,338.0,,,Y,N1,A1200098,1.0,,3.0,16.0,1.0,,,,,,부산광역시,수영구,,,,,,,,,,,,,,,,,,,,,,,,,,,,,,,,,,,,,,,,,,,,,,,,,2026-05-23 19:35:48,의료법인 센텀의료재단 센텀종합병원,N,UNKNOWN,UNKNOWN,UNKNOWN,UNKNOWN,UNKNOWN,UNKNOWN,UNKNOWN,UNKNOWN,UNKNOWN,UNKNOWN,Y,Y,Y,UNKNOWN,Y,UNKNOWN,UNKNOWN,Y,UNKNOWN,Y,Y,Y,UNKNOWN,UNKNOWN,Y,Y,Y,,,,,부산광역시,수영구,,2026-05-23 19:35:48
A1200007,A1200007,비에이치에스한서병원,부산광역시 수영구 수영로 615 (광안동),부산광역시,수영구,G006,지역응급의료센터,051-756-0081,051-998-1119,35.1610460623,129.1128811328,비에이치에스한서병원,051-998-1119,,,,,,,1.0,,0.0,,,,Y,Y,Y,Y,Y,Y,14.0,Y,98.0,N1,20260523193529,N1,Y,,4.0,N1,17.0,,1.0,2.0,,,,,,4.0,,1.0,1.0,2.0,11.0,,,1.0,1.0,,,283.0,,,Y,N1,A1200007,,,6.0,16.0,,,,,,,부산광역시,수영구,,,,,,,,,,,,,,,,,,,,,,,,,,,,,,,,,,,,,,,,,,,,,,,,,2026-05-23 19:35:48,비에이치에스한서병원,Y,UNKNOWN,UNKNOWN,UNKNOWN,UNKNOWN,UNKNOWN,UNKNOWN,UNKNOWN,UNKNOWN,UNKNOWN,UNKNOWN,UNKNOWN,UNKNOWN,UNKNOWN,Y,Y,UNKNOWN,UNKNOWN,UNKNOWN,UNKNOWN,Y,UNKNOWN,Y,UNKNOWN,UNKNOWN,Y,Y,Y,,,,,부산광역시,수영구,,2026-05-23 19:35:48
A1200008,A1200008,의료법인 은성의료재단 좋은강안병원,부산광역시 수영구 수영로 493 (남천동),부산광역시,수영구,G007,지역응급의료기관,051-625-0900,051-610-9119,35.15015905669445,129.11072434834875,의료법인 은성의료재단 좋은강안병원,051-610-9119,,,,,,,1.0,,1.0,,,,Y,Y,Y,Y,Y,Y,2.0,Y,142.0,N1,20260523193523,N1,Y,,9.0,N1,15.0,,1.0,1.0,,,,,,9.0,,3.0,3.0,2.0,16.0,,,5.0,1.0,,,535.0,,,Y,N1,A1200008,0.0,,4.0,30.0,2.0,,,1.0,3.0,,부산광역시,수영구,,,,,,,,,,,,,,,,,,,,,,,,,,,,,,,,,,,,,,,,,,,,,,,,,2026-05-23 19:35:48,의료법인 은성의료재단 좋은강안병원,Y,UNKNOWN,Y,UNKNOWN,UNKNOWN,UNKNOWN,UNKNOWN,UNKNOWN,UNKNOWN,UNKNOWN,UNKNOWN,Y,UNKNOWN,Y,Y,Y,UNKNOWN,UNKNOWN,UNKNOWN,UNKNOWN,Y,Y,Y,UNKNOWN,UNKNOWN,Y,Y,Y,,,,,부산광역시,수영구,,2026-05-23 19:35:48
A1200021,A1200021,삼육부산병원,부산광역시 서구 대티로 170 (서대신동2가),부산광역시,서구,G007,지역응급의료기관,051-242-9751,051-600-7750,35.11177720675051,129.01074979097717,삼육부산병원,051-600-7750,,Y,,,,,1.0,,,,,Y,Y,Y,Y,Y,Y,Y,6.0,Y,10.0,N1,20260523193253,Y,Y,,,N1,9.0,,1.0,,,,,,,,1.0,2.0,1.0,1.0,9.0,,1.0,2.0,1.0,,,302.0,,,Y,N1,A1200021,1.0,,0.0,14.0,1.0,,,,,,부산광역시,서구,,,,,,,,,,,,,,,,,,,,,,,,,,,,,,,,,,,,,,,,,,,,,,,,,2026-05-23 19:35:48,삼육부산병원,N,Y,Y,UNKNOWN,UNKNOWN,UNKNOWN,UNKNOWN,Y,Y,Y,UNKNOWN,N,UNKNOWN,UNKNOWN,UNKNOWN,Y,UNKNOWN,UNKNOWN,UNKNOWN,UNKNOWN,Y,Y,Y,N,N,Y,Y,Y,,,,,부산광역시,서구,,2026-05-23 19:35:48
A1200003,A1200003,동아대학교병원,부산광역시 서구 대신공원로 26 (동대신동3가),부산광역시,서구,G001,권역응급의료센터,051-240-2400,051-240-5300,35.12000583968841,129.01760368790897,동아대학교병원,051-240-5300,Y,Y,,1.0,,3.0,,,,6.0,11.0,Y,Y,Y,Y,Y,Y,Y,15.0,Y,234.0,Y,20260523193210,Y,Y,0.0,17.0,N1,19.0,3.0,,,16.0,,,20.0,30.0,18.0,4.0,5.0,3.0,4.0,76.0,11.0,30.0,16.0,4.0,4.0,,714.0,,4.0,Y,Y,A1200003,3.0,11.0,6.0,18.0,6.0,18.0,,0.0,3.0,,부산광역시,서구,,,,,,,1.0,,,,13.0,,,,,,,,,,2.0,3.0,4.0,8.0,2.0,3.0,,0.0,,11.0,,1.0,,,,,1.0,,,,6.0,7.0,,,,,,,2026-05-23 19:35:48,동아대학교병원,Y,N,Y,UNKNOWN,N,UNKNOWN,Y,Y,Y,Y,UNKNOWN,Y,Y,Y,Y,Y,Y,Y,N,N,Y,N,N,N,N,N,Y,N,,,,,부산광역시,서구,,2026-05-23 19:35:48
A1200002,A1200002,부산대학교병원,부산광역시 서구 구덕로 179 (아미동1가),부산광역시,서구,G006,지역응급의료센터,051-240-7000,051-240-7776,35.10105418267188,129.01922207984205,부산대학교병원,051-240-7776,Y,Y,1.0,,2.0,3.0,1.0,,2.0,0.0,0.0,Y,Y,Y,Y,Y,Y,Y,14.0,Y,476.0,Y,20260523193500,Y,Y,2.0,26.0,N,17.0,3.0,1.0,2.0,12.0,10.0,,20.0,0.0,26.0,12.0,9.0,6.0,10.0,100.0,17.0,17.0,21.0,9.0,21.0,1.0,901.0,2.0,,Y,Y,A1200002,2.0,2.0,14.0,24.0,4.0,19.0,0.0,2.0,10.0,0.0,부산광역시,서구,,,0.0,0.0,24.0,2.0,0.0,2.0,12.0,11.0,0.0,42.0,82.0,2.0,0.0,0.0,2.0,12.0,,,,,,,,,,,,,,,,,,,,,,,,,,,,,,,2026-05-23 19:35:48,부산대학교병원,Y,Y,Y,UNKNOWN,Y,UNKNOWN,Y,Y,Y,Y,UNKNOWN,Y,Y,Y,Y,Y,Y,Y,Y,UNKNOWN,Y,Y,Y,Y,Y,Y,Y,Y,,,,,부산광역시,서구,,2026-05-23 19:35:48
A1200004,A1200004,고신대학교복음병원,부산광역시 서구 감천로 262 (암남동),부산광역시,서구,G006,지역응급의료센터,051-990-6114,051-990-6200,35.08029169184386,129.01572016067405,고신대학교복음병원,051-990-6200,Y,Y,,,1.0,,,5.0,,,,Y,Y,Y,Y,Y,Y,Y,21.0,Y,193.0,Y,20260523193342,Y,Y,16.0,13.0,Y,24.0,,,,,13.0,8.0,18.0,,13.0,7.0,3.0,3.0,5.0,53.0,13.0,19.0,14.0,3.0,1.0,1.0,655.0,,,Y,Y,A1200004,3.0,13.0,,,5.0,14.0,,0.0,1.0,,부산광역시,서구,,,,,,,5.0,,,,15.0,,,,,,,,,,1.0,4.0,2.0,5.0,1.0,4.0,,4.0,,16.0,,,,,,,,,,,,,,,,,,,2026-05-23 19:35:48,고신대학교복음병원,Y,UNKNOWN,UNKNOWN,UNKNOWN,UNKNOWN,UNKNOWN,Y,Y,Y,Y,UNKNOWN,Y,UNKNOWN,UNKNOWN,UNKNOWN,UNKNOWN,UNKNOWN,UNKNOWN,Y,UNKNOWN,Y,Y,Y,Y,Y,Y,Y,Y,,,,,부산광역시,서구,,2026-05-23 19:35:48
A1200089,A1200089,큐병원,부산광역시 사하구 낙동대로 408 (당리동),부산광역시,사하구,G009,응급실운영신고기관,051-207-4343,051-207-4044,35.10658381193713,128.96489218029475,,,,,,,,,,,,,,,,,,,,,,,,,,,,,,,,,,,,,,,,,,,,,,,,,,,,,,,,,,,,,,,,,,,,,,,,,,,,,,,,,,,,,,,,,,,,,,,,,,,,,,,,,,,,,,,,,,,,,,,,,,,,,,,,,,,,,,,,,,,,,,,,,,,,,,,,,,,
A1200101,A1200101,의료법인센텀의료재단 서부산센텀병원,부산광역시 사상구 새벽로 226 (괘법동),부산광역시,사상구,G009,응급실운영신고기관,051-329-3000,051-329-3119,35.1611949258804,128.98454762202408,,,,,,,,,,,,,,,,,,,,,,,,,,,,,,,,,,,,,,,,,,,,,,,,,,,,,,,,,,,,,,,,,,,,,,,,,,,,,,,,,,,,,,,,,,,,,,,,,,,,,,,,,,,,,,,,,,,,,,,,,,,,,,,,,,,,,,,,,,,,,,,,,,,,,,,,,,,
A1200016,A1200016,한국보훈복지의료공단 부산보훈병원,부산광역시 사상구 백양대로 420 (주례동),부산광역시,사상구,G007,지역응급의료기관,051-601-6000,051-601-6183,35.15333436517864,129.00656514354415,한국보훈복지의료공단 부산보훈병원,051-601-6183,,,,,,,1.0,,1.0,,,,Y,Y,Y,Y,N1,Y,10.0,N1,49.0,N1,20260523193338,N1,Y,,7.0,N1,11.0,,1.0,1.0,,,,,,7.0,,2.0,3.0,2.0,11.0,,,,,,,452.0,,,Y,N1,A1200016,1.0,,5.0,9.0,1.0,,,,,,부산광역시,사상구,,,,,,,,,,,,,,,,,,,,,,,,,,,,,,,,,,,,,,,,,,,,,,,,,2026-05-23 19:35:48,한국보훈복지의료공단 부산보훈병원,N,UNKNOWN,Y,UNKNOWN,Y,UNKNOWN,UNKNOWN,UNKNOWN,UNKNOWN,UNKNOWN,UNKNOWN,UNKNOWN,UNKNOWN,UNKNOWN,UNKNOWN,UNKNOWN,UNKNOWN,UNKNOWN,UNKNOWN,UNKNOWN,Y,UNKNOWN,UNKNOWN,UNKNOWN,UNKNOWN,UNKNOWN,UNKNOWN,UNKNOWN,,,,,부산광역시,사상구,,2026-05-23 19:35:48
A1200005,A1200005,의료법인 은성의료재단 좋은삼선병원,"부산광역시 사상구 가야대로 326, 좋은삼선병원 (주례동)",부산광역시,사상구,G006,지역응급의료센터,051-322-0900,051-310-9119,35.1505677387241,129.0081978825217,의료법인 은성의료재단 좋은삼선병원,051-310-9119,,,,,,1.0,1.0,,2.0,,,,Y,Y,Y,Y,Y,Y,5.0,N1,53.0,N1,20260523193502,N1,Y,,7.0,N1,13.0,1.0,1.0,2.0,,,,,,7.0,,2.0,2.0,2.0,11.0,,,1.0,,,,375.0,,,Y,N1,A1200005,0.0,,2.0,19.0,2.0,,,2.0,2.0,,부산광역시,사상구,3.0,3.0,,,,,0.0,,,,5.0,,,,,,,,,,,,,,,,,0.0,,4.0,,,,,,,,,,,,,,,,,,,2026-05-23 19:35:48,의료법인 은성의료재단 좋은삼선병원,Y,UNKNOWN,UNKNOWN,UNKNOWN,UNKNOWN,UNKNOWN,UNKNOWN,UNKNOWN,UNKNOWN,Y,UNKNOWN,Y,UNKNOWN,UNKNOWN,Y,UNKNOWN,UNKNOWN,UNKNOWN,UNKNOWN,UNKNOWN,Y,Y,Y,UNKNOWN,UNKNOWN,Y,UNKNOWN,Y,,,,,부산광역시,사상구,,2026-05-23 19:35:48
A1200110,A1200110,재단법인 베스티안재단 베스티안부산병원,부산광역시 북구 화명대로 1 (화명동),부산광역시,북구,G009,응급실운영신고기관,051-332-7575,051-332-7573,35.235586741528486,129.00862669149657,,,,,,,,,,,,,,,,,,,,,,,,,,,,,,,,,,,,,,,,,,,,,,,,,,,,,,,,,,,,,,,,,,,,,,,,,,,,,,,,,,,,,,,,,,,,,,,,,,,,,,,,,,,,,,,,,,,,,,,,,,,,,,,,,,,,,,,,,,,,,,,,,,,,,,,,,,,
A1200006,A1200006,의료법인 인당의료재단 부민병원,부산광역시 북구 만덕대로 59 (덕천동),부산광역시,북구,G007,지역응급의료기관,051-330-3000,051-330-3129,35.21191431805676,129.0112123286087,의료법인 인당의료재단 부민병원,051-330-3129,,,,,,,1.0,,1.0,,,,Y,Y,Y,Y,Y,Y,9.0,N1,35.0,N1,20260523193103,N1,Y,,8.0,N1,10.0,,1.0,1.0,,,,,,8.0,,2.0,3.0,1.0,7.0,,,1.0,,,,366.0,,,Y,N1,A1200006,0.0,,0.0,18.0,1.0,,,,,,부산광역시,북구,,,,,,,,,,,,,,,,,,,,,,,,,,,,,,,,,,,,,,,,,,,,,,,,,2026-05-23 19:35:48,의료법인 인당의료재단 부민병원,UNKNOWN,UNKNOWN,UNKNOWN,UNKNOWN,UNKNOWN,UNKNOWN,UNKNOWN,UNKNOWN,UNKNOWN,UNKNOWN,UNKNOWN,Y,UNKNOWN,UNKNOWN,Y,Y,UNKNOWN,UNKNOWN,UNKNOWN,UNKNOWN,Y,Y,Y,UNKNOWN,UNKNOWN,Y,Y,Y,,,,,부산광역시,북구,,2026-05-23 19:35:48
A1200045,A1200045,구포성심병원,부산광역시 북구 낙동대로 1786 (구포동),부산광역시,북구,G007,지역응급의료기관,051-330-2001,051-330-2090,35.20971002878793,129.0047510374652,구포성심병원,051-330-2090,,,,,,,,,1.0,,,,Y,Y,Y,Y,N1,Y,5.0,N1,51.0,N1,20260523193212,N1,Y,,4.0,N1,9.0,,,1.0,,,,,,4.0,,1.0,1.0,1.0,4.0,,,,,,,243.0,,,Y,N1,A1200045,,,,,,,,,,,부산광역시,북구,,,,,,,,,,,,,,,,,,,,,,,,,,,,,,,,,,,,,,,,,,,,,,,,,2026-05-23 19:35:48,구포성심병원,N,UNKNOWN,UNKNOWN,UNKNOWN,UNKNOWN,UNKNOWN,UNKNOWN,UNKNOWN,UNKNOWN,UNKNOWN,UNKNOWN,UNKNOWN,UNKNOWN,UNKNOWN,Y,UNKNOWN,UNKNOWN,UNKNOWN,UNKNOWN,UNKNOWN,Y,UNKNOWN,Y,UNKNOWN,UNKNOWN,Y,UNKNOWN,Y,,,,,부산광역시,북구,,2026-05-23 19:35:48
A1200025,A1200025,학교법인 춘해병원,"부산광역시 부산진구 중앙대로 605, 지상1층~지상9층 (범천동)",부산광역시,부산진구,G007,지역응급의료기관,051-638-8000,051-608-0119,35.147036979509224,129.05854773411613,학교법인 춘해병원,051-608-0119,,,,,,,,,1.0,,,,Y,,Y,N1,N1,Y,9.0,N1,96.0,N1,20260523193250,N1,Y,,4.0,N1,9.0,,,1.0,,,,,,4.0,,1.0,1.0,,3.0,,,,,,,201.0,,,Y,N1,A1200025,,,,,,,,,,,부산광역시,부산진구,,,,,,,,,,,,,,,,,,,,,,,,,,,,,,,,,,,,,,,,,,,,,,,,,2026-05-23 19:35:48,학교법인 춘해병원,UNKNOWN,UNKNOWN,UNKNOWN,UNKNOWN,UNKNOWN,UNKNOWN,UNKNOWN,UNKNOWN,UNKNOWN,UNKNOWN,UNKNOWN,UNKNOWN,Y,UNKNOWN,UNKNOWN,UNKNOWN,UNKNOWN,UNKNOWN,UNKNOWN,UNKNOWN,Y,UNKNOWN,UNKNOWN,UNKNOWN,UNKNOWN,UNKNOWN,UNKNOWN,UNKNOWN,,,,,부산광역시,부산진구,,2026-05-23 19:35:48
A1200019,A1200019,학교법인)동의병원,"부산광역시 부산진구 양정로 62, 지상2ㆍ3ㆍ10층 각 일부/ 지하1ㆍ지상1ㆍ지상4~지상8층 전층 (양정동)",부산광역시,부산진구,G007,지역응급의료기관,051-867-5101,051-850-8777,35.169922174960384,129.0767443760438,학교법인)동의병원,051-850-8777,,,,,,,,,1.0,,,,Y,Y,Y,Y,Y,Y,13.0,Y,121.0,N1,20260523193500,N1,Y,,1.0,N1,14.0,,,1.0,,,,,,5.0,,2.0,2.0,2.0,7.0,,,2.0,1.0,,,448.0,,,Y,N1,A1200019,,,18.0,23.0,,,,,,,부산광역시,부산진구,,,,,,,,,,,,,,,,,,,,,,,,,,,,,,,,,,,,,,,,,,,,,,,,,2026-05-23 19:35:48,학교법인)동의병원,Y,UNKNOWN,Y,UNKNOWN,UNKNOWN,UNKNOWN,UNKNOWN,UNKNOWN,UNKNOWN,UNKNOWN,UNKNOWN,Y,UNKNOWN,UNKNOWN,Y,UNKNOWN,UNKNOWN,UNKNOWN,UNKNOWN,UNKNOWN,Y,Y,Y,UNKNOWN,UNKNOWN,Y,UNKNOWN,Y,,,,,부산광역시,부산진구,,2026-05-23 19:35:48
A1200001,A1200001,인제대학교부산백병원,"부산광역시 부산진구 복지로 75, 진사로83번길 81, 1층(일부), 3층 (개금동)",부산광역시,부산진구,G006,지역응급의료센터,051-890-6114,051-890-5995,35.146454469689104,129.02057150748325,인제대학교부산백병원,051-890-5995,Y,Y,,,3.0,,0.0,1.0,2.0,,,Y,Y,Y,Y,Y,Y,Y,28.0,Y,222.0,Y,20260523193112,Y,Y,2.0,17.0,Y,32.0,,1.0,2.0,,19.0,18.0,35.0,,17.0,4.0,5.0,3.0,6.0,68.0,19.0,38.0,17.0,4.0,7.0,2.0,691.0,,,Y,Y,A1200001,0.0,8.0,4.0,4.0,1.0,20.0,,2.0,8.0,,부산광역시,부산진구,,,,,,,0.0,,,,12.0,,,,,,,,,,,,,,,,,2.0,,6.0,,,,,,,,,,,,,,,,,,,2026-05-23 19:35:48,인제대학교부산백병원,Y,Y,Y,Y,UNKNOWN,UNKNOWN,Y,Y,Y,Y,UNKNOWN,Y,UNKNOWN,UNKNOWN,UNKNOWN,Y,UNKNOWN,Y,Y,UNKNOWN,Y,Y,Y,Y,Y,Y,Y,Y,,,,,부산광역시,부산진구,,2026-05-23 19:35:48
A1200020,A1200020,의료법인 온그룹의료재단 온병원,"부산광역시 부산진구 가야대로 719, ,767,721,본관 지하3~11층 전부,12층 일부,13~14층 전부,15층 일부,신관 1층, 9층 일부 (당감동)",부산광역시,부산진구,G006,지역응급의료센터,051-607-0114,051-607-0139,35.15787735996765,129.04998435792845,의료법인 온그룹의료재단 온병원,051-607-0139,,,,,,,1.0,,2.0,,,,Y,Y,Y,Y,Y,Y,9.0,N1,161.0,N1,20260523193037,N1,Y,,9.0,Y,20.0,,1.0,2.0,,,,,,9.0,,4.0,2.0,2.0,7.0,,,1.0,,,1.0,584.0,,,Y,N1,A1200020,0.0,1.0,11.0,23.0,1.0,1.0,,4.0,6.0,,부산광역시,부산진구,,,,,,,,,,,,,,,,,,,,,,,,,,,,,,,,,,,,,,,,,,,,,,,,,2026-05-23 19:35:48,의료법인 온그룹의료재단 온병원,Y,UNKNOWN,UNKNOWN,UNKNOWN,UNKNOWN,UNKNOWN,UNKNOWN,UNKNOWN,UNKNOWN,UNKNOWN,UNKNOWN,Y,UNKNOWN,UNKNOWN,UNKNOWN,UNKNOWN,UNKNOWN,UNKNOWN,UNKNOWN,UNKNOWN,Y,Y,Y,UNKNOWN,UNKNOWN,Y,Y,Y,,,,,부산광역시,부산진구,,2026-05-23 19:35:48
A1200009,A1200009,의료법인 광혜의료재단 광혜병원,"부산광역시 동래구 충렬대로 96 (온천동, 광혜병원)",부산광역시,동래구,G007,지역응급의료기관,051-503-2111,051-504-2119,35.207033333333335,129.07113611111112,의료법인 광혜의료재단 광혜병원,051-504-2119,,,,,,,2.0,,1.0,,,,Y,,Y,N1,N1,Y,4.0,N1,66.0,N1,20260523193425,N1,Y,,3.0,N1,9.0,,2.0,1.0,,,,,,3.0,,1.0,1.0,,4.0,,,,,,,190.0,,,Y,N1,A1200009,,,4.0,9.0,,,,1.0,1.0,,부산광역시,동래구,,,,,,,,,,,,,,,,,,,,,,,,,,,,,,,,,,,,,,,,,,,,,,,,,2026-05-23 19:35:48,의료법인 광혜의료재단 광혜병원,UNKNOWN,UNKNOWN,UNKNOWN,UNKNOWN,UNKNOWN,UNKNOWN,UNKNOWN,UNKNOWN,UNKNOWN,UNKNOWN,UNKNOWN,UNKNOWN,UNKNOWN,UNKNOWN,UNKNOWN,UNKNOWN,UNKNOWN,UNKNOWN,UNKNOWN,UNKNOWN,Y,UNKNOWN,UNKNOWN,UNKNOWN,UNKNOWN,Y,UNKNOWN,UNKNOWN,,,,,부산광역시,동래구,,2026-05-23 19:35:48
A1206845,A1206845,빌리브세웅병원,부산광역시 동래구 충렬대로 455 (안락동),부산광역시,동래구,G009,응급실운영신고기관,051-500-1100,051-500-1119,35.195932829913,129.108211921917,,,,,,,,,,,,,,,,,,,,,,,,,,,,,,,,,,,,,,,,,,,,,,,,,,,,,,,,,,,,,,,,,,,,,,,,,,,,,,,,,,,,,,,,,,,,,,,,,,,,,,,,,,,,,,,,,,,,,,,,,,,,,,,,,,,,,,,,,,,,,,,,,,,,,,,,,,,
A1200018,A1200018,대동병원,부산광역시 동래구 충렬대로 187 (명륜동),부산광역시,동래구,G006,지역응급의료센터,051-554-1233,051-550-9391,35.204273174435535,129.08021549527504,대동병원,051-550-9391,,,,,,2.0,1.0,,2.0,,,,Y,Y,Y,Y,Y,Y,11.0,N1,88.0,N1,20260523193403,N1,Y,,6.0,N1,15.0,3.0,1.0,2.0,,,,,,6.0,,2.0,1.0,1.0,10.0,,,1.0,,,,401.0,,,Y,N1,A1200018,1.0,,5.0,21.0,1.0,,,0.0,1.0,,부산광역시,동래구,,,,,,,,,,,,,,,,,,,,,,,,,,,,,,,,,,,,,,,,,,,,,,,,,2026-05-23 19:35:48,대동병원,Y,UNKNOWN,UNKNOWN,UNKNOWN,UNKNOWN,UNKNOWN,UNKNOWN,UNKNOWN,UNKNOWN,Y,UNKNOWN,Y,UNKNOWN,UNKNOWN,UNKNOWN,UNKNOWN,UNKNOWN,UNKNOWN,UNKNOWN,UNKNOWN,Y,Y,Y,UNKNOWN,UNKNOWN,Y,Y,Y,,,,,부산광역시,동래구,,2026-05-23 19:35:48
A1200011,A1200011,동래봉생병원,부산광역시 동래구 안연로109번길 27 (안락동),부산광역시,동래구,G007,지역응급의료기관,051-520-5500,051-520-5700,35.19694647632553,129.0961666077834,동래봉생병원,051-520-5700,,,,,,,1.0,,1.0,,,,Y,Y,Y,Y,Y,Y,3.0,N1,99.0,N1,20260523193358,N1,Y,,7.0,N1,8.0,,1.0,1.0,,,,,,7.0,,1.0,2.0,2.0,11.0,,,1.0,,,,241.0,,,Y,N1,A1200011,2.0,,7.0,18.0,2.0,,,,,,부산광역시,동래구,,,,,,,,,,,,,,,,,,,,,,,,,,,,,,,,,,,,,,,,,,,,,,,,,2026-05-23 19:35:48,동래봉생병원,Y,UNKNOWN,UNKNOWN,UNKNOWN,UNKNOWN,UNKNOWN,UNKNOWN,UNKNOWN,UNKNOWN,UNKNOWN,UNKNOWN,Y,UNKNOWN,UNKNOWN,Y,UNKNOWN,UNKNOWN,UNKNOWN,UNKNOWN,UNKNOWN,Y,Y,Y,UNKNOWN,UNKNOWN,UNKNOWN,UNKNOWN,Y,,,,,부산광역시,동래구,,2026-05-23 19:35:48
A1200017,A1200017,의료법인정화의료재단 봉생기념병원,"부산광역시 동구 중앙대로 401 (좌천동, 봉생병원)",부산광역시,동구,G007,지역응급의료기관,051-664-4000,051-664-4119,35.13085783627095,129.0505708823645,의료법인정화의료재단 봉생기념병원,051-664-4119,,,,,6.0,,,5.0,1.0,,,,Y,Y,Y,Y,Y,Y,9.0,N1,84.0,N1,20260523192841,N1,Y,,8.0,N1,9.0,,,2.0,,11.0,11.0,,,8.0,,1.0,2.0,2.0,11.0,,,4.0,,,,335.0,,,Y,N1,A1200017,,14.0,,,,31.0,,1.0,1.0,,부산광역시,동구,,,,,,,,,,,,,,,,,,,,,,,,,,,,,,,,,,,,,,,,,,,,,,,,,2026-05-23 19:35:48,의료법인정화의료재단 봉생기념병원,Y,UNKNOWN,Y,UNKNOWN,UNKNOWN,UNKNOWN,UNKNOWN,UNKNOWN,UNKNOWN,UNKNOWN,UNKNOWN,Y,UNKNOWN,UNKNOWN,Y,Y,UNKNOWN,UNKNOWN,Y,UNKNOWN,Y,Y,Y,UNKNOWN,UNKNOWN,N,N,Y,,,,,부산광역시,동구,,2026-05-23 19:35:48
A1200111,A1200111,세일병원,"부산광역시 동구 중앙대로 317 (초량동, 세일병원)",부산광역시,동구,G009,응급실운영신고기관,051-464-8110,051-460-5277,35.12484866424028,129.0445941872797,,,,,,,,,,,,,,,,,,,,,,,,,,,,,,,,,,,,,,,,,,,,,,,,,,,,,,,,,,,,,,,,,,,,,,,,,,,,,,,,,,,,,,,,,,,,,,,,,,,,,,,,,,,,,,,,,,,,,,,,,,,,,,,,,,,,,,,,,,,,,,,,,,,,,,,,,,,
A1200027,A1200027,재단법인일신기독교선교회 일신기독병원,부산광역시 동구 정공단로 27 (좌천동),부산광역시,동구,G009,응급실운영신고기관,051-630-0300,051-630-0415,35.13550455261155,129.0545970475024,,,,,,,,,,,,,,,,,,,,,,,,,,,,,,,,,,,,,,,,,,,,,,,,,,,,,,,,,,,,,,,,,,,,,,,,,,,,,,,,,,,,,,,,,,,,,,,,,,,,,,,,,,,,,,,,,,,,,,,,,,,,,,,,,,,,,,,,,,,,,,,,,,,,,,,,,,,
A1200026,A1200026,좋은문화병원,부산광역시 동구 범일로 119 (범일동),부산광역시,동구,G007,지역응급의료기관,051-644-2002,051-630-0909,35.1407239889452,129.05906375734872,좋은문화병원,051-630-0909,Y,Y,,,,2.0,1.0,,2.0,,,Y,Y,,Y,N1,N1,Y,2.0,N1,54.0,N1,20260523193409,Y,Y,4.0,0.0,Y,7.0,2.0,1.0,2.0,,,,12.0,,8.0,8.0,2.0,2.0,,3.0,6.0,17.0,,,,1.0,270.0,,,Y,Y,A1200026,,,2.0,8.0,,,,2.0,2.0,,부산광역시,동구,,,,,,,,,,,,,,,,,,,,,,,,,,,,,,,,,,,,,,,,,,,,,,,,,2026-05-23 19:35:48,좋은문화병원,UNKNOWN,Y,UNKNOWN,UNKNOWN,UNKNOWN,UNKNOWN,Y,Y,Y,Y,UNKNOWN,UNKNOWN,UNKNOWN,UNKNOWN,UNKNOWN,UNKNOWN,UNKNOWN,UNKNOWN,UNKNOWN,UNKNOWN,Y,UNKNOWN,UNKNOWN,UNKNOWN,UNKNOWN,Y,UNKNOWN,Y,,,,,부산광역시,동구,,2026-05-23 19:35:48
A1200013,A1200013,부산성모병원(재단법인 천주교부산교구유지재단),부산광역시 남구 용호로232번길 25-14 (용호동),부산광역시,남구,G007,지역응급의료기관,051-933-7114,051-933-7119,35.110457328247016,129.10919202844133,부산성모병원(재단법인 천주교부산교구유지재단),051-933-7119,Y,Y,,,,4.0,1.0,,,,,,Y,,Y,N1,Y,Y,2.0,N1,81.0,N1,20260523193309,Y,Y,3.0,7.0,N1,10.0,4.0,1.0,,,,,10.0,,7.0,,1.0,1.0,,6.0,14.0,13.0,1.0,,,,373.0,,,Y,Y,A1200013,2.0,,7.0,18.0,2.0,,,1.0,2.0,,부산광역시,남구,4.0,4.0,,,,,,,,,,,,,,,,,,,,,,,,,,,,,,,,,,,,,,,,,,,,,,,2026-05-23 19:35:48,부산성모병원(재단법인 천주교부산교구유지재단),Y,UNKNOWN,UNKNOWN,UNKNOWN,UNKNOWN,UNKNOWN,Y,UNKNOWN,UNKNOWN,UNKNOWN,UNKNOWN,UNKNOWN,UNKNOWN,UNKNOWN,Y,UNKNOWN,UNKNOWN,UNKNOWN,UNKNOWN,UNKNOWN,Y,UNKNOWN,Y,UNKNOWN,UNKNOWN,UNKNOWN,Y,UNKNOWN,,,,,부산광역시,남구,,2026-05-23 19:35:48
A1200015,A1200015,동남권원자력의학원원자력병원,부산광역시 기장군 장안읍 좌동길 40,부산광역시,기장군,G007,지역응급의료기관,051-720-5114,051-720-5911,35.321418988977406,129.24364922146094,동남권원자력의학원원자력병원,051-720-5911,,,,,,,1.0,,,,,,Y,Y,Y,Y,Y,Y,6.0,Y,120.0,N1,20260523193404,N1,Y,,8.0,N1,9.0,,1.0,,,,,,,8.0,,2.0,2.0,2.0,13.0,,,1.0,1.0,,,261.0,,,Y,N1,A1200015,,,10.0,12.0,,,,,,,부산광역시,기장군,,,,,,,,,,,,,,,,,,,,,,,,,,,,,,,,,,,,,,,,,,,,,,,,,2026-05-23 19:35:48,동남권원자력의학원원자력병원,UNKNOWN,UNKNOWN,UNKNOWN,UNKNOWN,UNKNOWN,UNKNOWN,UNKNOWN,UNKNOWN,UNKNOWN,UNKNOWN,UNKNOWN,UNKNOWN,UNKNOWN,UNKNOWN,UNKNOWN,UNKNOWN,UNKNOWN,UNKNOWN,UNKNOWN,UNKNOWN,Y,N,N,UNKNOWN,UNKNOWN,UNKNOWN,UNKNOWN,Y,,,,,부산광역시,기장군,,2026-05-23 19:35:48
A1200028,A1200028,(의)서일의료재단기장병원,부산광역시 기장군 기장읍 대청로72번길 6,부산광역시,기장군,G007,지역응급의료기관,051-723-0171,051-723-2119,35.23602946449906,129.21649161387128,(의)서일의료재단기장병원,051-723-2119,,,,,,,,,1.0,,,,Y,,Y,N1,N1,Y,4.0,N1,25.0,N1,20260523193506,N1,Y,,3.0,N1,9.0,,,1.0,,,,,,3.0,,1.0,1.0,,1.0,,,,,,,154.0,,,Y,N1,A1200028,,,,,,,,,,,부산광역시,기장군,,,,,,,,,,,,,,,,,,,,,,,,,,,,,,,,,,,,,,,,,,,,,,,,,2026-05-23 19:35:48,(의)서일의료재단기장병원,UNKNOWN,UNKNOWN,UNKNOWN,UNKNOWN,UNKNOWN,UNKNOWN,UNKNOWN,UNKNOWN,UNKNOWN,UNKNOWN,UNKNOWN,UNKNOWN,UNKNOWN,UNKNOWN,UNKNOWN,UNKNOWN,UNKNOWN,UNKNOWN,UNKNOWN,UNKNOWN,Y,UNKNOWN,UNKNOWN,UNKNOWN,UNKNOWN,UNKNOWN,UNKNOWN,UNKNOWN,,,,,부산광역시,기장군,,2026-05-23 19:35:48
A1200081,A1200081,의료법인 라움의료재단 세웅병원,부산광역시 금정구 서동로 162 (서동),부산광역시,금정구,G009,응급실운영신고기관,051-500-9700,051-500-9671,35.214424760113644,129.10408278932294,,,,,,,,,,,,,,,,,,,,,,,,,,,,,,,,,,,,,,,,,,,,,,,,,,,,,,,,,,,,,,,,,,,,,,,,,,,,,,,,,,,,,,,,,,,,,,,,,,,,,,,,,,,,,,,,,,,,,,,,,,,,,,,,,,,,,,,,,,,,,,,,,,,,,,,,,,,
A1200139,A1200139,의료법인 갑을의료재단 갑을녹산병원,부산광역시 강서구 녹산산단321로 24-8 (송정동),부산광역시,강서구,G009,응급실운영신고기관,051-974-8300,051-974-8414,35.090573808412124,128.85332092602837,,,,,,,,,,,,,,,,,,,,,,,,,,,,,,,,,,,,,,,,,,,,,,,,,,,,,,,,,,,,,,,,,,,,,,,,,,,,,,,,,,,,,,,,,,,,,,,,,,,,,,,,,,,,,,,,,,,,,,,,,,,,,,,,,,,,,,,,,,,,,,,,,,,,,,,,,,,
A1300063,A1300063,MS재건병원,"대구광역시 중구 동덕로 194 (동인동1가, 동화빌딩)",대구광역시,중구,G009,응급실운영신고기관,053-653-0119,053-653-0119,35.8718797254,128.6048934753,,,,,,,,,,,,,,,,,,,,,,,,,,,,,,,,,,,,,,,,,,,,,,,,,,,,,,,,,,,,,,,,,,,,,,,,,,,,,,,,,,,,,,,,,,,,,,,,,,,,,,,,,,,,,,,,,,,,,,,,,,,,,,,,,,,,,,,,,,,,,,,,,,,,,,,,,,,
A1300002,A1300002,경북대학교병원,"대구광역시 중구 동덕로 130 (삼덕동2가, 경북대학교병원)",대구광역시,중구,G001,권역응급의료센터,053-200-5114,053-200-5100,35.866235497221616,128.60431466100363,경북대학교병원,053-200-5100,Y,Y,,,2.0,4.0,,6.0,,9.0,32.0,Y,Y,Y,Y,Y,Y,Y,18.0,Y,229.0,Y,20260523193205,Y,Y,-7.0,17.0,N1,25.0,4.0,,,20.0,7.0,7.0,15.0,44.0,17.0,2.0,5.0,5.0,5.0,82.0,8.0,11.0,11.0,9.0,5.0,,582.0,,,Y,Y,A1300002,,7.0,,,,20.0,,2.0,5.0,,대구광역시,중구,,,,,14.0,2.0,3.0,2.0,3.0,1.0,7.0,20.0,40.0,2.0,,,2.0,6.0,,,2.0,3.0,2.0,6.0,2.0,3.0,,1.0,,10.0,,,,,,,,,,,6.0,11.0,,,,,,,2026-05-23 19:35:48,경북대학교병원,Y,N,Y,UNKNOWN,Y,UNKNOWN,Y,UNKNOWN,UNKNOWN,UNKNOWN,UNKNOWN,Y,UNKNOWN,UNKNOWN,Y,Y,Y,Y,Y,Y,Y,N,N,Y,Y,Y,Y,N,,,,,대구광역시,중구,,2026-05-23 19:35:48
A1303386,A1303386,계명대학교대구동산병원,"대구광역시 중구 달성로 56, 계명대학교대구동산병원 (동산동)",대구광역시,중구,G007,지역응급의료기관,053-250-8114,053-250-8481,35.869459650891685,128.5829311080459,계명대학교대구동산병원,053-250-8481,,,,,,,1.0,,1.0,,,N,Y,Y,Y,Y,Y,Y,11.0,N1,53.0,N,20260523193522,N1,Y,,3.0,N1,12.0,,1.0,1.0,,,,,,3.0,0.0,2.0,1.0,1.0,6.0,,,6.0,,0.0,,196.0,,,Y,N1,A1303386,0.0,,3.0,7.0,5.0,,,,,,대구광역시,중구,,,,,,,,,,,,,,,,,,,,,,,,,,,,,,,,,,,,,,,,,,,,,,,,,2026-05-23 19:35:48,계명대학교대구동산병원,UNKNOWN,UNKNOWN,Y,UNKNOWN,UNKNOWN,UNKNOWN,UNKNOWN,UNKNOWN,UNKNOWN,UNKNOWN,UNKNOWN,UNKNOWN,UNKNOWN,UNKNOWN,UNKNOWN,UNKNOWN,UNKNOWN,Y,UNKNOWN,UNKNOWN,Y,UNKNOWN,UNKNOWN,UNKNOWN,UNKNOWN,Y,UNKNOWN,Y,,,,,대구광역시,중구,,2026-05-23 19:35:48
A1300008,A1300008,곽병원,대구광역시 중구 국채보상로 531 (수동),대구광역시,중구,G007,지역응급의료기관,053-252-2401,053-605-3333,35.870693147975665,128.58872807724623,곽병원,053-605-3333,,,,,,,,,2.0,,,,Y,,Y,N1,N1,Y,8.0,N1,49.0,N1,20260523193440,N1,Y,,4.0,N1,10.0,,,2.0,,,,,,4.0,,1.0,1.0,,2.0,,,,,,,221.0,,,Y,N1,A1300008,,,,,,,,,,,대구광역시,중구,,,,,,,,,,,,,,,,,,,,,,,,,,,,,,,,,,,,,,,,,,,,,,,,,2026-05-23 19:35:48,곽병원,UNKNOWN,UNKNOWN,Y,UNKNOWN,UNKNOWN,UNKNOWN,UNKNOWN,UNKNOWN,UNKNOWN,UNKNOWN,UNKNOWN,UNKNOWN,UNKNOWN,UNKNOWN,UNKNOWN,UNKNOWN,UNKNOWN,UNKNOWN,UNKNOWN,UNKNOWN,Y,UNKNOWN,UNKNOWN,UNKNOWN,UNKNOWN,Y,Y,Y,,,,,대구광역시,중구,,2026-05-23 19:35:48
A1300081,A1300081,(재)미리내천주성삼성직수도회천주성삼병원,"대구광역시 수성구 달구벌대로 3190 (신매동, 천주성삼병원)",대구광역시,수성구,G007,지역응급의료기관,053-790-1000,053-790-0555,35.84022544517349,128.70573339664242,(재)미리내천주성삼성직수도회천주성삼병원,053-790-0555,,,,,,,,,1.0,,,,Y,,Y,N1,N1,Y,5.0,N1,24.0,N1,20260523193501,N1,Y,,4.0,N1,9.0,,,1.0,,,,,,4.0,,1.0,2.0,,4.0,,,,,,,294.0,,,Y,N1,A1300081,,,,,,,,,,,대구광역시,수성구,,,,,,,,,,,,,,,,,,,,,,,,,,,,,,,,,,,,,,,,,,,,,,,,,2026-05-23 19:35:48,(재)미리내천주성삼성직수도회천주성삼병원,UNKNOWN,UNKNOWN,UNKNOWN,UNKNOWN,UNKNOWN,UNKNOWN,UNKNOWN,UNKNOWN,UNKNOWN,UNKNOWN,UNKNOWN,UNKNOWN,UNKNOWN,UNKNOWN,UNKNOWN,UNKNOWN,UNKNOWN,UNKNOWN,UNKNOWN,UNKNOWN,Y,UNKNOWN,UNKNOWN,UNKNOWN,UNKNOWN,UNKNOWN,UNKNOWN,UNKNOWN,,,,,대구광역시,수성구,,2026-05-23 19:35:48
A1300007,A1300007,대구의료원,대구광역시 서구 평리로 157 (중리동),대구광역시,서구,G007,지역응급의료기관,053-560-7575,053-560-7288,35.859623434747526,128.5405609266984,대구의료원,053-560-7288,,Y,,,,,1.0,,1.0,,,Y,Y,,Y,N1,N1,Y,18.0,N1,39.0,N1,20260523193502,Y,Y,,4.0,N1,18.0,,1.0,1.0,,,,,,4.0,1.0,1.0,1.0,,13.0,,4.0,,,,,254.0,,,Y,N1,A1300007,1.0,0.0,7.0,18.0,1.0,82.0,,2.0,3.0,,대구광역시,서구,,,,,,,,,,,,,,,,,,,,,,,,,,,,,,,,,,,,,,,,,,,,,,,,,2026-05-23 19:35:48,대구의료원,UNKNOWN,UNKNOWN,UNKNOWN,UNKNOWN,UNKNOWN,UNKNOWN,UNKNOWN,UNKNOWN,UNKNOWN,UNKNOWN,UNKNOWN,UNKNOWN,UNKNOWN,UNKNOWN,UNKNOWN,UNKNOWN,UNKNOWN,UNKNOWN,UNKNOWN,UNKNOWN,Y,UNKNOWN,UNKNOWN,UNKNOWN,UNKNOWN,UNKNOWN,UNKNOWN,UNKNOWN,,,,,대구광역시,서구,,2026-05-23 19:35:48
A1303923,A1303923,더필병원,대구광역시 서구 서대구로 194 (평리동),대구광역시,서구,G009,응급실운영신고기관,053-241-3000,053-241-4119,35.8753003752946,128.555296900418,,,,,,,,,,,,,,,,,,,,,,,,,,,,,,,,,,,,,,,,,,,,,,,,,,,,,,,,,,,,,,,,,,,,,,,,,,,,,,,,,,,,,,,,,,,,,,,,,,,,,,,,,,,,,,,,,,,,,,,,,,,,,,,,,,,,,,,,,,,,,,,,,,,,,,,,,,,
A1300076,A1300076,대구굿모닝병원,"대구광역시 서구 달서로 42, 대구 굿모닝병원 지하2층~11층 (내당동)",대구광역시,서구,G007,지역응급의료기관,053-620-9100,053-620-9119,35.852967092432145,128.574066676267,대구굿모닝병원,053-620-9119,,,,,,,1.0,,1.0,,,,Y,Y,Y,Y,N1,Y,9.0,N1,67.0,N1,20260523193455,N1,Y,,4.0,N1,17.0,,1.0,1.0,,,,,,4.0,,2.0,4.0,2.0,13.0,,,,,,,226.0,,,Y,N1,A1300076,1.0,,3.0,26.0,1.0,,,,,,대구광역시,서구,,,,,,,,,,,,,,,,,,,,,,,,,,,,,,,,,,,,,,,,,,,,,,,,,2026-05-23 19:35:48,대구굿모닝병원,UNKNOWN,UNKNOWN,UNKNOWN,UNKNOWN,UNKNOWN,UNKNOWN,UNKNOWN,UNKNOWN,UNKNOWN,UNKNOWN,UNKNOWN,Y,UNKNOWN,UNKNOWN,UNKNOWN,UNKNOWN,UNKNOWN,UNKNOWN,UNKNOWN,UNKNOWN,Y,Y,Y,UNKNOWN,UNKNOWN,UNKNOWN,UNKNOWN,UNKNOWN,,,,,대구광역시,서구,,2026-05-23 19:35:48
A1300010,A1300010,칠곡경북대학교병원,"대구광역시 북구 호국로 807, 칠곡경북대학교병원(임상실습동 1~11층 포함) (학정동)",대구광역시,북구,G006,지역응급의료센터,053-200-2000,053-200-2100,35.9560830613237,128.564408469835,칠곡경북대학교병원,053-200-2100,Y,Y,,,7.0,-1.0,1.0,9.0,2.0,,0.0,Y,Y,Y,Y,Y,Y,Y,13.0,Y,301.0,Y,20260523193306,Y,Y,20.0,19.0,N1,23.0,7.0,1.0,3.0,,10.0,14.0,39.0,0.0,19.0,2.0,8.0,5.0,8.0,52.0,9.0,27.0,9.0,3.0,1.0,,762.0,,,Y,Y,A1300010,2.0,12.0,,,2.0,20.0,,13.0,13.0,,대구광역시,북구,,,,,,,,,,,,,,,,,,,,,,,,,,,4.0,,10.0,,1.0,,,,,1.0,,,,,,,1.0,1.0,6.0,2.0,8.0,1.0,2026-05-23 19:35:48,칠곡경북대학교병원,N,UNKNOWN,N,Y,UNKNOWN,UNKNOWN,Y,Y,Y,UNKNOWN,UNKNOWN,N,UNKNOWN,UNKNOWN,Y,Y,UNKNOWN,UNKNOWN,UNKNOWN,UNKNOWN,Y,UNKNOWN,UNKNOWN,UNKNOWN,UNKNOWN,UNKNOWN,UNKNOWN,UNKNOWN,,,,,대구광역시,북구,,2026-05-23 19:35:48
A1300005,A1300005,대구가톨릭대학교칠곡가톨릭병원,대구광역시 북구 칠곡중앙대로 440 (읍내동),대구광역시,북구,G007,지역응급의료기관,053-320-2500,053-320-2111,35.934879518784534,128.54925198548904,대구가톨릭대학교칠곡가톨릭병원,053-320-2111,,,,,,,,,1.0,,,,Y,,Y,N1,N1,Y,3.0,N1,63.0,N1,20260523193513,N1,Y,,3.0,N1,9.0,,,1.0,,,,,,3.0,,2.0,2.0,,1.0,,,,,,,161.0,,,Y,N1,A1300005,,,,,,,,,,,대구광역시,북구,,,,,,,,,,,,,,,,,,,,,,,,,,,,,,,,,,,,,,,,,,,,,,,,,2026-05-23 19:35:48,대구가톨릭대학교칠곡가톨릭병원,UNKNOWN,UNKNOWN,UNKNOWN,UNKNOWN,UNKNOWN,UNKNOWN,UNKNOWN,UNKNOWN,UNKNOWN,UNKNOWN,UNKNOWN,UNKNOWN,UNKNOWN,UNKNOWN,UNKNOWN,UNKNOWN,UNKNOWN,UNKNOWN,UNKNOWN,UNKNOWN,Y,UNKNOWN,UNKNOWN,UNKNOWN,UNKNOWN,UNKNOWN,UNKNOWN,UNKNOWN,,,,,대구광역시,북구,,2026-05-23 19:35:48
A1300009,A1300009,대구파티마병원,대구광역시 동구 아양로 99 (신암동),대구광역시,동구,G006,지역응급의료센터,053-1688-7770,053-940-7119,35.88393360650045,128.62383509209542,대구파티마병원,053-940-7119,Y,Y,,,6.0,1.0,2.0,2.0,4.0,,,Y,Y,Y,Y,Y,Y,Y,5.0,Y,215.0,Y,20260523193500,Y,Y,2.0,7.0,N1,25.0,5.0,2.0,5.0,,17.0,10.0,10.0,,8.0,2.0,4.0,3.0,4.0,33.0,11.0,18.0,5.0,1.0,1.0,,502.0,,,Y,Y,A1300009,3.0,,,,7.0,,,,,,대구광역시,동구,,,,,,,2.0,,,,12.0,,,,,,,,,,,,,,,,,,,,,,,,,,,,,,,,,,,,,,2026-05-23 19:35:48,대구파티마병원,Y,Y,UNKNOWN,UNKNOWN,UNKNOWN,UNKNOWN,Y,N,N,N,UNKNOWN,Y,UNKNOWN,UNKNOWN,UNKNOWN,UNKNOWN,UNKNOWN,Y,UNKNOWN,UNKNOWN,Y,Y,Y,UNKNOWN,UNKNOWN,Y,UNKNOWN,Y,,,,,대구광역시,동구,,2026-05-23 19:35:48
A1300018,A1300018,강남종합병원,"대구광역시 동구 동촌로 207, 강남병원 (방촌동)",대구광역시,동구,G007,지역응급의료기관,053-980-9000,053-980-9018,35.88300855242191,128.66345602650745,강남종합병원,053-980-9018,,,,,,,1.0,,,,,,Y,,Y,N1,N1,Y,11.0,N1,59.0,N1,20260523193429,N1,Y,,7.0,N1,15.0,,1.0,,,,,,,7.0,,2.0,2.0,,2.0,,,,,,,207.0,,,Y,N1,A1300018,,,,,,,,1.0,1.0,,대구광역시,동구,,,,,,,,,,,,,,,,,,,,,,,,,,,,,,,,,,,,,,,,,,,,,,,,,2026-05-23 19:35:48,강남종합병원,UNKNOWN,UNKNOWN,UNKNOWN,UNKNOWN,UNKNOWN,UNKNOWN,UNKNOWN,UNKNOWN,UNKNOWN,UNKNOWN,UNKNOWN,UNKNOWN,UNKNOWN,UNKNOWN,UNKNOWN,UNKNOWN,UNKNOWN,UNKNOWN,UNKNOWN,UNKNOWN,Y,UNKNOWN,UNKNOWN,UNKNOWN,UNKNOWN,UNKNOWN,UNKNOWN,UNKNOWN,,,,,대구광역시,동구,,2026-05-23 19:35:48
A1300033,A1300033,의료법인백천의료재단바로본병원,대구광역시 동구 국채보상로 769 (신천동),대구광역시,동구,G009,응급실운영신고기관,1644-8575,053-721-8549,35.86845464452633,128.61518371219722,,,,,,,,,,,,,,,,,,,,,,,,,,,,,,,,,,,,,,,,,,,,,,,,,,,,,,,,,,,,,,,,,,,,,,,,,,,,,,,,,,,,,,,,,,,,,,,,,,,,,,,,,,,,,,,,,,,,,,,,,,,,,,,,,,,,,,,,,,,,,,,,,,,,,,,,,,,
A1303449,A1303449,행복한 병원,"대구광역시 달성군 유가읍 테크노순환로12길 4, 1층,4~6층(1층 사우나홀,113~117호,119~120호,405~407호,5층,601~607호",대구광역시,달성군,G009,응급실운영신고기관,053-210-8000,053-210-8082,35.69330550768229,128.47043956090056,,,,,,,,,,,,,,,,,,,,,,,,,,,,,,,,,,,,,,,,,,,,,,,,,,,,,,,,,,,,,,,,,,,,,,,,,,,,,,,,,,,,,,,,,,,,,,,,,,,,,,,,,,,,,,,,,,,,,,,,,,,,,,,,,,,,,,,,,,,,,,,,,,,,,,,,,,,
A1300038,A1300038,나사렛종합병원,"대구광역시 달서구 월배로 97, 나사렛병원 (진천동)",대구광역시,달서구,G007,지역응급의료기관,053-643-1400,053-643-3119,35.8147002604042,128.525094795643,나사렛종합병원,053-643-3119,,,,,,,,,1.0,,,,Y,Y,Y,Y,Y,Y,0.0,N1,40.0,N1,20260523193403,N1,Y,,5.0,N1,9.0,,,1.0,,,,,,5.0,,2.0,2.0,2.0,5.0,,,1.0,,,,231.0,,,Y,N1,A1300038,0.0,,4.0,28.0,1.0,,,,,,대구광역시,서구,,,,,,,,,,,,,,,,,,,,,,2.0,,,,9.0,,,,,,,,,,,,,,,,,,,,,,,2026-05-23 19:35:48,나사렛종합병원,Y,UNKNOWN,Y,UNKNOWN,UNKNOWN,UNKNOWN,UNKNOWN,UNKNOWN,UNKNOWN,UNKNOWN,UNKNOWN,Y,UNKNOWN,UNKNOWN,UNKNOWN,Y,UNKNOWN,UNKNOWN,UNKNOWN,UNKNOWN,Y,Y,Y,UNKNOWN,UNKNOWN,Y,Y,Y,,,,,대구광역시,서구,,2026-05-23 19:35:48
A1300045,A1300045,삼일병원,"대구광역시 달서구 월배로 436, 지하1,지상1~11층 (송현동)",대구광역시,달서구,G007,지역응급의료기관,053-659-3100,053-659-3119,35.8327479530047,128.5538551132049,삼일병원,053-659-3119,,,,,,,1.0,,,,,,Y,Y,Y,Y,N1,Y,9.0,N1,69.0,N1,20260523193505,N1,N,,3.0,N1,14.0,,1.0,,,,,,,4.0,,3.0,2.0,1.0,3.0,,,,,,,299.0,,,Y,N1,A1300045,,,,,,,,,,,대구광역시,서구,,,,,,,,,,,,,,,,,,,,,,,,,,,,,,,,,,,,,,,,,,,,,,,,,2026-05-23 19:35:48,삼일병원,UNKNOWN,UNKNOWN,Y,UNKNOWN,UNKNOWN,UNKNOWN,UNKNOWN,UNKNOWN,UNKNOWN,UNKNOWN,UNKNOWN,UNKNOWN,UNKNOWN,UNKNOWN,UNKNOWN,UNKNOWN,UNKNOWN,UNKNOWN,UNKNOWN,UNKNOWN,Y,UNKNOWN,Y,UNKNOWN,UNKNOWN,Y,Y,Y,,,,,대구광역시,서구,,2026-05-23 19:35:48
A1300011,A1300011,한국보훈복지의료공단대구보훈병원,대구광역시 달서구 월곡로 60 (도원동),대구광역시,달서구,G007,지역응급의료기관,053-630-7000,053-630-7014,35.80313747018647,128.55164640976287,한국보훈복지의료공단대구보훈병원,053-630-7014,,,,,,,1.0,,1.0,,,,Y,Y,Y,Y,N1,Y,10.0,N1,65.0,N1,20260523193247,N1,Y,,6.0,N1,12.0,,1.0,1.0,,,,,,6.0,,1.0,3.0,2.0,9.0,,,,,,,415.0,,,Y,N1,A1300011,1.0,,5.0,13.0,1.0,,,0.0,1.0,,대구광역시,서구,,,,,,,,,,,,,,,,,,,,,,,,,,,,,,,,,,,,,,,,,,,,,,,,,2026-05-23 19:35:48,한국보훈복지의료공단대구보훈병원,UNKNOWN,UNKNOWN,UNKNOWN,UNKNOWN,UNKNOWN,UNKNOWN,UNKNOWN,UNKNOWN,UNKNOWN,UNKNOWN,UNKNOWN,UNKNOWN,UNKNOWN,UNKNOWN,UNKNOWN,UNKNOWN,UNKNOWN,UNKNOWN,UNKNOWN,UNKNOWN,Y,UNKNOWN,UNKNOWN,UNKNOWN,UNKNOWN,UNKNOWN,UNKNOWN,UNKNOWN,,,,,대구광역시,서구,,2026-05-23 19:35:48
A1300110,A1300110,더블유병원,"대구광역시 달서구 달구벌대로 1632, 더블유병원 (감삼동)",대구광역시,달서구,G007,지역응급의료기관,053-550-5000,053-550-5019,35.85264247289801,128.54496871658273,더블유병원,053-550-5019,,,,,,,,,1.0,,,,Y,,Y,N1,N1,Y,0.0,N1,108.0,N1,20260523193258,N1,N,,8.0,Y,10.0,,,1.0,,,,,,8.0,,1.0,1.0,,1.0,,,,,,8.0,431.0,,,Y,N1,A1300110,,,,,,,,,,,대구광역시,서구,,,,,,,,,,,,,,,,,,,,,,,,,,,,,,,,,,,,,,,,,,,,,,,,,2026-05-23 19:35:48,더블유병원,UNKNOWN,UNKNOWN,UNKNOWN,UNKNOWN,UNKNOWN,UNKNOWN,UNKNOWN,UNKNOWN,UNKNOWN,UNKNOWN,UNKNOWN,UNKNOWN,Y,Y,UNKNOWN,UNKNOWN,UNKNOWN,UNKNOWN,UNKNOWN,UNKNOWN,Y,UNKNOWN,UNKNOWN,UNKNOWN,UNKNOWN,UNKNOWN,UNKNOWN,UNKNOWN,,,,,대구광역시,서구,,2026-05-23 19:35:48
A1300003,A1300003,계명대학교동산병원,대구광역시 달서구 달구벌대로 1035 (신당동),대구광역시,달서구,G006,지역응급의료센터,053-1577-6622,053-258-6306,35.85388728949212,128.48012966656532,계명대학교동산병원,053-258-6306,Y,Y,,,2.0,,2.0,1.0,1.0,,7.0,Y,Y,Y,Y,Y,Y,Y,3.0,Y,293.0,Y,20260523193335,Y,Y,1.0,23.0,Y,23.0,,2.0,1.0,,14.0,13.0,39.0,20.0,24.0,6.0,6.0,5.0,7.0,56.0,13.0,37.0,9.0,4.0,14.0,2.0,778.0,,,Y,Y,A1300003,0.0,0.0,5.0,10.0,1.0,0.0,,2.0,7.0,,대구광역시,서구,,,,,,,5.0,,,,15.0,,,,,,,,,1.0,,,3.0,8.0,,,0.0,,7.0,,,,,,,,,,,,,,,,,,,,2026-05-23 19:35:48,계명대학교동산병원,Y,Y,Y,Y,UNKNOWN,UNKNOWN,Y,Y,Y,Y,Y,Y,UNKNOWN,UNKNOWN,Y,Y,Y,Y,Y,Y,Y,Y,Y,Y,Y,Y,Y,Y,,,,,대구광역시,서구,,2026-05-23 19:35:48
A1300006,A1300006,의료법인구의료재단구병원,대구광역시 달서구 감삼북길 141 (감삼동),대구광역시,달서구,G007,지역응급의료기관,053-560-9114,053-557-7119,35.85082313699737,128.54148303217696,의료법인구의료재단구병원,053-557-7119,,,,,,,,,1.0,,,,Y,,Y,N1,N1,Y,8.0,N1,65.0,N1,20260523193433,N1,Y,,7.0,N1,10.0,,,1.0,,,,,,9.0,,3.0,1.0,,3.0,,,,,,,235.0,,,Y,N1,A1300006,1.0,,6.0,18.0,1.0,,,,,,대구광역시,서구,,,,,,,,,,,,,,,,,,,,,,,,,,,,,,,,,,,,,,,,,,,,,,,,,2026-05-23 19:35:48,의료법인구의료재단구병원,UNKNOWN,Y,UNKNOWN,UNKNOWN,UNKNOWN,UNKNOWN,UNKNOWN,UNKNOWN,UNKNOWN,UNKNOWN,UNKNOWN,UNKNOWN,UNKNOWN,UNKNOWN,UNKNOWN,UNKNOWN,UNKNOWN,UNKNOWN,Y,UNKNOWN,Y,UNKNOWN,UNKNOWN,UNKNOWN,UNKNOWN,Y,UNKNOWN,Y,,,,,대구광역시,서구,,2026-05-23 19:35:48
A1300001,A1300001,영남대학교병원,대구광역시 남구 현충로 170 (대명동),대구광역시,남구,G001,권역응급의료센터,053-623-8001,053-620-3177,35.84750592025217,128.58513118547506,영남대학교병원,053-620-3177,Y,Y,1.0,3.0,2.0,3.0,2.0,7.0,3.0,6.0,20.0,Y,Y,Y,Y,Y,Y,Y,19.0,Y,238.0,Y,20260523193237,Y,Y,5.0,22.0,Y,28.0,3.0,2.0,3.0,21.0,10.0,15.0,15.0,30.0,23.0,2.0,4.0,4.0,4.0,75.0,5.0,11.0,8.0,5.0,5.0,1.0,704.0,1.0,3.0,Y,Y,A1300001,7.0,12.0,,,13.0,20.0,,5.0,7.0,,대구광역시,남구,,,,,,,10.0,,,,14.0,,,,,,,,,,,0.0,,,,0.0,,0.0,,7.0,,,0.0,,,,,0.0,,,,,,,,,,,2026-05-23 19:35:48,영남대학교병원,Y,UNKNOWN,Y,UNKNOWN,Y,UNKNOWN,Y,Y,Y,Y,Y,Y,Y,Y,Y,Y,Y,Y,Y,Y,Y,Y,Y,Y,Y,Y,Y,UNKNOWN,,,,,대구광역시,남구,,2026-05-23 19:35:48
A1300004,A1300004,대구가톨릭대학교병원,대구광역시 남구 두류공원로17길 33 (대명동),대구광역시,남구,G006,지역응급의료센터,053-650-3000,053-650-3000,35.843065593522674,128.56742621424615,대구가톨릭대학교병원,053-650-3000,Y,Y,,,0.0,,1.0,5.0,3.0,,,Y,Y,Y,Y,Y,Y,Y,6.0,Y,313.0,Y,20260523193412,Y,Y,7.0,19.0,N1,24.0,,1.0,3.0,,15.0,25.0,42.0,,19.0,2.0,3.0,3.0,5.0,58.0,20.0,32.0,8.0,3.0,4.0,,704.0,,,Y,Y,A1300004,3.0,4.0,0.0,0.0,6.0,20.0,,3.0,9.0,,대구광역시,남구,,,,,,,4.0,,,,16.0,,,,,,,,,1.0,,,,,,,,,,,,,,,,,,,,,,,,,,,,,2026-05-23 19:35:48,대구가톨릭대학교병원,Y,UNKNOWN,Y,UNKNOWN,Y,UNKNOWN,Y,Y,Y,Y,UNKNOWN,Y,UNKNOWN,UNKNOWN,Y,Y,Y,Y,Y,UNKNOWN,Y,Y,Y,Y,Y,Y,Y,Y,,,,,대구광역시,남구,,2026-05-23 19:35:48
A1304119,A1304119,대구예스병원,"대구광역시 남구 대명로 186, 지하1, 지상2~7층 (대명동)",대구광역시,남구,G009,응급실운영신고기관,053-264-9100,053-264-9100,35.8390085913899,128.578413878887,,,,,,,,,,,,,,,,,,,,,,,,,,,,,,,,,,,,,,,,,,,,,,,,,,,,,,,,,,,,,,,,,,,,,,,,,,,,,,,,,,,,,,,,,,,,,,,,,,,,,,,,,,,,,,,,,,,,,,,,,,,,,,,,,,,,,,,,,,,,,,,,,,,,,,,,,,,
A1300034,A1300034,드림종합병원,대구광역시 남구 대명로 153 (대명동),대구광역시,남구,G007,지역응급의료기관,053-640-8800,053-640-8575,35.8396345121582,128.5743546304414,드림종합병원,053-640-8575,,,,,,,,,1.0,,,,Y,Y,Y,Y,Y,Y,5.0,Y,75.0,N1,20260523193318,N1,N,,3.0,N1,8.0,,,1.0,,,,,,3.0,,2.0,1.0,1.0,2.0,,,1.0,1.0,,,183.0,,,Y,N1,A1300034,,,,,,,,,,,대구광역시,남구,1.0,1.0,,,,,,,,,,,,,,,,,,,,,,,,,,,,,,,,,,,,,,,,,,,,,,,2026-05-23 19:35:48,드림종합병원,Y,UNKNOWN,Y,UNKNOWN,UNKNOWN,UNKNOWN,UNKNOWN,UNKNOWN,UNKNOWN,UNKNOWN,UNKNOWN,UNKNOWN,UNKNOWN,UNKNOWN,UNKNOWN,UNKNOWN,UNKNOWN,UNKNOWN,UNKNOWN,UNKNOWN,Y,UNKNOWN,UNKNOWN,UNKNOWN,UNKNOWN,Y,Y,Y,,,,,대구광역시,남구,,2026-05-23 19:35:48
A1403699,A1403699,(의)성세의료재단 영종국제병원,"인천광역시 중구 하늘별빛로65번길 7-9, 3,4층 (중산동)",인천광역시,중구,G009,응급실운영신고기관,032-721-3003,032-721-3003,37.48847125467195,126.56466845237,,,,,,,,,,,,,,,,,,,,,,,,,,,,,,,,,,,,,,,,,,,,,,,,,,,,,,,,,,,,,,,,,,,,,,,,,,,,,,,,,,,,,,,,,,,,,,,,,,,,,,,,,,,,,,,,,,,,,,,,,,,,,,,,,,,,,,,,,,,,,,,,,,,,,,,,,,,
A1400002,A1400002,인하대학교의과대학부속병원,"인천광역시 중구 인항로 27-0 (신흥동3가,인하대학병원)",인천광역시,중구,G001,권역응급의료센터,032-890-2114,032-890-2301,37.4584235016321,126.631868269228,인하대학교의과대학부속병원,032-890-2301,Y,Y,,,10.0,4.0,2.0,1.0,2.0,8.0,12.0,Y,Y,Y,Y,Y,Y,Y,3.0,Y,206.0,Y,20260523193408,Y,Y,1.0,16.0,Y,20.0,7.0,2.0,5.0,20.0,25.0,13.0,26.0,30.0,16.0,4.0,6.0,3.0,5.0,109.0,17.0,27.0,13.0,9.0,7.0,2.0,681.0,,,Y,Y,A1400002,0.0,10.0,9.0,23.0,3.0,15.0,,2.0,7.0,,인천광역시,중구,,,,,,,,,,,,,,,,,,,,1.0,,,,,,,1.0,1.0,3.0,7.0,1.0,,,,,1.0,,,,,,,1.0,0.0,2.0,2.0,6.0,1.0,2026-05-23 19:35:48,인하대학교의과대학부속병원,Y,Y,Y,Y,Y,Y,Y,Y,Y,Y,UNKNOWN,Y,Y,Y,Y,Y,Y,Y,Y,UNKNOWN,Y,Y,Y,Y,Y,Y,Y,Y,,,,,인천광역시,중구,,2026-05-23 19:35:48
A1400009,A1400009,인천기독병원,인천광역시 중구 답동로30번길 10 (율목동),인천광역시,중구,G007,지역응급의료기관,032-270-8000,032-270-8300,37.47122873588076,126.63208102847187,인천기독병원,032-270-8300,,,,,,,,,1.0,,,,Y,,Y,N1,N1,Y,8.0,N1,38.0,N1,20260523193141,N1,Y,,4.0,N1,8.0,,,1.0,,,,,,4.0,,1.0,1.0,,1.0,,,,,,,139.0,,,Y,N1,A1400009,,,3.0,10.0,,,,,,,인천광역시,중구,,,,,,,,,1.0,,,,,,,,,1.0,,,,,,,,,,,,,,,,,,,,,,,,,,,,,,,2026-05-23 19:35:48,인천기독병원,UNKNOWN,UNKNOWN,Y,UNKNOWN,Y,Y,UNKNOWN,UNKNOWN,UNKNOWN,UNKNOWN,UNKNOWN,Y,UNKNOWN,UNKNOWN,Y,Y,UNKNOWN,UNKNOWN,UNKNOWN,UNKNOWN,Y,Y,Y,UNKNOWN,UNKNOWN,UNKNOWN,UNKNOWN,UNKNOWN,,,,,인천광역시,중구,,2026-05-23 19:35:48
A1400037,A1400037,인천광역시의료원백령병원,"인천광역시 옹진군 백령면 백령로 233, 인천광역시의료원 백령병원",인천광역시,옹진군,G007,지역응급의료기관,032-836-1731,032-836-1732,37.96801574541532,124.72111307252132,인천광역시의료원백령병원,032-836-1732,Y,Y,,,,,,,1.0,,,,Y,,Y,N1,N1,Y,4.0,N1,30.0,N1,20260523193501,Y,N1,,1.0,N1,5.0,,,1.0,,,,,,1.0,,1.0,,,1.0,1.0,2.0,,,,,30.0,,,Y,Y,A1400037,,,,,,,,,,,인천광역시,옹진군,,,,,,,,,,,,,,,,,,,,,,,,,,,,,,,,,,,,,,,,,,,,,,,,,2026-05-23 19:35:48,인천광역시의료원백령병원,UNKNOWN,UNKNOWN,UNKNOWN,UNKNOWN,UNKNOWN,UNKNOWN,UNKNOWN,UNKNOWN,UNKNOWN,UNKNOWN,UNKNOWN,UNKNOWN,UNKNOWN,UNKNOWN,UNKNOWN,UNKNOWN,UNKNOWN,UNKNOWN,UNKNOWN,UNKNOWN,Y,UNKNOWN,UNKNOWN,UNKNOWN,UNKNOWN,UNKNOWN,UNKNOWN,UNKNOWN,,,,,인천광역시,옹진군,,2026-05-23 19:35:48
A1400018,A1400018,인천적십자병원,"인천광역시 연수구 원인재로 263 (연수동, 인천적십자병원)",인천광역시,연수구,G007,지역응급의료기관,032-899-4000,032-899-4119,37.4185669257,126.6875335314,인천적십자병원,032-899-4119,,,,,,,1.0,,1.0,,,,Y,,Y,N1,N1,Y,7.0,N1,77.0,N1,20260523193210,N1,Y,,3.0,N1,8.0,,1.0,1.0,,,,,,3.0,,1.0,1.0,,2.0,,,,,,,104.0,,,Y,N1,A1400018,,,2.0,8.0,,,,,,,인천광역시,연수구,,,,,,,,,,,,,,,,,,,,,,,,,,,,,,,,,,,,,,,,,,,,,,,,,2026-05-23 19:35:48,인천적십자병원,UNKNOWN,UNKNOWN,UNKNOWN,UNKNOWN,UNKNOWN,UNKNOWN,UNKNOWN,UNKNOWN,UNKNOWN,UNKNOWN,UNKNOWN,UNKNOWN,UNKNOWN,UNKNOWN,UNKNOWN,UNKNOWN,UNKNOWN,UNKNOWN,UNKNOWN,UNKNOWN,Y,UNKNOWN,UNKNOWN,UNKNOWN,UNKNOWN,UNKNOWN,UNKNOWN,UNKNOWN,,,,,인천광역시,연수구,,2026-05-23 19:35:48
A1400011,A1400011,의료법인 나사렛의료재단 나사렛국제병원,"인천광역시 연수구 먼우금로 98 (동춘동, 나사렛국제병원)",인천광역시,연수구,G006,지역응급의료센터,032-899-9999,032-899-9699,37.4079911136402,126.67046935782248,의료법인 나사렛의료재단 나사렛국제병원,032-899-9699,,,,,,,1.0,,2.0,,,,Y,Y,Y,Y,Y,Y,11.0,N1,65.0,N1,20260523193225,N1,Y,,5.0,N1,17.0,,1.0,2.0,,,,,,5.0,,2.0,2.0,2.0,8.0,,,2.0,,,,282.0,,,Y,N1,A1400011,0.0,,5.0,16.0,1.0,,,,,,인천광역시,연수구,,,,,,,,,,,,,,,,,,,,,,,,,,,,,,,,,,,,,,,,,,,,,,,,,2026-05-23 19:35:48,의료법인 나사렛의료재단 나사렛국제병원,Y,UNKNOWN,Y,UNKNOWN,Y,UNKNOWN,UNKNOWN,UNKNOWN,UNKNOWN,Y,UNKNOWN,Y,Y,Y,Y,Y,UNKNOWN,UNKNOWN,Y,UNKNOWN,Y,Y,Y,UNKNOWN,UNKNOWN,Y,Y,Y,,,,,인천광역시,연수구,,2026-05-23 19:35:48
A1400008,A1400008,(의)성세의료재단 뉴성민병원,"인천광역시 서구 칠천왕로33번길 17 (석남동, 신석로 70(석남1동, 성민병원))",인천광역시,서구,G007,지역응급의료기관,032-726-1000,032-726-1190,37.5089936801167,126.669478649026,(의)성세의료재단 뉴성민병원,032-726-1190,,,,,,,,,1.0,,,,Y,,Y,N1,Y,Y,6.0,N1,135.0,N1,20260523193121,N1,Y,,6.0,N1,9.0,,,1.0,,,,,,6.0,,2.0,1.0,,1.0,,,2.0,,,,284.0,,,Y,N1,A1400008,2.0,,8.0,17.0,2.0,,,,,,인천광역시,서구,,,,0.0,,,,,,,,,,,,0.0,,,,,,,,,,,,,,,,,,,,,,,,,,,,,,,,,2026-05-23 19:35:48,(의)성세의료재단 뉴성민병원,Y,UNKNOWN,UNKNOWN,UNKNOWN,UNKNOWN,UNKNOWN,UNKNOWN,UNKNOWN,UNKNOWN,UNKNOWN,UNKNOWN,Y,UNKNOWN,UNKNOWN,UNKNOWN,Y,UNKNOWN,UNKNOWN,UNKNOWN,UNKNOWN,Y,UNKNOWN,UNKNOWN,UNKNOWN,UNKNOWN,UNKNOWN,UNKNOWN,UNKNOWN,,,,,인천광역시,서구,,2026-05-23 19:35:48
A1400010,A1400010,검단탑병원,인천광역시 서구 청마로19번길 5 (당하동),인천광역시,서구,G006,지역응급의료센터,032-590-0114,032-590-0077,37.59241914491385,126.6710400927469,검단탑병원,032-590-0077,,,,,,,1.0,,2.0,,,,Y,Y,Y,Y,Y,Y,12.0,N1,67.0,N1,20260523193156,N1,Y,,6.0,N1,18.0,,1.0,2.0,,,,,,6.0,,2.0,2.0,1.0,11.0,,,1.0,,,,279.0,,,Y,N1,A1400010,0.0,,8.0,15.0,3.0,,,1.0,2.0,,인천광역시,서구,,,,,,,,,,,,,,,,,,,,,,,,,,,,,,,,,,,,,,,,,,,,,,,,,2026-05-23 19:35:48,검단탑병원,Y,UNKNOWN,Y,UNKNOWN,UNKNOWN,UNKNOWN,UNKNOWN,UNKNOWN,UNKNOWN,UNKNOWN,UNKNOWN,Y,Y,Y,Y,Y,UNKNOWN,UNKNOWN,UNKNOWN,UNKNOWN,Y,Y,Y,UNKNOWN,UNKNOWN,Y,Y,Y,,,,,인천광역시,서구,,2026-05-23 19:35:48
A1400003,A1400003,의료법인 루가의료재단 나은병원,"인천광역시 서구 원적로 23 (가좌동, 원적로 27번길 11(가좌동))",인천광역시,서구,G006,지역응급의료센터,032-584-0114,032-584-4119,37.4890534064866,126.679450677348,의료법인 루가의료재단 나은병원,032-584-4119,,Y,,,2.0,,1.0,5.0,2.0,,,Y,Y,Y,Y,Y,Y,Y,8.0,Y,112.0,Y,20260523193356,Y,Y,,10.0,N1,11.0,,1.0,2.0,,14.0,13.0,,,10.0,1.0,2.0,2.0,3.0,17.0,,1.0,3.0,1.0,1.0,,367.0,,,Y,N1,A1400003,3.0,,,,3.0,,,9.0,9.0,,인천광역시,서구,7.0,7.0,,,,,,,,,,,,,,,,,,,,,,,,,,,,,,,,,,,,,,,,,,,,,,,2026-05-23 19:35:48,의료법인 루가의료재단 나은병원,Y,Y,Y,UNKNOWN,Y,UNKNOWN,UNKNOWN,UNKNOWN,UNKNOWN,Y,UNKNOWN,Y,Y,UNKNOWN,Y,Y,UNKNOWN,Y,Y,UNKNOWN,Y,Y,Y,UNKNOWN,UNKNOWN,Y,Y,Y,,,,,인천광역시,서구,,2026-05-23 19:35:48
A1400005,A1400005,온누리병원,인천광역시 서구 완정로 199 (왕길동),인천광역시,서구,G007,지역응급의료기관,032-567-6200,032-568-9112,37.60280557009656,126.65430866269227,온누리병원,032-568-9112,,,,,,,1.0,,1.0,,,,Y,,Y,N1,N1,Y,5.0,N1,32.0,N1,20260523193204,N1,Y,,3.0,N1,9.0,,1.0,1.0,,,,,,3.0,,1.0,1.0,,5.0,,,,,,,190.0,,,Y,N1,A1400005,,,,,,,,,,,인천광역시,서구,,,,,,,,,,,,,,,,,,,,,,,,,,,,,,,,,,,,,,,,,,,,,,,,,2026-05-23 19:35:48,온누리병원,UNKNOWN,UNKNOWN,Y,UNKNOWN,UNKNOWN,UNKNOWN,UNKNOWN,UNKNOWN,UNKNOWN,UNKNOWN,Y,UNKNOWN,Y,Y,Y,UNKNOWN,UNKNOWN,UNKNOWN,UNKNOWN,UNKNOWN,Y,Y,Y,UNKNOWN,UNKNOWN,UNKNOWN,UNKNOWN,Y,,,,,인천광역시,서구,,2026-05-23 19:35:48
A1400015,A1400015,가톨릭관동대학교국제성모병원,"인천광역시 서구 심곡로100번길 25 (심곡동, 인천국제성모병원)",인천광역시,서구,G006,지역응급의료센터,1600-8291,032-290-3065,37.54237265391807,126.6836048687878,가톨릭관동대학교국제성모병원,032-290-3065,Y,Y,,,11.0,0.0,0.0,,0.0,,,Y,Y,Y,Y,Y,Y,Y,7.0,Y,237.0,Y,20260523193514,Y,Y,,10.0,N1,23.0,3.0,0.0,0.0,,40.0,,,,11.0,2.0,3.0,2.0,3.0,34.0,2.0,11.0,6.0,2.0,1.0,,623.0,,,Y,Y,A1400015,,3.0,,,,11.0,,0.0,3.0,,인천광역시,서구,,,,,,,-2.0,,,,13.0,,,,,,,,,,3.0,0.0,,,5.0,0.0,,,,,,,,,19.0,,,,,21.0,,,,,,,,,2026-05-23 19:35:48,가톨릭관동대학교국제성모병원,Y,UNKNOWN,UNKNOWN,UNKNOWN,Y,UNKNOWN,UNKNOWN,Y,Y,Y,UNKNOWN,Y,Y,Y,Y,Y,UNKNOWN,UNKNOWN,Y,UNKNOWN,Y,Y,Y,Y,Y,UNKNOWN,UNKNOWN,Y,,,,,인천광역시,서구,,2026-05-23 19:35:48
A1400013,A1400013,안은의료재단 부평세림병원,"인천광역시 부평구 부평대로 175 (청천동, 세림병원)",인천광역시,부평구,G006,지역응급의료센터,032-509-5555,032-509-5777,37.50684250997099,126.71994675790395,안은의료재단 부평세림병원,032-509-5777,,,,,,,1.0,,3.0,,,,Y,Y,Y,Y,Y,Y,12.0,Y,74.0,N1,20260523193522,N1,Y,,4.0,N1,16.0,,1.0,3.0,,,,,,4.0,,3.0,2.0,1.0,9.0,,,1.0,1.0,,,237.0,,,Y,N1,A1400013,0.0,,9.0,13.0,2.0,,,1.0,2.0,,인천광역시,부평구,,,,,,,,,,,,,,,,,,,,,,,,,,,,,,,,,,,,,,,,,,,,,,,,,2026-05-23 19:35:48,안은의료재단 부평세림병원,Y,UNKNOWN,Y,UNKNOWN,Y,UNKNOWN,UNKNOWN,UNKNOWN,UNKNOWN,UNKNOWN,UNKNOWN,Y,Y,UNKNOWN,UNKNOWN,UNKNOWN,UNKNOWN,UNKNOWN,Y,UNKNOWN,Y,Y,Y,UNKNOWN,UNKNOWN,Y,Y,Y,,,,,인천광역시,부평구,,2026-05-23 19:35:48
A1400032,A1400032,근로복지공단인천병원,인천광역시 부평구 무네미로 446 (구산동),인천광역시,부평구,G009,응급실운영신고기관,032-500-0114,,37.476349746510174,126.75331590774624,,,,,,,,,,,,,,,,,,,,,,,,,,,,,,,,,,,,,,,,,,,,,,,,,,,,,,,,,,,,,,,,,,,,,,,,,,,,,,,,,,,,,,,,,,,,,,,,,,,,,,,,,,,,,,,,,,,,,,,,,,,,,,,,,,,,,,,,,,,,,,,,,,,,,,,,,,,
A1400012,A1400012,가톨릭대학교 인천성모병원,인천광역시 부평구 동수로 56 (부평동),인천광역시,부평구,G006,지역응급의료센터,032-280-6364,032-280-6107,37.4845586499062,126.724708130675,가톨릭대학교 인천성모병원,032-280-6107,Y,Y,,,3.0,,0.0,3.0,5.0,7.0,,Y,Y,Y,Y,Y,Y,Y,1.0,Y,193.0,Y,20260523193508,Y,Y,2.0,17.0,N1,12.0,,0.0,6.0,12.0,15.0,18.0,13.0,,17.0,1.0,4.0,4.0,5.0,46.0,5.0,13.0,11.0,2.0,2.0,,579.0,,,Y,Y,A1400012,1.0,,,,10.0,,,4.0,9.0,,인천광역시,부평구,6.0,7.0,,,,,1.0,,,,15.0,,,,,,,,,,3.0,2.0,,,3.0,3.0,,,,,,,,,,,,,,,,,,,,,,,2026-05-23 19:35:48,가톨릭대학교 인천성모병원,Y,Y,Y,Y,Y,Y,Y,Y,Y,Y,Y,Y,Y,Y,Y,Y,UNKNOWN,Y,Y,Y,Y,Y,Y,Y,Y,Y,Y,Y,,,,,인천광역시,부평구,,2026-05-23 19:35:48
A1400016,A1400016,인천사랑병원,인천광역시 미추홀구 미추홀대로 726 (주안동),인천광역시,미추홀구,G006,지역응급의료센터,032-425-2001,032-457-2119,37.4620681991805,126.680345104401,인천사랑병원,032-457-2119,,Y,,,,,1.0,,2.0,,,Y,Y,Y,Y,Y,Y,Y,10.0,N1,28.0,Y,20260523193403,Y,Y,,7.0,N1,14.0,,1.0,2.0,,,,,,7.0,1.0,2.0,1.0,1.0,12.0,,1.0,2.0,,1.0,,281.0,,,Y,N1,A1400016,1.0,,11.0,17.0,1.0,,,1.0,1.0,,인천광역시,미추홀구,3.0,4.0,,,,,,,,,,,,,,,,,,,,,,,,,,,,,,,,,,,,,,,,,,,,,,,2026-05-23 19:35:48,인천사랑병원,Y,UNKNOWN,Y,UNKNOWN,UNKNOWN,UNKNOWN,UNKNOWN,UNKNOWN,UNKNOWN,UNKNOWN,UNKNOWN,Y,UNKNOWN,Y,UNKNOWN,Y,UNKNOWN,UNKNOWN,UNKNOWN,UNKNOWN,Y,Y,Y,UNKNOWN,UNKNOWN,Y,Y,Y,,,,,인천광역시,미추홀구,,2026-05-23 19:35:48
A1400004,A1400004,현대유비스병원,인천광역시 미추홀구 독배로 503 (숭의동),인천광역시,미추홀구,G007,지역응급의료기관,032-888-7575,032-890-5582,37.46174383349464,126.64314168953122,현대유비스병원,032-890-5582,,,,,,,1.0,,,,,,Y,Y,Y,Y,Y,Y,17.0,N1,47.0,N1,20260523193330,N1,Y,,6.0,N1,18.0,,1.0,,,,,,,6.0,,2.0,2.0,1.0,8.0,,,2.0,,,,285.0,,,Y,N1,A1400004,1.0,,5.0,13.0,1.0,,,,,,인천광역시,미추홀구,,,,,,,,,,,,,,,,,,,,,,,,,,,,,,,,,,,,,,,,,,,,,,,,,2026-05-23 19:35:48,현대유비스병원,UNKNOWN,UNKNOWN,Y,UNKNOWN,UNKNOWN,UNKNOWN,UNKNOWN,UNKNOWN,UNKNOWN,UNKNOWN,Y,UNKNOWN,UNKNOWN,UNKNOWN,Y,Y,UNKNOWN,UNKNOWN,UNKNOWN,UNKNOWN,Y,UNKNOWN,UNKNOWN,UNKNOWN,UNKNOWN,Y,Y,Y,,,,,인천광역시,미추홀구,,2026-05-23 19:35:48
A1404358,A1404358,더나눔병원,"인천광역시 미추홀구 독배로 408-1, 4~8층 (용현동)",인천광역시,미추홀구,G009,응급실운영신고기관,032-888-7755,032-888-7755,37.455819376431,126.650142764193,,,,,,,,,,,,,,,,,,,,,,,,,,,,,,,,,,,,,,,,,,,,,,,,,,,,,,,,,,,,,,,,,,,,,,,,,,,,,,,,,,,,,,,,,,,,,,,,,,,,,,,,,,,,,,,,,,,,,,,,,,,,,,,,,,,,,,,,,,,,,,,,,,,,,,,,,,,
A1400007,A1400007,의료법인 성수의료재단 인천백병원,인천광역시 동구 샛골로 214 (송림동),인천광역시,동구,G007,지역응급의료기관,032-765-7070,032-280-8119,37.4772581429266,126.648504056866,의료법인 성수의료재단 인천백병원,032-280-8119,,,,,,,,,1.0,,,,Y,,Y,N1,Y,Y,5.0,N1,37.0,N1,20260523193318,N1,Y,,4.0,N1,5.0,,,1.0,,,,,,4.0,,2.0,2.0,,6.0,,,1.0,,,,189.0,,,Y,N1,A1400007,,,2.0,12.0,,,,,,,인천광역시,동구,,,,,,,,,,,,,,,,,,,,,,,,,,,,,,,,,,,,,,,,,,,,,,,,,2026-05-23 19:35:48,의료법인 성수의료재단 인천백병원,UNKNOWN,UNKNOWN,Y,UNKNOWN,UNKNOWN,UNKNOWN,UNKNOWN,UNKNOWN,UNKNOWN,UNKNOWN,Y,UNKNOWN,Y,UNKNOWN,UNKNOWN,Y,UNKNOWN,UNKNOWN,UNKNOWN,UNKNOWN,Y,Y,Y,UNKNOWN,UNKNOWN,Y,Y,Y,,,,,인천광역시,동구,,2026-05-23 19:35:48
A1400017,A1400017,인천광역시의료원,"인천광역시 동구 방축로 217 (송림동, 인천광역시 의료원)",인천광역시,동구,G007,지역응급의료기관,032-580-6000,032-580-6119,37.47884441174466,126.66861045817642,인천광역시의료원,032-580-6119,,,,,,,2.0,,,,,,Y,,Y,N1,N1,Y,14.0,N1,36.0,N1,20260523193501,N1,Y,,6.0,N1,15.0,,2.0,,,,,,,6.0,,1.0,1.0,,19.0,,,,,,,198.0,,,Y,N1,A1400017,0.0,26.0,4.0,13.0,0.0,45.0,,7.0,7.0,,인천광역시,동구,,,,,,,,,,,,,,,,,,,,,,,,,,,,,,,,,,,,,,,,,,,,,,,,,2026-05-23 19:35:48,인천광역시의료원,UNKNOWN,UNKNOWN,Y,UNKNOWN,Y,UNKNOWN,UNKNOWN,UNKNOWN,UNKNOWN,Y,UNKNOWN,UNKNOWN,Y,UNKNOWN,Y,Y,Y,UNKNOWN,UNKNOWN,UNKNOWN,Y,UNKNOWN,Y,UNKNOWN,UNKNOWN,Y,Y,Y,,,,,인천광역시,동구,,2026-05-23 19:35:48
A1400045,A1400045,국제바로병원,"인천광역시 남동구 석정로 518, 1층일부, 2층일부 ~ 9층 (간석동)",인천광역시,남동구,G009,응급실운영신고기관,032-722-8585,032-722-8911,37.4655067884563,126.693226276277,,,,,,,,,,,,,,,,,,,,,,,,,,,,,,,,,,,,,,,,,,,,,,,,,,,,,,,,,,,,,,,,,,,,,,,,,,,,,,,,,,,,,,,,,,,,,,,,,,,,,,,,,,,,,,,,,,,,,,,,,,,,,,,,,,,,,,,,,,,,,,,,,,,,,,,,,,,
A1403871,A1403871,인천힘찬종합병원,"인천광역시 남동구 논현로 72, 인천힘찬종합병원 (논현동)",인천광역시,남동구,G007,지역응급의료기관,1899-2220,032-459-3168,37.4010623210136,126.714686842521,인천힘찬종합병원,032-459-3168,,,,,,,1.0,,2.0,,,,Y,,Y,N1,N1,Y,13.0,N1,47.0,N1,20260523193044,N1,Y,,7.0,N1,17.0,,1.0,2.0,,,,,,7.0,,2.0,2.0,,1.0,,,,,,,235.0,,,Y,N1,A1403871,1.0,,5.0,9.0,1.0,,,,,,인천광역시,동구,,,,,,,,,,,,,,,,,,,,,,,,,,,,,,,,,,,,,,,,,,,,,,,,,2026-05-23 19:35:48,인천힘찬종합병원,UNKNOWN,UNKNOWN,UNKNOWN,UNKNOWN,UNKNOWN,UNKNOWN,UNKNOWN,UNKNOWN,UNKNOWN,UNKNOWN,UNKNOWN,UNKNOWN,UNKNOWN,UNKNOWN,UNKNOWN,UNKNOWN,UNKNOWN,UNKNOWN,UNKNOWN,UNKNOWN,Y,UNKNOWN,UNKNOWN,UNKNOWN,UNKNOWN,UNKNOWN,UNKNOWN,UNKNOWN,,,,,인천광역시,동구,,2026-05-23 19:35:48
A1400001,A1400001,의료법인 길의료재단 길병원,"인천광역시 남동구 남동대로774번길 21 (구월동, 가천대학교길병원)",인천광역시,남동구,G001,권역응급의료센터,1577-2299,032-460-3012,37.45208024654252,126.70916173607196,의료법인 길의료재단 길병원,032-460-3012,Y,Y,,0.0,13.0,9.0,,2.0,,4.0,24.0,Y,Y,Y,Y,Y,Y,Y,4.0,Y,436.0,Y,20260523193335,Y,Y,0.0,2.0,Y,23.0,9.0,,,18.0,38.0,11.0,30.0,30.0,3.0,3.0,6.0,6.0,7.0,101.0,13.0,30.0,15.0,9.0,5.0,1.0,995.0,,2.0,Y,Y,A1400001,4.0,6.0,,,11.0,18.0,,12.0,13.0,,인천광역시,동구,,,,1.0,8.0,2.0,2.0,2.0,6.0,7.0,14.0,20.0,47.0,2.0,,3.0,2.0,6.0,,,2.0,1.0,,,2.0,3.0,,3.0,,6.0,1.0,,,,,1.0,,,,,1.0,4.0,1.0,2.0,5.0,2.0,6.0,1.0,2026-05-23 19:35:48,의료법인 길의료재단 길병원,Y,Y,Y,Y,Y,UNKNOWN,Y,Y,Y,Y,UNKNOWN,Y,UNKNOWN,Y,Y,Y,Y,Y,Y,Y,Y,Y,Y,UNKNOWN,Y,Y,Y,Y,,,,,인천광역시,동구,,2026-05-23 19:35:48
A1400014,A1400014,의료법인인성의료재단한림병원,인천광역시 계양구 장제로 722 (작전동),인천광역시,계양구,G006,지역응급의료센터,032-540-9114,032-540-9119,37.53218449100167,126.73435495537971,의료법인인성의료재단한림병원,032-540-9119,,,,,,,2.0,,2.0,,,Y,Y,Y,Y,Y,Y,Y,11.0,Y,82.0,N1,20260523193112,N1,Y,,6.0,N1,17.0,,2.0,2.0,,,,,,6.0,1.0,3.0,2.0,2.0,20.0,,,3.0,3.0,,,391.0,,,Y,N1,A1400014,2.0,,0.0,21.0,2.0,,,0.0,2.0,,인천광역시,계양구,,,,,,,,,,,,,,,,,,,,,,,,,,,,,,,,,,,,,,,,,,,,,,,,,2026-05-23 19:35:48,의료법인인성의료재단한림병원,Y,UNKNOWN,Y,UNKNOWN,Y,UNKNOWN,UNKNOWN,UNKNOWN,UNKNOWN,Y,UNKNOWN,Y,Y,Y,Y,Y,UNKNOWN,UNKNOWN,Y,UNKNOWN,Y,Y,Y,UNKNOWN,UNKNOWN,Y,Y,Y,,,,,인천광역시,계양구,,2026-05-23 19:35:48
A1403372,A1403372,인천세종병원,"인천광역시 계양구 계양문화로 20, 인천세종병원 (작전동)",인천광역시,계양구,G006,지역응급의료센터,032-240-8135,032-240-8119,37.5325382832,126.7368531237,인천세종병원,032-240-8119,,,,,,,3.0,,,,,,Y,Y,Y,Y,Y,Y,7.0,Y,59.0,Y,20260523193509,N1,Y,,7.0,N1,18.0,,3.0,,,,,,,7.0,,2.0,2.0,3.0,13.0,,,4.0,5.0,1.0,,277.0,,,Y,N1,A1403372,2.0,,8.0,22.0,2.0,,,4.0,6.0,,인천광역시,계양구,,,,,,,,,,,,,,,,,,,,,,,,,,,,,,,,,,,,,,,,,,,,,,,,,2026-05-23 19:35:48,인천세종병원,Y,UNKNOWN,Y,UNKNOWN,UNKNOWN,UNKNOWN,UNKNOWN,UNKNOWN,UNKNOWN,Y,UNKNOWN,Y,UNKNOWN,Y,UNKNOWN,Y,UNKNOWN,UNKNOWN,UNKNOWN,UNKNOWN,Y,Y,Y,Y,Y,Y,Y,Y,,,,,인천광역시,계양구,,2026-05-23 19:35:48
A1403121,A1403121,인천더드림병원,인천광역시 계양구 계양대로 123(작전동),인천광역시,계양구,G009,응급실운영신고기관,032-282-7575,032-282-7575,37.53499881280362,126.72225367019578,,,,,,,,,,,,,,,,,,,,,,,,,,,,,,,,,,,,,,,,,,,,,,,,,,,,,,,,,,,,,,,,,,,,,,,,,,,,,,,,,,,,,,,,,,,,,,,,,,,,,,,,,,,,,,,,,,,,,,,,,,,,,,,,,,,,,,,,,,,,,,,,,,,,,,,,,,,
A1403617,A1403617,비에스종합병원,인천광역시 강화군 강화읍 충렬사로 31,인천광역시,강화군,G007,지역응급의료기관,032-290-0001,032-290-0119,37.7360530472,126.4857069547,비에스종합병원,032-290-0119,,Y,,,,,1.0,,,,,Y,Y,Y,Y,Y,Y,Y,8.0,N1,96.0,N1,20260523193327,Y,N1,0.0,2.0,N1,10.0,,1.0,,,,,1.0,,2.0,1.0,1.0,,1.0,6.0,,1.0,1.0,,,,180.0,,,Y,N1,A1403617,0.0,,5.0,18.0,1.0,,,,,,인천광역시,강화군,,,,,,,,,,,,,,,,,,,,,,,,,,,,,,,,,,,,,,,,,,,,,,,,,2026-05-23 19:35:48,비에스종합병원,UNKNOWN,UNKNOWN,UNKNOWN,UNKNOWN,UNKNOWN,UNKNOWN,UNKNOWN,UNKNOWN,UNKNOWN,UNKNOWN,UNKNOWN,UNKNOWN,UNKNOWN,UNKNOWN,UNKNOWN,UNKNOWN,UNKNOWN,UNKNOWN,UNKNOWN,UNKNOWN,Y,UNKNOWN,Y,UNKNOWN,UNKNOWN,UNKNOWN,UNKNOWN,UNKNOWN,,,,,인천광역시,강화군,,2026-05-23 19:35:48
A1500014,A1500014,미래로21병원,광주광역시 서구 화운로 1 (화정동),광주광역시,서구,G007,지역응급의료기관,062-450-1000,062-450-1119,35.14102639112141,126.88528864095338,미래로21병원,062-450-1119,,,,,,,,,1.0,,,,Y,Y,Y,Y,Y,Y,5.0,N1,67.0,N1,20260523193305,N1,Y,,3.0,N1,9.0,,,1.0,,,,,,3.0,,1.0,1.0,1.0,4.0,,,1.0,,,,192.0,,,Y,N1,A1500014,,,6.0,8.0,,,,,,,광주광역시,서구,,,,,,,,,,,,,,,,,,,,,,,,,,,,,,,,,,,,,,,,,,,,,,,,,2026-05-23 19:35:48,미래로21병원,UNKNOWN,UNKNOWN,UNKNOWN,UNKNOWN,UNKNOWN,UNKNOWN,UNKNOWN,UNKNOWN,UNKNOWN,UNKNOWN,UNKNOWN,UNKNOWN,UNKNOWN,UNKNOWN,Y,Y,UNKNOWN,UNKNOWN,UNKNOWN,UNKNOWN,Y,UNKNOWN,UNKNOWN,UNKNOWN,UNKNOWN,UNKNOWN,UNKNOWN,UNKNOWN,,,,,광주광역시,서구,,2026-05-23 19:35:48
A1500016,A1500016,광주한국병원,광주광역시 서구 월드컵4강로 223 (쌍촌동),광주광역시,서구,G007,지역응급의료기관,062-380-3000,062-380-3119,35.15618108764772,126.86880878336213,광주한국병원,062-380-3119,,,,,,,,,1.0,,,,Y,,Y,N1,N1,Y,8.0,N1,81.0,N1,20260523193045,N1,Y,,4.0,N1,15.0,,,1.0,,,,,,4.0,,1.0,1.0,,1.0,,,,,,,259.0,,,Y,N1,A1500016,,,,,,,,,,,광주광역시,서구,,,,,,,,,,,,,,,,,,,,,,,,,,,,,,,,,,,,,,,,,,,,,,,,,2026-05-23 19:35:48,광주한국병원,UNKNOWN,UNKNOWN,UNKNOWN,UNKNOWN,UNKNOWN,UNKNOWN,UNKNOWN,UNKNOWN,UNKNOWN,UNKNOWN,UNKNOWN,UNKNOWN,UNKNOWN,UNKNOWN,UNKNOWN,UNKNOWN,UNKNOWN,UNKNOWN,UNKNOWN,UNKNOWN,Y,UNKNOWN,UNKNOWN,UNKNOWN,UNKNOWN,UNKNOWN,UNKNOWN,UNKNOWN,,,,,광주광역시,서구,,2026-05-23 19:35:48
A1500022,A1500022,상무병원,광주광역시 서구 상무자유로 181-7 (치평동),광주광역시,서구,G007,지역응급의료기관,062-600-7000,062-600-7119,35.15242290709782,126.85391840686486,상무병원,062-600-7119,,,,,,,,,1.0,,,,Y,,Y,N1,N1,Y,7.0,N1,93.0,N1,20260523193414,N1,Y,,3.0,N1,9.0,,,1.0,,,,,,3.0,,1.0,1.0,,1.0,,,,,,,202.0,,,Y,N1,A1500022,,,,,,,,,,,광주광역시,서구,,,,,,,,,,,,,,,,,,,,,,,,,,,,,,,,,,,,,,,,,,,,,,,,,2026-05-23 19:35:48,상무병원,UNKNOWN,UNKNOWN,UNKNOWN,UNKNOWN,UNKNOWN,UNKNOWN,UNKNOWN,UNKNOWN,UNKNOWN,UNKNOWN,UNKNOWN,UNKNOWN,UNKNOWN,UNKNOWN,UNKNOWN,UNKNOWN,UNKNOWN,UNKNOWN,UNKNOWN,UNKNOWN,Y,UNKNOWN,UNKNOWN,UNKNOWN,UNKNOWN,UNKNOWN,UNKNOWN,Y,,,,,광주광역시,서구,,2026-05-23 19:35:48
A1502006,A1502006,선한병원,광주광역시 서구 무진대로 975 (광천동),광주광역시,서구,G009,응급실운영신고기관,062-466-1000,062-466-1119,35.161551665649306,126.88702689023856,,,,,,,,,,,,,,,,,,,,,,,,,,,,,,,,,,,,,,,,,,,,,,,,,,,,,,,,,,,,,,,,,,,,,,,,,,,,,,,,,,,,,,,,,,,,,,,,,,,,,,,,,,,,,,,,,,,,,,,,,,,,,,,,,,,,,,,,,,,,,,,,,,,,,,,,,,,
A1500020,A1500020,서광병원,광주광역시 서구 금화로59번길 6 (금호동),광주광역시,서구,G006,지역응급의료센터,062-600-8000,062-600-8119,35.132568331498724,126.85552710578938,서광병원,062-600-8119,,,,,,2.0,2.0,,1.0,,,N,Y,N,Y,N,Y,Y,18.0,N1,28.0,N1,20260523193433,N1,Y,,1.0,N1,18.0,2.0,2.0,1.0,,,,,,2.0,0.0,1.0,1.0,0.0,1.0,,,1.0,,,,136.0,,,Y,N1,A1500020,0.0,,8.0,18.0,1.0,,,1.0,1.0,,광주광역시,서구,,,,,,,,,,,,,,,,,,,,,,,,,,,,,,,,,,,,,,,,,,,,,,,,,2026-05-23 19:35:48,서광병원,UNKNOWN,UNKNOWN,UNKNOWN,UNKNOWN,UNKNOWN,UNKNOWN,UNKNOWN,UNKNOWN,UNKNOWN,UNKNOWN,UNKNOWN,UNKNOWN,UNKNOWN,UNKNOWN,Y,Y,UNKNOWN,UNKNOWN,UNKNOWN,UNKNOWN,Y,UNKNOWN,UNKNOWN,UNKNOWN,UNKNOWN,Y,Y,Y,,,,,광주광역시,서구,,2026-05-23 19:35:48
A1500007,A1500007,광주희망병원,광주광역시 북구 하서로 429 (용두동),광주광역시,북구,G007,지역응급의료기관,062-608-6000,062-608-6119,35.21344678097714,126.87471568685204,광주희망병원,062-608-6119,,,,,,,,,1.0,,,,,,Y,N1,N1,N1,8.0,N1,60.0,N1,20260523193040,N1,N1,,3.0,N1,9.0,,,1.0,,,,,,3.0,,,,,,,,,,,,182.0,,,N1,N1,A1500007,1.0,,0.0,8.0,1.0,,,,,,광주광역시,북구,,,,,,,,,,,,,,,,,,,,,,,,,,,,,,,,,,,,,,,,,,,,,,,,,2026-05-23 19:35:48,광주희망병원,UNKNOWN,UNKNOWN,UNKNOWN,UNKNOWN,UNKNOWN,UNKNOWN,UNKNOWN,UNKNOWN,UNKNOWN,UNKNOWN,UNKNOWN,UNKNOWN,UNKNOWN,UNKNOWN,UNKNOWN,UNKNOWN,UNKNOWN,UNKNOWN,UNKNOWN,UNKNOWN,Y,UNKNOWN,UNKNOWN,UNKNOWN,UNKNOWN,UNKNOWN,UNKNOWN,UNKNOWN,,,,,광주광역시,북구,,2026-05-23 19:35:48
A1500005,A1500005,광주일곡병원,광주광역시 북구 양일로 309 (일곡동),광주광역시,북구,G007,지역응급의료기관,062-608-7013,062-608-7119,35.20286119554041,126.8976085768722,광주일곡병원,062-608-7119,,,,,,,,,1.0,,,,Y,,Y,N1,N1,Y,4.0,N1,61.0,N1,20260523193522,N1,Y,,2.0,N1,9.0,,,1.0,,,,,,2.0,,1.0,1.0,,1.0,,,,,,,144.0,,,Y,N1,A1500005,,,,,,,,,,,광주광역시,북구,,,,,,,,,,,,,,,,,,,,,,,,,,,,,,,,,,,,,,,,,,,,,,,,,2026-05-23 19:35:48,광주일곡병원,UNKNOWN,UNKNOWN,UNKNOWN,UNKNOWN,UNKNOWN,UNKNOWN,UNKNOWN,UNKNOWN,UNKNOWN,UNKNOWN,UNKNOWN,UNKNOWN,UNKNOWN,UNKNOWN,UNKNOWN,UNKNOWN,UNKNOWN,UNKNOWN,UNKNOWN,UNKNOWN,Y,UNKNOWN,UNKNOWN,UNKNOWN,UNKNOWN,UNKNOWN,UNKNOWN,UNKNOWN,,,,,광주광역시,북구,,2026-05-23 19:35:48
A1500003,A1500003,광주현대병원,광주광역시 북구 설죽로 291 (용봉동),광주광역시,북구,G007,지역응급의료기관,062-570-0114,062-570-0119,35.18565646419727,126.89798149528588,광주현대병원,062-570-0119,,,,,,,,,1.0,,,,Y,,Y,N1,N1,Y,4.0,N1,73.0,N1,20260523193318,N1,Y,,5.0,N1,9.0,,,1.0,,,,,,5.0,,1.0,2.0,,1.0,,,,,,,236.0,,,Y,N1,A1500003,,,,,,,,,,,광주광역시,북구,1.0,1.0,,,,,,,,,,,,,,,,,,,,,,,,,,,,,,,,,,,,,,,,,,,,,,,2026-05-23 19:35:48,광주현대병원,UNKNOWN,UNKNOWN,UNKNOWN,UNKNOWN,UNKNOWN,UNKNOWN,UNKNOWN,UNKNOWN,UNKNOWN,UNKNOWN,UNKNOWN,UNKNOWN,UNKNOWN,UNKNOWN,UNKNOWN,UNKNOWN,UNKNOWN,UNKNOWN,UNKNOWN,UNKNOWN,Y,UNKNOWN,UNKNOWN,UNKNOWN,UNKNOWN,UNKNOWN,UNKNOWN,UNKNOWN,,,,,광주광역시,북구,,2026-05-23 19:35:48
A1500010,A1500010,운암한국병원,광주광역시 북구 북문대로 191 (운암동),광주광역시,북구,G007,지역응급의료기관,062-608-8000,062-608-8119,35.18513334103592,126.86956982285518,운암한국병원,062-608-8119,,,,,,,,,1.0,,,,Y,,Y,N1,N1,Y,7.0,N1,65.0,N1,20260523193459,N1,N,,,N1,9.0,,,1.0,,,,,,,,1.0,1.0,,1.0,,,,,,,208.0,,,Y,N1,A1500010,,,,,,,,,,,광주광역시,북구,,,,,,,,,,,,,,,,,,,,,,,,,,,,,,,,,,,,,,,,,,,,,,,,,2026-05-23 19:35:48,운암한국병원,UNKNOWN,UNKNOWN,UNKNOWN,UNKNOWN,UNKNOWN,UNKNOWN,UNKNOWN,UNKNOWN,UNKNOWN,UNKNOWN,UNKNOWN,UNKNOWN,UNKNOWN,UNKNOWN,UNKNOWN,UNKNOWN,UNKNOWN,UNKNOWN,UNKNOWN,UNKNOWN,Y,UNKNOWN,UNKNOWN,UNKNOWN,UNKNOWN,UNKNOWN,UNKNOWN,UNKNOWN,,,,,광주광역시,북구,,2026-05-23 19:35:48
A1500015,A1500015,광주병원,광주광역시 북구 면앙로139번길 51 (두암동),광주광역시,북구,G007,지역응급의료기관,062-260-7000,062-260-7119,35.178949208210625,126.9281507303555,광주병원,062-260-7119,,,,,,,,,1.0,,,,Y,Y,Y,Y,N1,Y,4.0,N1,41.0,N1,20260523192720,N1,Y,,4.0,N1,10.0,,,1.0,,,,,,4.0,,1.0,1.0,1.0,1.0,,,,,,,278.0,,,Y,N1,A1500015,,,0.0,13.0,,,,,,,광주광역시,북구,,,,,,,,,,,,,,,,,,,,,,,,,,,,,,,,,,,,,,,,,,,,,,,,,2026-05-23 19:35:48,광주병원,Y,UNKNOWN,Y,UNKNOWN,UNKNOWN,UNKNOWN,UNKNOWN,UNKNOWN,UNKNOWN,UNKNOWN,UNKNOWN,Y,UNKNOWN,UNKNOWN,UNKNOWN,UNKNOWN,UNKNOWN,UNKNOWN,UNKNOWN,UNKNOWN,Y,Y,Y,UNKNOWN,UNKNOWN,Y,Y,Y,,,,,광주광역시,북구,,2026-05-23 19:35:48
A1500057,A1500057,해피뷰병원,광주광역시 북구 경열로 216 (유동),광주광역시,북구,G009,응급실운영신고기관,062-519-9000,062-519-9119,35.15846280570811,126.9066923373126,,,,,,,,,,,,,,,,,,,,,,,,,,,,,,,,,,,,,,,,,,,,,,,,,,,,,,,,,,,,,,,,,,,,,,,,,,,,,,,,,,,,,,,,,,,,,,,,,,,,,,,,,,,,,,,,,,,,,,,,,,,,,,,,,,,,,,,,,,,,,,,,,,,,,,,,,,,
A1500001,A1500001,조선대학교병원,광주광역시 동구 필문대로 365 (서석동),광주광역시,동구,G001,권역응급의료센터,1811-7474,062-220-3129,35.13854706991291,126.92683853357782,조선대학교병원,062-220-3129,Y,Y,,1.0,4.0,4.0,0.0,13.0,0.0,10.0,12.0,Y,Y,Y,Y,Y,Y,Y,4.0,Y,201.0,Y,20260523193414,Y,Y,6.0,14.0,Y,23.0,4.0,0.0,0.0,20.0,16.0,20.0,20.0,28.0,15.0,3.0,5.0,3.0,3.0,65.0,11.0,15.0,24.0,5.0,1.0,1.0,545.0,,2.0,Y,Y,A1500001,0.0,8.0,,,2.0,15.0,,5.0,5.0,,광주광역시,동구,,,,,,,13.0,,,,19.0,,,,,,,,,1.0,2.0,3.0,,,2.0,3.0,,,,,,,2.0,,,,,2.0,,,,,,,,,,,2026-05-23 19:35:48,조선대학교병원,Y,UNKNOWN,Y,UNKNOWN,Y,UNKNOWN,Y,UNKNOWN,UNKNOWN,UNKNOWN,UNKNOWN,Y,UNKNOWN,UNKNOWN,UNKNOWN,Y,Y,Y,UNKNOWN,UNKNOWN,Y,Y,Y,UNKNOWN,UNKNOWN,Y,UNKNOWN,Y,,,,,광주광역시,동구,,2026-05-23 19:35:48
A1500002,A1500002,전남대학교병원,광주광역시 동구 제봉로 42 (학동),광주광역시,동구,G001,권역응급의료센터,062-220-5893,062-220-6801,35.141852541291165,126.92158688926376,전남대학교병원,062-220-6801,Y,Y,,1.0,2.0,4.0,,1.0,,6.0,12.0,Y,Y,Y,Y,Y,Y,Y,10.0,Y,301.0,Y,20260523193500,Y,Y,3.0,18.0,Y,26.0,4.0,,,18.0,11.0,12.0,33.0,30.0,20.0,8.0,5.0,4.0,7.0,86.0,22.0,32.0,12.0,7.0,6.0,1.0,811.0,,2.0,Y,Y,A1500002,,15.0,1.0,8.0,,32.0,,4.0,7.0,,광주광역시,동구,,,,,4.0,2.0,10.0,1.0,0.0,11.0,15.0,20.0,40.0,2.0,,,2.0,6.0,,,2.0,3.0,1.0,9.0,2.0,5.0,2.0,4.0,8.0,13.0,,,,,,,,,,,,,,,,,,,2026-05-23 19:35:48,전남대학교병원,Y,Y,Y,Y,Y,Y,Y,Y,Y,Y,UNKNOWN,Y,Y,UNKNOWN,Y,Y,Y,Y,Y,Y,Y,Y,Y,Y,Y,Y,Y,Y,,,,,광주광역시,동구,,2026-05-23 19:35:48
A1500021,A1500021,광주기독병원,광주광역시 남구 양림로 37 (양림동),광주광역시,남구,G006,지역응급의료센터,062-650-5000,062-650-5119,35.136682861070376,126.91198438867642,광주기독병원,062-650-5119,,,,,0.0,,1.0,1.0,2.0,,,N,Y,Y,Y,Y,Y,Y,9.0,N1,105.0,N1,20260523193126,N1,Y,3.0,9.0,N1,20.0,,1.0,2.0,,16.0,9.0,3.0,,8.0,0.0,2.0,2.0,2.0,11.0,,,2.0,,,,514.0,,,Y,N1,A1500021,0.0,,,,3.0,,,,,,광주광역시,남구,,,,,,,,,,,,,,,,,,,,,,,,,,,,,,,,,,,,,,,,,,,,,,,,,2026-05-23 19:35:48,광주기독병원,N,UNKNOWN,Y,UNKNOWN,UNKNOWN,UNKNOWN,UNKNOWN,UNKNOWN,UNKNOWN,UNKNOWN,UNKNOWN,N,UNKNOWN,UNKNOWN,UNKNOWN,UNKNOWN,UNKNOWN,UNKNOWN,UNKNOWN,UNKNOWN,Y,N,N,UNKNOWN,UNKNOWN,UNKNOWN,UNKNOWN,UNKNOWN,,,,,광주광역시,남구,,2026-05-23 19:35:48
A1500009,A1500009,광주씨티병원,광주광역시 남구 서문대로654번길 5 (진월동),광주광역시,남구,G007,지역응급의료기관,062-460-7000,062-460-7119,35.11776253778263,126.8995475485602,광주씨티병원,062-460-7119,,,,,,,,,1.0,,,,Y,,Y,N1,N1,Y,9.0,N1,70.0,N1,20260523193356,N1,Y,,4.0,N1,10.0,,,1.0,,,,,,4.0,,1.0,1.0,,1.0,,,,,,,173.0,,,Y,N1,A1500009,,,,,,,,,,,광주광역시,남구,,,,,,,,,,,,,,,,,,,,,,,,,,,,,,,,,,,,,,,,,,,,,,,,,2026-05-23 19:35:48,광주씨티병원,UNKNOWN,UNKNOWN,UNKNOWN,UNKNOWN,UNKNOWN,UNKNOWN,UNKNOWN,UNKNOWN,UNKNOWN,UNKNOWN,UNKNOWN,UNKNOWN,UNKNOWN,UNKNOWN,UNKNOWN,UNKNOWN,UNKNOWN,UNKNOWN,UNKNOWN,UNKNOWN,Y,UNKNOWN,Y,UNKNOWN,UNKNOWN,Y,UNKNOWN,Y,,,,,광주광역시,남구,,2026-05-23 19:35:48
A1500078,A1500078,빛고을전남대학교병원,광주광역시 남구 덕남길 80 (덕남동),광주광역시,남구,G009,응급실운영신고기관,1899-0000,,35.094479626794445,126.89638434544383,,,,,,,,,,,,,,,,,,,,,,,,,,,,,,,,,,,,,,,,,,,,,,,,,,,,,,,,,,,,,,,,,,,,,,,,,,,,,,,,,,,,,,,,,,,,,,,,,,,,,,,,,,,,,,,,,,,,,,,,,,,,,,,,,,,,,,,,,,,,,,,,,,,,,,,,,,,
A1500013,A1500013,동아병원,광주광역시 남구 대남대로 238 (백운동),광주광역시,남구,G007,지역응급의료기관,062-650-2500,062-650-2515,35.1347601218069,126.89990593135208,동아병원,062-650-2515,,,,,,,,,1.0,,,,Y,,Y,N1,N1,Y,7.0,N1,94.0,N1,20260523193539,N1,Y,,6.0,N1,9.0,,,1.0,,,,,,6.0,,1.0,2.0,,1.0,,,,,,,276.0,,,Y,N1,A1500013,,,,,,,,,,,광주광역시,남구,,,,,,,,,,,,,,,,,,,,,,,,,,,,,,,,,,,,,,,,,,,,,,,,,2026-05-23 19:35:48,동아병원,UNKNOWN,UNKNOWN,UNKNOWN,UNKNOWN,UNKNOWN,UNKNOWN,UNKNOWN,UNKNOWN,UNKNOWN,UNKNOWN,UNKNOWN,UNKNOWN,UNKNOWN,UNKNOWN,UNKNOWN,UNKNOWN,UNKNOWN,UNKNOWN,UNKNOWN,UNKNOWN,Y,UNKNOWN,UNKNOWN,UNKNOWN,UNKNOWN,UNKNOWN,UNKNOWN,UNKNOWN,,,,,광주광역시,남구,,2026-05-23 19:35:48
A1500011,A1500011,첨단종합병원,광주광역시 광산구 첨단중앙로170번길 59 (쌍암동),광주광역시,광산구,G006,지역응급의료센터,062-601-8000,062-601-8119,35.22113373578457,126.84530205666944,첨단종합병원,062-601-8119,,,,,,,1.0,,2.0,,,,Y,Y,Y,Y,N1,Y,11.0,N1,143.0,N1,20260523193250,N1,Y,,5.0,N1,22.0,,1.0,2.0,,,,,,5.0,,2.0,1.0,1.0,10.0,,,,,,,412.0,,,Y,N1,A1500011,1.0,10.0,6.0,23.0,1.0,49.0,,1.0,1.0,,광주광역시,광산구,,,,,,,,,,,,,,,,,,,,,,,,,,,,,,,,,,,,,,,,,,,,,,,,,2026-05-23 19:35:48,첨단종합병원,UNKNOWN,UNKNOWN,Y,UNKNOWN,UNKNOWN,UNKNOWN,UNKNOWN,UNKNOWN,UNKNOWN,Y,Y,UNKNOWN,Y,UNKNOWN,Y,UNKNOWN,Y,UNKNOWN,Y,UNKNOWN,Y,UNKNOWN,Y,UNKNOWN,UNKNOWN,Y,UNKNOWN,Y,,,,,광주광역시,광산구,,2026-05-23 19:35:48
A1500004,A1500004,광주보훈병원,광주광역시 광산구 첨단월봉로 99 (산월동),광주광역시,광산구,G007,지역응급의료기관,062-602-6021,062-602-6119,35.207797211036485,126.84947860623932,광주보훈병원,062-602-6119,,,,,,,1.0,,0.0,,,,Y,Y,Y,Y,Y,Y,12.0,N1,104.0,N1,20260523193134,N1,Y,,7.0,N1,14.0,,1.0,1.0,,,,,,7.0,,2.0,3.0,2.0,11.0,,,2.0,,,,512.0,,,Y,N1,A1500004,1.0,,17.0,25.0,1.0,,,2.0,2.0,,광주광역시,광산구,,,,,,,,,,,,,,,,,,,,,,,,,,,,,,,,,,,,,,,,,,,,,,,,,2026-05-23 19:35:48,광주보훈병원,Y,UNKNOWN,UNKNOWN,UNKNOWN,UNKNOWN,UNKNOWN,UNKNOWN,UNKNOWN,UNKNOWN,UNKNOWN,UNKNOWN,UNKNOWN,UNKNOWN,UNKNOWN,UNKNOWN,UNKNOWN,UNKNOWN,UNKNOWN,UNKNOWN,UNKNOWN,Y,UNKNOWN,UNKNOWN,UNKNOWN,UNKNOWN,UNKNOWN,UNKNOWN,UNKNOWN,,,,,광주광역시,광산구,,2026-05-23 19:35:48
A1500018,A1500018,광주수완병원,광주광역시 광산구 임방울대로 370 (수완동),광주광역시,광산구,G007,지역응급의료기관,062-958-1111,062-958-1119,35.19303617477934,126.82420927535313,광주수완병원,062-958-1119,,,,,,,,,0.0,,,,Y,,Y,N1,N1,Y,8.0,N1,43.0,N1,20260523192850,N1,Y,,3.0,N1,9.0,,,1.0,,,,,,3.0,,1.0,1.0,,2.0,,,,,,,177.0,,,Y,N1,A1500018,,,,,,,,,,,광주광역시,광산구,,,,,,,,,,,,,,,,,,,,,,,,,,,,,,,,,,,,,,,,,,,,,,,,,2026-05-23 19:35:48,광주수완병원,UNKNOWN,UNKNOWN,UNKNOWN,UNKNOWN,UNKNOWN,UNKNOWN,UNKNOWN,UNKNOWN,UNKNOWN,UNKNOWN,UNKNOWN,UNKNOWN,UNKNOWN,UNKNOWN,UNKNOWN,UNKNOWN,UNKNOWN,UNKNOWN,UNKNOWN,UNKNOWN,Y,UNKNOWN,UNKNOWN,UNKNOWN,UNKNOWN,UNKNOWN,UNKNOWN,UNKNOWN,,,,,광주광역시,광산구,,2026-05-23 19:35:48
A1500017,A1500017,하남성심병원,광주광역시 광산구 용아로 259 하남성심병원 (산정동),광주광역시,광산구,G007,지역응급의료기관,062-953-6000,062-958-1250,35.1664063968,126.800894228816,하남성심병원,062-958-1250,,,,,,,,,1.0,,,,Y,,Y,N1,N1,Y,11.0,N1,13.0,N1,20260523193311,N1,Y,,5.0,N1,19.0,,,1.0,,,,,,5.0,,1.0,1.0,,4.0,,,,,,,261.0,,,Y,N1,A1500017,,,0.0,10.0,,,,,,,광주광역시,광산구,,,,,,,,,,,,,,,,,,,,,,,,,,,,,,,,,,,,,,,,,,,,,,,,,2026-05-23 19:35:48,하남성심병원,UNKNOWN,UNKNOWN,UNKNOWN,UNKNOWN,UNKNOWN,UNKNOWN,UNKNOWN,UNKNOWN,UNKNOWN,UNKNOWN,UNKNOWN,UNKNOWN,UNKNOWN,UNKNOWN,UNKNOWN,UNKNOWN,UNKNOWN,UNKNOWN,UNKNOWN,UNKNOWN,Y,UNKNOWN,UNKNOWN,UNKNOWN,UNKNOWN,UNKNOWN,UNKNOWN,UNKNOWN,,,,,광주광역시,광산구,,2026-05-23 19:35:48
A1500019,A1500019,KS병원,광주광역시 광산구 왕버들로 220 (수완동),광주광역시,광산구,G006,지역응급의료센터,062-975-9000,062-975-9119,35.197963178976366,126.83322475289852,KS병원,062-975-9119,,,,,3.0,7.0,1.0,,2.0,,,,Y,Y,Y,Y,Y,Y,8.0,N1,49.0,Y,20260523193149,N1,Y,,4.0,N1,15.0,7.0,1.0,2.0,,11.0,,,,4.0,,2.0,2.0,1.0,5.0,,,1.0,,1.0,,270.0,,,Y,N1,A1500019,,,2.0,12.0,,,,,,,광주광역시,광산구,0.0,0.0,,,,,,,,,,,,,,,,,,,,,,,,,,,,,,,,,,,,,,,,,,,,,,,2026-05-23 19:35:48,KS병원,Y,UNKNOWN,Y,UNKNOWN,UNKNOWN,UNKNOWN,UNKNOWN,UNKNOWN,UNKNOWN,UNKNOWN,UNKNOWN,UNKNOWN,UNKNOWN,UNKNOWN,Y,Y,UNKNOWN,UNKNOWN,UNKNOWN,UNKNOWN,Y,UNKNOWN,Y,UNKNOWN,UNKNOWN,Y,Y,Y,,,,,광주광역시,광산구,,2026-05-23 19:35:48
A1502007,A1502007,광주센트럴병원,"광주광역시 광산구 수완로 6, A동1,3,5,6층/B동동 (신가동)",광주광역시,광산구,G007,지역응급의료기관,062-950-9700,062-960-5119,35.185893735732634,126.82909951503984,광주센트럴병원,062-960-5119,,,,,,,,,1.0,,,,Y,,Y,N1,N1,Y,6.0,N1,45.0,N1,20260523193508,N1,Y,,3.0,N1,10.0,,,1.0,,,,,,3.0,,1.0,1.0,,1.0,,,,,,,299.0,,,Y,N1,A1502007,,,,,,,,,,,광주광역시,광산구,,,,,,,,,,,,,,,,,,,,,,,,,,,,,,,,,,,,,,,,,,,,,,,,,2026-05-23 19:35:48,광주센트럴병원,UNKNOWN,UNKNOWN,UNKNOWN,UNKNOWN,UNKNOWN,UNKNOWN,UNKNOWN,UNKNOWN,UNKNOWN,UNKNOWN,UNKNOWN,UNKNOWN,UNKNOWN,UNKNOWN,UNKNOWN,UNKNOWN,UNKNOWN,UNKNOWN,UNKNOWN,UNKNOWN,Y,UNKNOWN,UNKNOWN,UNKNOWN,UNKNOWN,UNKNOWN,UNKNOWN,UNKNOWN,,,,,광주광역시,광산구,,2026-05-23 19:35:48
A1500043,A1500043,광주열린병원,광주광역시 광산구 송도로 271 (송정동),광주광역시,광산구,G009,응급실운영신고기관,062-610-9000,062-610-9119,35.13768234340966,126.79889471288638,,,,,,,,,,,,,,,,,,,,,,,,,,,,,,,,,,,,,,,,,,,,,,,,,,,,,,,,,,,,,,,,,,,,,,,,,,,,,,,,,,,,,,,,,,,,,,,,,,,,,,,,,,,,,,,,,,,,,,,,,,,,,,,,,,,,,,,,,,,,,,,,,,,,,,,,,,,
A1500071,A1500071,송정사랑병원,"광주광역시 광산구 송도로 232 (송정동, 송정사랑병원)",광주광역시,광산구,G009,응급실운영신고기관,062-949-9000,062-949-9119,35.13421179794,126.79736841847564,,,,,,,,,,,,,,,,,,,,,,,,,,,,,,,,,,,,,,,,,,,,,,,,,,,,,,,,,,,,,,,,,,,,,,,,,,,,,,,,,,,,,,,,,,,,,,,,,,,,,,,,,,,,,,,,,,,,,,,,,,,,,,,,,,,,,,,,,,,,,,,,,,,,,,,,,,,
A1500006,A1500006,신가병원,광주광역시 광산구 목련로 316 (신가동),광주광역시,광산구,G007,지역응급의료기관,062-610-8702,062-610-8119,35.177619444444446,126.8298,신가병원,062-610-8119,,,,,,,,,1.0,,,,Y,,Y,N1,N1,Y,9.0,N1,51.0,N1,20260523193427,N1,Y,,3.0,N1,9.0,,,1.0,,,,,,3.0,,1.0,1.0,,1.0,,,,,,,201.0,,,Y,N1,A1500006,,,,,,,,,,,광주광역시,광산구,1.0,1.0,,,,,,,,,,,,,,,,,,,,,,,,,,,,,,,,,,,,,,,,,,,,,,,2026-05-23 19:35:48,신가병원,UNKNOWN,UNKNOWN,UNKNOWN,UNKNOWN,UNKNOWN,UNKNOWN,UNKNOWN,UNKNOWN,UNKNOWN,UNKNOWN,UNKNOWN,UNKNOWN,UNKNOWN,UNKNOWN,UNKNOWN,UNKNOWN,UNKNOWN,UNKNOWN,UNKNOWN,UNKNOWN,Y,UNKNOWN,UNKNOWN,UNKNOWN,UNKNOWN,UNKNOWN,UNKNOWN,UNKNOWN,,,,,광주광역시,광산구,,2026-05-23 19:35:48
A1600001,A1600001,충남대학교병원,"대전광역시 중구 문화로 282 (대사동, 충남대학교병원)",대전광역시,중구,G001,권역응급의료센터,1599-7123,042-280-8129,36.31696055071064,127.41546133417684,충남대학교병원,042-280-8129,Y,Y,,,4.0,2.0,2.0,5.0,3.0,6.0,22.0,Y,Y,Y,Y,Y,Y,Y,-3.0,Y,245.0,Y,20260523193500,Y,Y,6.0,21.0,N1,28.0,6.0,2.0,3.0,20.0,16.0,14.0,34.0,30.0,21.0,5.0,5.0,4.0,5.0,76.0,12.0,36.0,6.0,8.0,2.0,,949.0,,,Y,Y,A1600001,8.0,14.0,0.0,12.0,8.0,26.0,,9.0,14.0,,대전광역시,중구,0.0,0.0,,,,,,,,,,,,,,,,,,,0.0,0.0,,,0.0,0.0,1.0,4.0,5.0,10.0,,,,,,,,,,,,,,,,,,,2026-05-23 19:35:48,충남대학교병원,Y,Y,Y,UNKNOWN,UNKNOWN,UNKNOWN,Y,Y,Y,Y,UNKNOWN,Y,Y,Y,Y,Y,Y,Y,UNKNOWN,UNKNOWN,Y,Y,Y,Y,Y,Y,Y,Y,,,,,대전광역시,중구,,2026-05-23 19:35:48
A1600008,A1600008,의료법인영훈의료재단대전선병원,"대전광역시 중구 목중로 29 (목동,(목동))",대전광역시,중구,G006,지역응급의료센터,042-220-8114,042-220-8129,36.3359621088938,127.41011056508802,의료법인영훈의료재단대전선병원,042-220-8129,,,,,,,1.0,,3.0,,,Y,Y,Y,Y,Y,Y,Y,11.0,N1,79.0,N1,20260523193418,N1,Y,,7.0,N1,17.0,,1.0,3.0,,,,,,7.0,1.0,2.0,2.0,2.0,11.0,,,3.0,,,,311.0,,,Y,N1,A1600008,0.0,,6.0,24.0,1.0,,,0.0,1.0,,대전광역시,중구,,,,,,,,,,,,,,,,,,,,,,,,,,,,,,,,,,,,,,,,,,,,,,,,,2026-05-23 19:35:48,의료법인영훈의료재단대전선병원,Y,UNKNOWN,Y,UNKNOWN,UNKNOWN,UNKNOWN,UNKNOWN,Y,Y,Y,UNKNOWN,Y,Y,Y,Y,Y,UNKNOWN,UNKNOWN,Y,UNKNOWN,Y,Y,Y,UNKNOWN,UNKNOWN,Y,Y,Y,,,,,대전광역시,중구,,2026-05-23 19:35:48
A1600005,A1600005,학교법인가톨릭학원가톨릭대학교대전성모병원,"대전광역시 중구 대흥로 64, 성모병원 (대흥동)",대전광역시,중구,G006,지역응급의료센터,042-220-9114,042-220-9118,36.32302490017959,127.42027313317438,학교법인가톨릭학원가톨릭대학교대전성모병원,042-220-9118,Y,Y,,,3.0,,2.0,2.0,,,,Y,Y,Y,Y,Y,Y,Y,10.0,Y,189.0,N1,20260523193509,Y,Y,4.0,12.0,N1,19.0,,3.0,,,15.0,3.0,4.0,,12.0,1.0,3.0,2.0,4.0,24.0,5.0,7.0,5.0,2.0,,,537.0,,,Y,Y,A1600005,0.0,,,,1.0,,,1.0,4.0,,대전광역시,중구,,,,,,,1.0,,,,9.0,,,,,,,,,,,,0.0,3.0,,,,2.0,,3.0,,,,,,,,,,,0.0,2.0,,,,,,,2026-05-23 19:35:48,학교법인가톨릭학원가톨릭대학교대전성모병원,Y,UNKNOWN,Y,UNKNOWN,UNKNOWN,UNKNOWN,UNKNOWN,Y,Y,Y,UNKNOWN,Y,UNKNOWN,UNKNOWN,Y,Y,UNKNOWN,UNKNOWN,Y,Y,Y,Y,Y,UNKNOWN,UNKNOWN,Y,Y,Y,,,,,대전광역시,중구,,2026-05-23 19:35:48
A1600007,A1600007,의료법인영훈의료재단유성선병원,대전광역시 유성구 북유성대로 93 (지족동),대전광역시,유성구,G006,지역응급의료센터,042-609-1000,042-609-1119,36.37535496572087,127.32491359339664,의료법인영훈의료재단유성선병원,042-609-1119,,,,,,,2.0,,1.0,,,Y,Y,Y,Y,Y,Y,Y,11.0,Y,125.0,N1,20260523193456,N1,Y,,-2.0,N1,17.0,,2.0,1.0,,,,,,7.0,1.0,3.0,2.0,2.0,16.0,,,2.0,1.0,,,368.0,,,Y,N1,A1600007,1.0,,5.0,19.0,1.0,,,1.0,1.0,,대전광역시,유성구,,,,,,,,,,,,,,,,,,,,,,,,,,,,,,,,,,,,,,,,,,,,,,,,,2026-05-23 19:35:48,의료법인영훈의료재단유성선병원,Y,UNKNOWN,Y,UNKNOWN,UNKNOWN,UNKNOWN,UNKNOWN,UNKNOWN,UNKNOWN,UNKNOWN,UNKNOWN,Y,UNKNOWN,UNKNOWN,UNKNOWN,UNKNOWN,UNKNOWN,UNKNOWN,UNKNOWN,UNKNOWN,Y,N,N,UNKNOWN,UNKNOWN,Y,UNKNOWN,Y,,,,,대전광역시,유성구,,2026-05-23 19:35:48
A1600002,A1600002,학교법인을지학원대전을지대학교병원,대전광역시 서구 둔산서로 95 (둔산동),대전광역시,서구,G006,지역응급의료센터,042-611-3000,042-259-1119,36.35506871267816,127.38199955857137,학교법인을지학원대전을지대학교병원,042-259-1119,Y,Y,,,3.0,,2.0,4.0,1.0,,,Y,Y,Y,Y,Y,Y,Y,18.0,Y,110.0,Y,20260523193500,Y,Y,15.0,14.0,N1,21.0,,2.0,1.0,,20.0,20.0,20.0,,15.0,16.0,4.0,2.0,4.0,70.0,12.0,47.0,7.0,3.0,3.0,,331.0,,,Y,Y,A1600002,0.0,6.0,,,11.0,20.0,0.0,,,30.0,대전광역시,서구,3.0,3.0,0.0,0.0,6.0,2.0,,2.0,3.0,6.0,,20.0,40.0,2.0,0.0,0.0,2.0,6.0,,,,,,,,,,3.0,,5.0,,,,0.0,0.0,,,,0.0,0.0,,,,,,,,,2026-05-23 19:35:48,학교법인을지학원대전을지대학교병원,Y,N,N,N,UNKNOWN,UNKNOWN,Y,Y,Y,Y,UNKNOWN,Y,Y,Y,Y,Y,Y,UNKNOWN,Y,UNKNOWN,Y,Y,Y,Y,Y,Y,Y,Y,,,,,대전광역시,서구,,2026-05-23 19:35:48
A1600006,A1600006,학교법인건양교육재단건양대학교병원,"대전광역시 서구 관저동로 158, 건양대학교병원 (관저동)",대전광역시,서구,G001,권역응급의료센터,042-600-9999,042-600-9119,36.306711701457246,127.34263046359918,학교법인건양교육재단건양대학교병원,042-600-9119,Y,Y,1.0,1.0,,1.0,2.0,,2.0,10.0,9.0,Y,Y,Y,Y,Y,Y,Y,12.0,Y,367.0,Y,20260523193324,Y,Y,3.0,20.0,Y,24.0,5.0,2.0,3.0,16.0,,,24.0,28.0,20.0,2.0,4.0,4.0,4.0,46.0,17.0,23.0,10.0,3.0,1.0,1.0,658.0,1.0,3.0,Y,Y,A1600006,3.0,11.0,28.0,59.0,5.0,20.0,0.0,0.0,1.0,0.0,대전광역시,서구,,,0.0,,,,,,,,,,,,0.0,,,,,,,0.0,,,,0.0,,,,,,4.0,0.0,0.0,0.0,,4.0,0.0,0.0,0.0,,,,,,,,,2026-05-23 19:35:48,학교법인건양교육재단건양대학교병원,Y,Y,Y,Y,Y,UNKNOWN,Y,Y,Y,Y,UNKNOWN,Y,UNKNOWN,UNKNOWN,Y,Y,Y,Y,Y,Y,Y,Y,Y,Y,Y,Y,Y,Y,,,,,대전광역시,서구,,2026-05-23 19:35:48
A1602246,A1602246,대청병원,"대전광역시 서구 계백로 1322 (정림동, 대청병원)",대전광역시,서구,G007,지역응급의료기관,1899-6075,042-589-0119,36.308286328996566,127.37055327992432,대청병원,042-589-0119,,,,,,,,,1.0,,,,Y,,Y,N1,Y,Y,8.0,N1,111.0,N1,20260523193507,N1,Y,,3.0,N1,9.0,,,1.0,,,,,,3.0,,2.0,1.0,,10.0,,,1.0,,,,245.0,,,Y,N1,A1602246,,,0.0,17.0,,,,,,,대전광역시,서구,,,,,,,,,,,,,,,,,,,,,,,,,,,,,,,,,,,,,,,,,,,,,,,,,2026-05-23 19:35:48,대청병원,UNKNOWN,UNKNOWN,UNKNOWN,UNKNOWN,UNKNOWN,UNKNOWN,UNKNOWN,UNKNOWN,UNKNOWN,UNKNOWN,UNKNOWN,UNKNOWN,UNKNOWN,UNKNOWN,UNKNOWN,UNKNOWN,UNKNOWN,UNKNOWN,UNKNOWN,UNKNOWN,Y,UNKNOWN,UNKNOWN,UNKNOWN,UNKNOWN,UNKNOWN,UNKNOWN,UNKNOWN,,,,,대전광역시,서구,,2026-05-23 19:35:48
A1600003,A1600003,대전한국병원,대전광역시 동구 동서대로 1672 (성남동),대전광역시,동구,G007,지역응급의료기관,042-606-1000,042-606-1119,36.34831776122198,127.43575049626224,대전한국병원,042-606-1119,,Y,,,,,1.0,,,,,Y,Y,Y,Y,Y,Y,Y,5.0,N1,54.0,N1,20260523193502,Y,Y,,4.0,N1,9.0,,1.0,,,,,,,4.0,4.0,2.0,2.0,2.0,6.0,,1.0,1.0,,,,241.0,,,Y,N1,A1600003,,,2.0,12.0,,,,,,,대전광역시,동구,,,,,,,,,,,,,,,,,,,,,,,,,,,,,,,,,,,,,,,,,,,,,,,,,2026-05-23 19:35:48,대전한국병원,UNKNOWN,Y,Y,UNKNOWN,UNKNOWN,UNKNOWN,UNKNOWN,UNKNOWN,Y,Y,UNKNOWN,Y,UNKNOWN,UNKNOWN,UNKNOWN,UNKNOWN,UNKNOWN,UNKNOWN,Y,Y,Y,Y,Y,UNKNOWN,UNKNOWN,Y,UNKNOWN,Y,,,,,대전광역시,동구,,2026-05-23 19:35:48
A1600014,A1600014,대전화병원,대전광역시 동구 동대전로 39 (신안동),대전광역시,동구,G009,응급실운영신고기관,042-620-7575,070-7609-3531,36.32899497492114,127.43918933617724,,,,,,,,,,,,,,,,,,,,,,,,,,,,,,,,,,,,,,,,,,,,,,,,,,,,,,,,,,,,,,,,,,,,,,,,,,,,,,,,,,,,,,,,,,,,,,,,,,,,,,,,,,,,,,,,,,,,,,,,,,,,,,,,,,,,,,,,,,,,,,,,,,,,,,,,,,,
A1600004,A1600004,대전보훈병원,대전광역시 대덕구 대청로82번길 147 (신탄진동),대전광역시,대덕구,G007,지역응급의료기관,042-939-0111,042-939-0100,36.4469365928189,127.43940812262,대전보훈병원,042-939-0100,,,,,,,1.0,,1.0,,,,Y,Y,Y,Y,N1,Y,7.0,N1,80.0,N1,20260523193226,N1,Y,,5.0,N1,7.0,,1.0,1.0,,,,,,5.0,,1.0,3.0,1.0,11.0,,,,,,,316.0,,,Y,N1,A1600004,1.0,,2.0,10.0,1.0,,,0.0,1.0,,대전광역시,대덕구,,,,,,,,,,,,,,,,,,,,,,,,,,,,,,,,,,,,,,,,,,,,,,,,,2026-05-23 19:35:48,대전보훈병원,UNKNOWN,UNKNOWN,UNKNOWN,UNKNOWN,UNKNOWN,UNKNOWN,UNKNOWN,UNKNOWN,UNKNOWN,UNKNOWN,UNKNOWN,UNKNOWN,UNKNOWN,UNKNOWN,UNKNOWN,UNKNOWN,UNKNOWN,UNKNOWN,UNKNOWN,UNKNOWN,Y,UNKNOWN,UNKNOWN,UNKNOWN,UNKNOWN,UNKNOWN,UNKNOWN,UNKNOWN,,,,,대전광역시,대덕구,,2026-05-23 19:35:48
A1600009,A1600009,근로복지공단대전병원,대전광역시 대덕구 계족로 637 (법동),대전광역시,대덕구,G009,응급실운영신고기관,042-670-5419,042-670-5119,36.36857686754784,127.42849985514822,,,,,,,,,,,,,,,,,,,,,,,,,,,,,,,,,,,,,,,,,,,,,,,,,,,,,,,,,,,,,,,,,,,,,,,,,,,,,,,,,,,,,,,,,,,,,,,,,,,,,,,,,,,,,,,,,,,,,,,,,,,,,,,,,,,,,,,,,,,,,,,,,,,,,,,,,,,
A1700036,A1700036,의료법인에스엠씨의료재단울산세민병원,울산광역시 중구 학성로 184 (학성동),울산광역시,중구,G009,응급실운영신고기관,052-290-0114,052-290-0119,35.556584160908145,129.33096884743864,,,,,,,,,,,,,,,,,,,,,,,,,,,,,,,,,,,,,,,,,,,,,,,,,,,,,,,,,,,,,,,,,,,,,,,,,,,,,,,,,,,,,,,,,,,,,,,,,,,,,,,,,,,,,,,,,,,,,,,,,,,,,,,,,,,,,,,,,,,,,,,,,,,,,,,,,,,
A1700002,A1700002,의료법인동강의료재단동강병원,울산광역시 중구 태화로 239 (태화동),울산광역시,중구,G006,지역응급의료센터,052-241-1114,052-241-1190,35.55340950863559,129.30194290200075,의료법인동강의료재단동강병원,052-241-1190,,,,,4.0,,1.0,3.0,2.0,,,,Y,Y,Y,Y,Y,Y,18.0,Y,165.0,N1,20260523193135,N1,Y,,8.0,N1,24.0,,1.0,2.0,,14.0,9.0,,,8.0,,3.0,2.0,3.0,25.0,,,7.0,3.0,,,513.0,,,Y,N1,A1700002,0.0,,,,1.0,,,0.0,2.0,,울산광역시,중구,,,,,,,,,,,,,,,,,,,,1.0,,,,,,,,0.0,,13.0,,,,,,,,,,,,,,,,,,,2026-05-23 19:35:48,의료법인동강의료재단동강병원,Y,Y,UNKNOWN,UNKNOWN,UNKNOWN,UNKNOWN,UNKNOWN,UNKNOWN,UNKNOWN,Y,Y,Y,UNKNOWN,UNKNOWN,Y,Y,UNKNOWN,UNKNOWN,Y,UNKNOWN,Y,Y,Y,Y,Y,Y,Y,Y,,,,,울산광역시,중구,,2026-05-23 19:35:48
A1701489,A1701489,의료법인동강의료재단동천동강병원,"울산광역시 중구 외솔큰길 215 (남외동, 동천동강병원)",울산광역시,중구,G009,응급실운영신고기관,052-702-3114,052-702-3456,35.5685460268,129.350477985,,,,,,,,,,,,,,,,,,,,,,,,,,,,,,,,,,,,,,,,,,,,,,,,,,,,,,,,,,,,,,,,,,,,,,,,,,,,,,,,,,,,,,,,,,,,,,,,,,,,,,,,,,,,,,,,,,,,,,,,,,,,,,,,,,,,,,,,,,,,,,,,,,,,,,,,,,,
A1700001,A1700001,서울산보람병원,"울산광역시 울주군 삼남읍 중평로 53, 서울산보람병원",울산광역시,울주군,G007,지역응급의료기관,052-255-7114,052-255-7119,35.55991148325753,129.12071299840133,서울산보람병원,052-255-7119,,,,,,,,,1.0,,,,Y,,Y,N1,N1,Y,8.0,N1,94.0,N1,20260523193144,N1,Y,,3.0,N1,10.0,,,1.0,,,,,,3.0,,1.0,1.0,,1.0,,,,,,,213.0,,,Y,N1,A1700001,,,,,,,,,,,울산광역시,울주군,,,,,,,,,,,,,,,,,,,,,,,,,,,,,,,,,,,,,,,,,,,,,,,,,2026-05-23 19:35:48,서울산보람병원,UNKNOWN,UNKNOWN,UNKNOWN,UNKNOWN,UNKNOWN,UNKNOWN,UNKNOWN,UNKNOWN,UNKNOWN,UNKNOWN,UNKNOWN,UNKNOWN,UNKNOWN,UNKNOWN,UNKNOWN,UNKNOWN,UNKNOWN,UNKNOWN,UNKNOWN,UNKNOWN,Y,UNKNOWN,Y,UNKNOWN,UNKNOWN,UNKNOWN,UNKNOWN,UNKNOWN,,,,,울산광역시,울주군,,2026-05-23 19:35:48
A1700007,A1700007,울산엘리야병원,울산광역시 북구 호계로 285 (호계동),울산광역시,북구,G009,응급실운영신고기관,052-290-2100,052-290-2119,35.62891129475159,129.350630148322,,,,,,,,,,,,,,,,,,,,,,,,,,,,,,,,,,,,,,,,,,,,,,,,,,,,,,,,,,,,,,,,,,,,,,,,,,,,,,,,,,,,,,,,,,,,,,,,,,,,,,,,,,,,,,,,,,,,,,,,,,,,,,,,,,,,,,,,,,,,,,,,,,,,,,,,,,,
A1700025,A1700025,의료법인송은의료재단울산시티병원,울산광역시 북구 산업로 1007 (연암동),울산광역시,북구,G006,지역응급의료센터,052-280-9000,052-280-9119,35.58285370330335,129.35905740278503,의료법인송은의료재단울산시티병원,052-280-9119,,,,,,,1.0,,2.0,,,,Y,Y,Y,Y,Y,Y,11.0,N1,47.0,N1,20260523193506,N1,Y,,8.0,N1,17.0,,1.0,2.0,,,,,,8.0,,2.0,2.0,2.0,17.0,,,4.0,,,,350.0,,,Y,N1,A1700025,1.0,,9.0,26.0,3.0,,,,,,울산광역시,북구,,,,,,,,,,,,,,,,,,,,,,,,,,,,,,,,,,,,,,,,,,,,,,,,,2026-05-23 19:35:48,의료법인송은의료재단울산시티병원,Y,UNKNOWN,UNKNOWN,UNKNOWN,UNKNOWN,UNKNOWN,UNKNOWN,UNKNOWN,UNKNOWN,UNKNOWN,UNKNOWN,Y,Y,UNKNOWN,UNKNOWN,Y,UNKNOWN,UNKNOWN,UNKNOWN,UNKNOWN,Y,Y,Y,UNKNOWN,UNKNOWN,Y,UNKNOWN,Y,,,,,울산광역시,북구,,2026-05-23 19:35:48
A1700004,A1700004,학교법인울산공업학원울산대학교병원,"울산광역시 동구 대학병원로 25, 울산대학교병원 (전하동)",울산광역시,동구,G001,권역응급의료센터,052-250-7000,052-250-7000,35.5200593154,129.4288047478,학교법인울산공업학원울산대학교병원,052-250-7000,Y,Y,,1.0,6.0,7.0,0.0,12.0,0.0,6.0,24.0,Y,Y,Y,Y,Y,Y,Y,-5.0,Y,199.0,Y,20260523193025,Y,Y,1.0,20.0,N1,21.0,8.0,0.0,0.0,12.0,13.0,16.0,26.0,36.0,20.0,5.0,7.0,5.0,6.0,83.0,14.0,27.0,17.0,8.0,4.0,,725.0,,8.0,Y,Y,A1700004,7.0,2.0,3.0,8.0,8.0,20.0,,0.0,0.0,,울산광역시,동구,,,,5.0,17.0,2.0,,2.0,2.0,15.0,,20.0,42.0,2.0,,5.0,2.0,6.0,,,3.0,3.0,,,3.0,3.0,,2.0,,6.0,,,,,4.0,,,,,4.0,2.0,2.0,,,,,,,2026-05-23 19:35:48,학교법인울산공업학원울산대학교병원,Y,Y,UNKNOWN,UNKNOWN,Y,UNKNOWN,Y,Y,Y,Y,UNKNOWN,Y,UNKNOWN,UNKNOWN,Y,Y,Y,N,Y,Y,Y,Y,Y,Y,Y,Y,Y,Y,,,,,울산광역시,동구,,2026-05-23 19:35:48
A1700003,A1700003,울산병원,울산광역시 남구 월평로171번길 13 (신정동),울산광역시,남구,G006,지역응급의료센터,052-259-5000,052-259-5119,35.54621707569275,129.32309962689618,울산병원,052-259-5119,,,,,,,1.0,,2.0,,,,Y,Y,Y,Y,Y,Y,11.0,Y,76.0,Y,20260523193507,N1,Y,,4.0,Y,19.0,,1.0,2.0,,,,,,4.0,,2.0,2.0,3.0,11.0,,,4.0,1.0,2.0,2.0,346.0,,,Y,N1,A1700003,0.0,,9.0,19.0,1.0,,,,,,울산광역시,남구,,,,,,,,,,,,,,,,,,,,,,,,,,,,,,,,,,,,,,,,,,,,,,,,,2026-05-23 19:35:48,울산병원,Y,Y,Y,UNKNOWN,Y,UNKNOWN,UNKNOWN,UNKNOWN,UNKNOWN,Y,UNKNOWN,Y,UNKNOWN,UNKNOWN,Y,Y,UNKNOWN,UNKNOWN,Y,UNKNOWN,Y,Y,Y,UNKNOWN,UNKNOWN,Y,Y,Y,,,,,울산광역시,남구,,2026-05-23 19:35:48
A1700010,A1700010,굿모닝병원,울산광역시 남구 삼산로 110 (달동),울산광역시,남구,G009,응급실운영신고기관,052-259-9000,052-259-9119,35.535010719916684,129.31995893362847,,,,,,,,,,,,,,,,,,,,,,,,,,,,,,,,,,,,,,,,,,,,,,,,,,,,,,,,,,,,,,,,,,,,,,,,,,,,,,,,,,,,,,,,,,,,,,,,,,,,,,,,,,,,,,,,,,,,,,,,,,,,,,,,,,,,,,,,,,,,,,,,,,,,,,,,,,,
A1700011,A1700011,의료법인은성의료재단좋은삼정병원,울산광역시 남구 북부순환도로 51 (무거동),울산광역시,남구,G007,지역응급의료기관,052-220-7500,052-220-7600,35.55282641650826,129.26899792409964,의료법인은성의료재단좋은삼정병원,052-220-7600,,,,,,,,,1.0,,,,Y,Y,Y,Y,Y,Y,5.0,N1,48.0,N1,20260523193152,N1,Y,,7.0,N1,9.0,,,1.0,,,,,,8.0,,2.0,2.0,1.0,5.0,,,1.0,,,,283.0,,,Y,N1,A1700011,1.0,,3.0,14.0,1.0,,,0.0,1.0,,울산광역시,남구,,,,,,,,,,,,,,,,,,,,,,,,,,,,,,,,,,,,,,,,,,,,,,,,,2026-05-23 19:35:48,의료법인은성의료재단좋은삼정병원,Y,UNKNOWN,UNKNOWN,UNKNOWN,UNKNOWN,UNKNOWN,UNKNOWN,UNKNOWN,UNKNOWN,UNKNOWN,Y,UNKNOWN,UNKNOWN,UNKNOWN,Y,UNKNOWN,UNKNOWN,UNKNOWN,UNKNOWN,UNKNOWN,Y,UNKNOWN,UNKNOWN,UNKNOWN,UNKNOWN,Y,UNKNOWN,Y,,,,,울산광역시,남구,,2026-05-23 19:35:48
A1700028,A1700028,의료법인정안의료재단중앙병원,"울산광역시 남구 문수로 472, 중앙병원 (신정동)",울산광역시,남구,G006,지역응급의료센터,052-226-1100,052-226-1119,35.53208761614168,129.3048401436768,의료법인정안의료재단중앙병원,052-226-1119,,,,,,,1.0,,2.0,,,,Y,Y,Y,Y,Y,Y,10.0,N1,60.0,N1,20260523193310,N1,Y,,8.0,N1,17.0,,1.0,2.0,,,,,,8.0,,2.0,2.0,2.0,7.0,,,2.0,,,,339.0,,,Y,N1,A1700028,0.0,,4.0,20.0,2.0,,,1.0,1.0,,울산광역시,남구,,,,,,,,,,,,,,,,,,,,,,,,,,,,,,,,,,,,,,,,,,,,,,,,,2026-05-23 19:35:48,의료법인정안의료재단중앙병원,Y,UNKNOWN,Y,UNKNOWN,UNKNOWN,UNKNOWN,UNKNOWN,UNKNOWN,UNKNOWN,UNKNOWN,UNKNOWN,Y,UNKNOWN,UNKNOWN,UNKNOWN,UNKNOWN,UNKNOWN,UNKNOWN,UNKNOWN,UNKNOWN,Y,Y,Y,UNKNOWN,UNKNOWN,Y,UNKNOWN,Y,,,,,울산광역시,남구,,2026-05-23 19:35:48
A1700023,A1700023,(의)내경의료재단울산제일병원,울산광역시 남구 남산로354번길 26 (신정동),울산광역시,남구,G009,응급실운영신고기관,052-220-3300,052-220-3334,35.54823820112527,129.30701143429678,,,,,,,,,,,,,,,,,,,,,,,,,,,,,,,,,,,,,,,,,,,,,,,,,,,,,,,,,,,,,,,,,,,,,,,,,,,,,,,,,,,,,,,,,,,,,,,,,,,,,,,,,,,,,,,,,,,,,,,,,,,,,,,,,,,,,,,,,,,,,,,,,,,,,,,,,,,
A1800417,A1800417,의료법인 영제 의료재단 엔케이세종병원,"세종특별자치시 한누리대로 161, 세종시 NK리움힐 상가 1~8층 (나성동)",세종특별자치시,한누리대로,G007,지역응급의료기관,044-850-7700,044-850-7705,36.47962250753158,127.26225618927695,의료법인 영제 의료재단 엔케이세종병원,044-850-7705,,,,,,,,,1.0,,,,Y,,Y,N1,N1,Y,8.0,N1,134.0,N1,20260523193428,N1,Y,,3.0,N1,10.0,,,1.0,,,,,,3.0,,1.0,1.0,,1.0,,,,,,,200.0,,,Y,N1,A1800417,,,,,,,,,,,세종특별자치시,한누리대로,,,,,,,,,,,,,,,,,,,,,,,,,,,,,,,,,,,,,,,,,,,,,,,,,2026-05-23 19:35:48,의료법인 영제 의료재단 엔케이세종병원,UNKNOWN,UNKNOWN,UNKNOWN,UNKNOWN,UNKNOWN,UNKNOWN,UNKNOWN,UNKNOWN,UNKNOWN,UNKNOWN,UNKNOWN,UNKNOWN,UNKNOWN,UNKNOWN,UNKNOWN,UNKNOWN,UNKNOWN,UNKNOWN,UNKNOWN,UNKNOWN,Y,UNKNOWN,UNKNOWN,UNKNOWN,UNKNOWN,UNKNOWN,UNKNOWN,UNKNOWN,,,,,세종특별자치시,한누리대로,,2026-05-23 19:35:48
A1800441,A1800441,세종충남대학교병원,"세종특별자치시 보듬7로 20, 세종충남대학교병원 (도담동)",세종특별자치시,보듬7로,G006,지역응급의료센터,1800-3114,044-995-3010,36.5195133641377,127.257942661368,세종충남대학교병원,044-995-3010,Y,Y,,,,2.0,1.0,,2.0,,,Y,Y,Y,Y,Y,Y,Y,12.0,Y,117.0,Y,20260523193500,Y,Y,-4.0,8.0,N1,17.0,6.0,1.0,2.0,,,,15.0,,8.0,3.0,2.0,2.0,3.0,29.0,7.0,15.0,5.0,3.0,2.0,,272.0,,,Y,Y,A1800441,2.0,,9.0,11.0,2.0,,,3.0,4.0,,세종특별자치시,보듬7로,,,,,,,,,,,,,,,,,,,,,,,,,,,,,,,1.0,,,,,1.0,,,,,,,1.0,1.0,4.0,2.0,6.0,1.0,2026-05-23 19:35:48,세종충남대학교병원,UNKNOWN,UNKNOWN,Y,UNKNOWN,UNKNOWN,UNKNOWN,Y,Y,Y,Y,UNKNOWN,UNKNOWN,UNKNOWN,UNKNOWN,Y,Y,UNKNOWN,UNKNOWN,UNKNOWN,UNKNOWN,Y,UNKNOWN,UNKNOWN,UNKNOWN,Y,Y,Y,Y,,,,,세종특별자치시,보듬7로,,2026-05-23 19:35:48
A2115699,A2115699,의료법인원광의료재단원광종합병원,경기도 화성시 병점구 화산북로 21 (송산동),경기도,화성시,G007,지역응급의료기관,031-8077-7200,031-8077-7219,37.2100621333,127.0080345889,의료법인원광의료재단원광종합병원,031-8077-7219,,,,,,,1.0,,,,,,Y,,Y,N1,N1,Y,8.0,N1,26.0,N1,20260523192821,N1,Y,,4.0,N1,9.0,,1.0,,,,,,,4.0,,1.0,2.0,,4.0,,,,,,,135.0,,,Y,N1,A2115699,,,1.0,9.0,,,,,,,경기도,화성시,,,,,,,,,,,,,,,,,,,,,,,,,,,,,,,,,,,,,,,,,,,,,,,,,2026-05-23 19:35:48,의료법인원광의료재단원광종합병원,UNKNOWN,UNKNOWN,UNKNOWN,UNKNOWN,UNKNOWN,UNKNOWN,UNKNOWN,UNKNOWN,UNKNOWN,UNKNOWN,UNKNOWN,UNKNOWN,UNKNOWN,UNKNOWN,UNKNOWN,UNKNOWN,UNKNOWN,UNKNOWN,UNKNOWN,UNKNOWN,Y,UNKNOWN,UNKNOWN,UNKNOWN,UNKNOWN,UNKNOWN,UNKNOWN,UNKNOWN,,,,,경기도,화성시,,2026-05-23 19:35:48
A2100018,A2100018,의료법인은혜와감사의료재단화성중앙종합병원,경기도 화성시 만세구 향남읍 발안로 5,경기도,화성시,G007,지역응급의료기관,031-352-8114,031-371-7998,37.13118966594901,126.910365631779,의료법인은혜와감사의료재단화성중앙종합병원,031-371-7998,,,,,,,,,1.0,,,,Y,,Y,N1,N1,Y,9.0,N1,62.0,N1,20260523193252,N1,Y,,3.0,N1,9.0,,,1.0,,,,,,3.0,,1.0,1.0,,3.0,,,,,,,131.0,,,Y,N1,A2100018,,,3.0,8.0,,,,,,,경기도,화성시,,,,,,,,,,,,,,,,,,,,,,,,,,,,,,,,,,,,,,,,,,,,,,,,,2026-05-23 19:35:48,의료법인은혜와감사의료재단화성중앙종합병원,N,N,N,N,N,N,N,N,N,N,N,N,N,N,N,N,N,N,N,N,Y,N,N,N,N,N,N,N,,,,,경기도,화성시,,2026-05-23 19:35:48
A2116685,A2116685,화성유일병원,경기도 화성시 만세구 남양읍 남양로920번길 6,경기도,화성시,G009,응급실운영신고기관,031-355-0119,031-351-0129,37.21778332253106,126.83265357240964,,,,,,,,,,,,,,,,,,,,,,,,,,,,,,,,,,,,,,,,,,,,,,,,,,,,,,,,,,,,,,,,,,,,,,,,,,,,,,,,,,,,,,,,,,,,,,,,,,,,,,,,,,,,,,,,,,,,,,,,,,,,,,,,,,,,,,,,,,,,,,,,,,,,,,,,,,,
A2100046,A2100046,한림대학교동탄성심병원,경기도 화성시 동탄구 큰재봉길 7 (석우동),경기도,화성시,G006,지역응급의료센터,031-8086-3000,031-8086-2119,37.216650193541184,127.08000809235828,한림대학교동탄성심병원,031-8086-2119,Y,Y,,,17.0,9.0,,0.0,,,,Y,Y,Y,Y,Y,Y,Y,15.0,Y,215.0,Y,20260523193526,Y,Y,10.0,19.0,Y,32.0,9.0,,,,28.0,13.0,13.0,,20.0,1.0,6.0,3.0,6.0,50.0,5.0,14.0,17.0,2.0,2.0,1.0,515.0,,,Y,Y,A2100046,7.0,,,,11.0,,,5.0,11.0,,경기도,화성시,,,,,,,,,,,,,,,,,,,,1.0,3.0,0.0,0.0,13.0,3.0,0.0,,1.0,,9.0,,,,,,,,,,,,,,,,,,,2026-05-23 19:35:48,한림대학교동탄성심병원,Y,UNKNOWN,Y,UNKNOWN,UNKNOWN,UNKNOWN,UNKNOWN,Y,Y,Y,UNKNOWN,Y,UNKNOWN,Y,Y,Y,UNKNOWN,Y,Y,UNKNOWN,Y,Y,Y,UNKNOWN,Y,Y,Y,Y,,,,,경기도,화성시,,2026-05-23 19:35:48
A2100031,A2100031,경기도의료원포천병원,경기도 포천시 포천로 1648 (신읍동),경기도,포천시,G006,지역응급의료센터,031-539-9114,031-539-9119,37.903264018475866,127.1983186069986,경기도의료원포천병원,031-539-9119,,Y,,,,,1.0,,2.0,,,Y,Y,,Y,N1,N1,Y,15.0,N1,51.0,N1,20260523193502,Y,Y,,4.0,N1,17.0,,1.0,2.0,,,,,,4.0,3.0,1.0,1.0,,7.0,,2.0,,,,,137.0,,,Y,N1,A2100031,0.0,,3.0,10.0,0.0,,,2.0,3.0,,경기도,포천시,,,,,,,,,,,,,,,,,,,,,,,,,,,,,,,,,,,,,,,,,,,,,,,,,2026-05-23 19:35:48,경기도의료원포천병원,UNKNOWN,UNKNOWN,N,UNKNOWN,UNKNOWN,UNKNOWN,UNKNOWN,Y,Y,N,UNKNOWN,UNKNOWN,UNKNOWN,UNKNOWN,UNKNOWN,UNKNOWN,UNKNOWN,UNKNOWN,UNKNOWN,UNKNOWN,Y,UNKNOWN,UNKNOWN,UNKNOWN,UNKNOWN,N,UNKNOWN,N,,,,,경기도,포천시,,2026-05-23 19:35:48
A2100036,A2100036,의료법인 일심의료재단 포천우리병원,경기도 포천시 소흘읍 호국로 661,경기도,포천시,G007,지역응급의료기관,031-542-0222,031-541-8282,37.827495913257785,127.1481437183119,의료법인 일심의료재단 포천우리병원,031-541-8282,,,,,,,1.0,,3.0,,,,Y,Y,Y,Y,Y,Y,18.0,N1,97.0,N1,20260523193511,N1,Y,,4.0,N1,18.0,,1.0,3.0,,,,,,5.0,,2.0,2.0,1.0,14.0,,,3.0,,,,201.0,,,Y,N1,A2100036,2.0,,13.0,18.0,2.0,,,2.0,2.0,,경기도,포천시,,,,,,,,,,,,,,,,,,,,,,,,,,,,,,,,,,,,,,,,,,,,,,,,,2026-05-23 19:35:48,의료법인 일심의료재단 포천우리병원,UNKNOWN,UNKNOWN,UNKNOWN,UNKNOWN,UNKNOWN,UNKNOWN,UNKNOWN,UNKNOWN,UNKNOWN,UNKNOWN,UNKNOWN,UNKNOWN,UNKNOWN,UNKNOWN,UNKNOWN,UNKNOWN,UNKNOWN,UNKNOWN,UNKNOWN,UNKNOWN,Y,UNKNOWN,UNKNOWN,UNKNOWN,UNKNOWN,UNKNOWN,UNKNOWN,UNKNOWN,,,,,경기도,포천시,,2026-05-23 19:35:48
A2113246,A2113246,의료법인양진의료재단평택성모병원,경기도 평택시 평택로 284 (세교동),경기도,평택시,G006,지역응급의료센터,031--1800-8800,070-5012-0119,37.008809910565546,127.07371568769604,의료법인양진의료재단평택성모병원,070-5012-0119,,,,,,,1.0,,2.0,,,,Y,Y,Y,Y,Y,Y,12.0,N1,57.0,N1,20260523193449,N1,Y,,6.0,N1,17.0,,1.0,2.0,,,,,,6.0,,3.0,3.0,2.0,8.0,,,2.0,,,,329.0,,,Y,N1,A2113246,2.0,,2.0,34.0,2.0,,0.0,,,0.0,경기도,평택시,,,,,,,,,,,,,,,,,,,,,,,,,,,,,,,,,,,,,,,,,,,,,,,,,2026-05-23 19:35:48,의료법인양진의료재단평택성모병원,Y,UNKNOWN,Y,UNKNOWN,UNKNOWN,UNKNOWN,UNKNOWN,UNKNOWN,UNKNOWN,Y,UNKNOWN,Y,UNKNOWN,UNKNOWN,Y,Y,UNKNOWN,UNKNOWN,UNKNOWN,UNKNOWN,Y,Y,Y,UNKNOWN,UNKNOWN,Y,UNKNOWN,Y,,,,,경기도,평택시,,2026-05-23 19:35:48
A2100022,A2100022,의료법인박애의료재단박애병원,경기도 평택시 평택2로20번길 3 (평택동),경기도,평택시,G007,지역응급의료기관,031-652-2121,031-650-9219,36.99308383421509,127.08907896026508,의료법인박애의료재단박애병원,031-650-9219,,,,,,,,,1.0,,,,Y,,Y,N1,Y,Y,8.0,N1,105.0,N1,20260523193525,N1,Y,,5.0,N1,10.0,,,1.0,,,,,,5.0,,2.0,1.0,,20.0,,,2.0,,,,193.0,,,Y,N1,A2100022,,,7.0,10.0,,,,,,,경기도,평택시,,,,,,,,,,,,,,,,,,,,,,,,,,,,,,,,,,,,,,,,,,,,,,,,,2026-05-23 19:35:48,의료법인박애의료재단박애병원,UNKNOWN,UNKNOWN,UNKNOWN,UNKNOWN,N,UNKNOWN,UNKNOWN,UNKNOWN,UNKNOWN,N,N,Y,Y,Y,Y,UNKNOWN,UNKNOWN,UNKNOWN,UNKNOWN,UNKNOWN,Y,UNKNOWN,N,UNKNOWN,UNKNOWN,Y,UNKNOWN,Y,,,,,경기도,평택시,,2026-05-23 19:35:48
A2100028,A2100028,의료법인백송의료재단굿모닝병원,경기도 평택시 중앙로 338 (합정동),경기도,평택시,G006,지역응급의료센터,031-5182-7700,031-5182-7582,36.9905734199,127.120463688,의료법인백송의료재단굿모닝병원,031-5182-7582,,,,,,,2.0,,1.0,,,,Y,Y,Y,Y,Y,Y,9.0,Y,100.0,N1,20260523193402,N1,Y,,7.0,Y,19.0,,2.0,1.0,,,,,,7.0,,5.0,3.0,3.0,23.0,,,5.0,3.0,,1.0,392.0,,,Y,N1,A2100028,0.0,,1.0,27.0,3.0,,,,,,경기도,평택시,5.0,6.0,,,,,,,,,,,,,,,,,,,,,,,,,,,,,,,,,,,,,,,,,,,,,,,2026-05-23 19:35:48,의료법인백송의료재단굿모닝병원,Y,UNKNOWN,Y,UNKNOWN,UNKNOWN,UNKNOWN,UNKNOWN,UNKNOWN,UNKNOWN,Y,UNKNOWN,Y,UNKNOWN,UNKNOWN,Y,Y,UNKNOWN,UNKNOWN,UNKNOWN,UNKNOWN,Y,Y,Y,UNKNOWN,UNKNOWN,Y,Y,Y,,,,,경기도,평택시,,2026-05-23 19:35:48
A2100301,A2100301,의료법인청파의료재단송탄중앙병원,경기도 평택시 오좌동길 17-16 (독곡동),경기도,평택시,G009,응급실운영신고기관,031-612-7000,031-612-7000,37.0885408447458,127.0641653404409,,,,,,,,,,,,,,,,,,,,,,,,,,,,,,,,,,,,,,,,,,,,,,,,,,,,,,,,,,,,,,,,,,,,,,,,,,,,,,,,,,,,,,,,,,,,,,,,,,,,,,,,,,,,,,,,,,,,,,,,,,,,,,,,,,,,,,,,,,,,,,,,,,,,,,,,,,,
A2100255,A2100255,성심중앙병원,"경기도 평택시 안중읍 안현로서6길 16, 성심중앙병원",경기도,평택시,G009,응급실운영신고기관,031-681-1119,031-681-1119,36.9840021910249,126.92773248728592,,,,,,,,,,,,,,,,,,,,,,,,,,,,,,,,,,,,,,,,,,,,,,,,,,,,,,,,,,,,,,,,,,,,,,,,,,,,,,,,,,,,,,,,,,,,,,,,,,,,,,,,,,,,,,,,,,,,,,,,,,,,,,,,,,,,,,,,,,,,,,,,,,,,,,,,,,,
A2100309,A2100309,의료법인갈렌의료재단박병원,경기도 평택시 송탄로 33 (장당동),경기도,평택시,G007,지역응급의료기관,031-666-2600,031-662-4119,37.0482647009,127.0570038575,의료법인갈렌의료재단박병원,031-662-4119,,,,,,,,,1.0,,,,Y,,Y,N1,N1,Y,7.0,N1,40.0,N1,20260523193500,N1,Y,,2.0,N1,10.0,,,1.0,,,,,,2.0,,1.0,2.0,,3.0,,,,,,,143.0,,,Y,N1,A2100309,,,1.0,10.0,,,,,,,경기도,평택시,,,,,,,,,,,,,,,,,,,,,,,,,,,,,,,,,,,,,,,,,,,,,,,,,2026-05-23 19:35:48,의료법인갈렌의료재단박병원,UNKNOWN,UNKNOWN,UNKNOWN,UNKNOWN,UNKNOWN,UNKNOWN,UNKNOWN,UNKNOWN,UNKNOWN,UNKNOWN,UNKNOWN,Y,UNKNOWN,UNKNOWN,UNKNOWN,UNKNOWN,UNKNOWN,UNKNOWN,UNKNOWN,UNKNOWN,Y,Y,Y,UNKNOWN,UNKNOWN,Y,Y,Y,,,,,경기도,평택시,,2026-05-23 19:35:48
A2100035,A2100035,경기도의료원파주병원,"경기도 파주시 중앙로 207, 경기도립의료원파주병원 (금촌동)",경기도,파주시,G006,지역응급의료센터,031-940-9100,031-940-9119,37.7548802103,126.779637936,경기도의료원파주병원,031-940-9119,,,,,,,1.0,,2.0,,,Y,Y,,Y,N1,N1,Y,10.0,N1,90.0,N1,20260523193302,N1,Y,,3.0,N1,17.0,,1.0,2.0,,,,,,3.0,1.0,1.0,1.0,,9.0,,,,,,,192.0,,,Y,N1,A2100035,,,3.0,8.0,,,,,,,경기도,파주시,,,,,,,,,,,,,,,,,,,,,,,,,,,,,,,,,,,,,,,,,,,,,,,,,2026-05-23 19:35:48,경기도의료원파주병원,UNKNOWN,UNKNOWN,UNKNOWN,UNKNOWN,UNKNOWN,UNKNOWN,UNKNOWN,UNKNOWN,UNKNOWN,UNKNOWN,UNKNOWN,UNKNOWN,UNKNOWN,UNKNOWN,UNKNOWN,UNKNOWN,UNKNOWN,UNKNOWN,UNKNOWN,UNKNOWN,Y,UNKNOWN,UNKNOWN,UNKNOWN,UNKNOWN,UNKNOWN,UNKNOWN,UNKNOWN,,,,,경기도,파주시,,2026-05-23 19:35:48
A2100083,A2100083,무척조은병원,경기도 파주시 문산읍 방촌로 1675-20,경기도,파주시,G009,응급실운영신고기관,031-954-1400,031-953-0119,37.86396621605936,126.78097787974224,,,,,,,,,,,,,,,,,,,,,,,,,,,,,,,,,,,,,,,,,,,,,,,,,,,,,,,,,,,,,,,,,,,,,,,,,,,,,,,,,,,,,,,,,,,,,,,,,,,,,,,,,,,,,,,,,,,,,,,,,,,,,,,,,,,,,,,,,,,,,,,,,,,,,,,,,,,
A2100130,A2100130,문산중앙병원,"경기도 파주시 문산읍 문향로39번길 53, 문산중앙병원",경기도,파주시,G009,응급실운영신고기관,031-950-9000,031-950-9099,37.85424810677575,126.78322857702756,,,,,,,,,,,,,,,,,,,,,,,,,,,,,,,,,,,,,,,,,,,,,,,,,,,,,,,,,,,,,,,,,,,,,,,,,,,,,,,,,,,,,,,,,,,,,,,,,,,,,,,,,,,,,,,,,,,,,,,,,,,,,,,,,,,,,,,,,,,,,,,,,,,,,,,,,,,
A2100131,A2100131,메디인병원,경기도 파주시 금릉역로 190(금촌동),경기도,파주시,G007,지역응급의료기관,0319431191,031-570-7912,37.75804616829998,126.7748532614,메디인병원,031-570-7912,,,,,,,,,2.0,,,,Y,Y,Y,Y,N1,Y,10.0,N1,72.0,N1,20260523193129,N1,Y,,4.0,N1,12.0,,,2.0,,,,,,4.0,,1.0,1.0,1.0,2.0,,,,,,,206.0,,,Y,N1,A2100131,,,,,,,,,,,경기도,파주시,,,,,,,,,,,,,,,,,,,,,,,,,,,,,,,,,,,,,,,,,,,,,,,,,2026-05-23 19:35:48,메디인병원,UNKNOWN,UNKNOWN,UNKNOWN,UNKNOWN,UNKNOWN,UNKNOWN,UNKNOWN,UNKNOWN,UNKNOWN,UNKNOWN,UNKNOWN,UNKNOWN,UNKNOWN,UNKNOWN,UNKNOWN,UNKNOWN,UNKNOWN,UNKNOWN,UNKNOWN,UNKNOWN,Y,UNKNOWN,UNKNOWN,UNKNOWN,UNKNOWN,UNKNOWN,UNKNOWN,UNKNOWN,,,,,경기도,파주시,,2026-05-23 19:35:48
A2100193,A2100193,경기도의료원이천병원,경기도 이천시 경충대로 2742 (관고동),경기도,이천시,G006,지역응급의료센터,031-630-4200,031-630-4333,37.282694444444445,127.43266388888888,경기도의료원이천병원,031-630-4333,,,,,,,1.0,,1.0,,,,Y,,Y,N1,N1,Y,13.0,N1,58.0,N1,20260523193401,N1,Y,,4.0,N1,17.0,,1.0,2.0,,,,,,4.0,,1.0,1.0,,8.0,,,,,,,190.0,,,Y,N1,A2100193,2.0,,4.0,8.0,2.0,,,6.0,6.0,,경기도,이천시,,,,,,,,,,,,,,,,,,,,,,,,,,,,,,,,,,,,,,,,,,,,,,,,,2026-05-23 19:35:48,경기도의료원이천병원,UNKNOWN,UNKNOWN,UNKNOWN,UNKNOWN,UNKNOWN,UNKNOWN,UNKNOWN,UNKNOWN,UNKNOWN,UNKNOWN,UNKNOWN,UNKNOWN,UNKNOWN,UNKNOWN,UNKNOWN,UNKNOWN,UNKNOWN,UNKNOWN,UNKNOWN,UNKNOWN,Y,UNKNOWN,UNKNOWN,UNKNOWN,UNKNOWN,UNKNOWN,UNKNOWN,UNKNOWN,,,,,경기도,이천시,,2026-05-23 19:35:48
A2100180,A2100180,바른병원,"경기도 이천시 경충대로 2543, 바른병원 (진리동)",경기도,이천시,G009,응급실운영신고기관,031-630-0300,031-630-0399,37.27373314023728,127.45038927398872,,,,,,,,,,,,,,,,,,,,,,,,,,,,,,,,,,,,,,,,,,,,,,,,,,,,,,,,,,,,,,,,,,,,,,,,,,,,,,,,,,,,,,,,,,,,,,,,,,,,,,,,,,,,,,,,,,,,,,,,,,,,,,,,,,,,,,,,,,,,,,,,,,,,,,,,,,,
A2100043,A2100043,경기도의료원의정부병원,경기도 의정부시 흥선로 142 (의정부동),경기도,의정부시,G007,지역응급의료기관,0318285000,031-828-5119,37.74108830096243,127.04255485020956,경기도의료원의정부병원,031-828-5119,,,,,,,1.0,,,,,,Y,,Y,N1,N1,Y,10.0,N1,25.0,N1,20260523193501,N1,Y,,3.0,N1,10.0,,1.0,,,,,,,3.0,,1.0,1.0,,8.0,,,,,,,86.0,,,Y,N1,A2100043,,22.0,2.0,6.0,,70.0,0.0,4.0,5.0,0.0,경기도,의정부시,,,,,,,,,,,,,,,,,,,,,,,,,,,,,,,,,,,,,,,,,,,,,,,,,2026-05-23 19:35:48,경기도의료원의정부병원,UNKNOWN,UNKNOWN,UNKNOWN,UNKNOWN,UNKNOWN,UNKNOWN,UNKNOWN,UNKNOWN,UNKNOWN,UNKNOWN,UNKNOWN,UNKNOWN,UNKNOWN,UNKNOWN,UNKNOWN,UNKNOWN,UNKNOWN,UNKNOWN,UNKNOWN,UNKNOWN,Y,UNKNOWN,UNKNOWN,UNKNOWN,UNKNOWN,UNKNOWN,UNKNOWN,UNKNOWN,,,,,경기도,의정부시,,2026-05-23 19:35:48
A2100150,A2100150,추병원,경기도 의정부시 평화로 650 (의정부동),경기도,의정부시,G007,지역응급의료기관,031-845-7777,031-845-8313,37.7499600932,127.0450970956,추병원,031-845-8313,,,,,,,1.0,,1.0,,,,Y,Y,Y,Y,N1,Y,10.0,N1,77.0,N1,20260523193339,N1,N,,3.0,N1,12.0,,1.0,1.0,,,,,,3.0,,2.0,1.0,1.0,1.0,,,,,,,210.0,,,Y,N1,A2100150,,,3.0,15.0,,,,,,,경기도,의정부시,,,,,,,,,,,,,,,,,,,,,,,,,,,,,,,,,,,,,,,,,,,,,,,,,2026-05-23 19:35:48,추병원,Y,UNKNOWN,Y,UNKNOWN,UNKNOWN,UNKNOWN,UNKNOWN,UNKNOWN,UNKNOWN,UNKNOWN,UNKNOWN,Y,UNKNOWN,UNKNOWN,Y,UNKNOWN,UNKNOWN,UNKNOWN,UNKNOWN,UNKNOWN,Y,Y,Y,UNKNOWN,UNKNOWN,Y,UNKNOWN,Y,,,,,경기도,의정부시,,2026-05-23 19:35:48
A2100040,A2100040,가톨릭대학교의정부성모병원,"경기도 의정부시 천보로 271, 의정부성모병원 (금오동)",경기도,의정부시,G001,권역응급의료센터,1661-7500,031-820-5200,37.75865547828227,127.07767290194454,가톨릭대학교의정부성모병원,031-820-5200,Y,Y,1.0,1.0,,8.0,2.0,,4.0,10.0,22.0,Y,Y,Y,Y,Y,Y,Y,17.0,Y,208.0,Y,20260523193508,Y,Y,0.0,13.0,N1,42.0,11.0,2.0,4.0,18.0,,,15.0,30.0,13.0,3.0,4.0,3.0,4.0,54.0,10.0,28.0,12.0,4.0,3.0,,519.0,1.0,1.0,Y,Y,A2100040,0.0,,5.0,26.0,4.0,,,,,,경기도,의정부시,,,,,9.0,2.0,,2.0,6.0,7.0,,20.0,53.0,2.0,,,2.0,6.0,,,,,,,,,,2.0,,6.0,,,,,,,,,,,,,,,,,,,2026-05-23 19:35:48,가톨릭대학교의정부성모병원,Y,UNKNOWN,Y,Y,N,UNKNOWN,N,Y,Y,Y,Y,Y,Y,Y,Y,Y,UNKNOWN,Y,Y,Y,Y,Y,Y,Y,Y,Y,Y,Y,,,,,경기도,의정부시,,2026-05-23 19:35:48
A2117994,A2117994,학교법인을지학원의정부을지대학교병원,"경기도 의정부시 동일로 712, 을지대학교 의정부캠퍼스 및 부속병원 (금오동)",경기도,의정부시,G006,지역응급의료센터,031-951-1000,031-8074-0119,37.7518290378344,127.050695679688,학교법인을지학원의정부을지대학교병원,031-8074-0119,Y,Y,,,9.0,0.0,1.0,6.0,2.0,,,Y,Y,Y,Y,Y,Y,Y,8.0,Y,247.0,Y,20260523193101,Y,Y,3.0,11.0,N1,22.0,0.0,1.0,2.0,,29.0,22.0,5.0,,14.0,8.0,3.0,3.0,4.0,48.0,5.0,5.0,6.0,3.0,2.0,,588.0,,,Y,Y,A2117994,2.0,9.0,,,2.0,22.0,,3.0,6.0,,경기도,의정부시,2.0,4.0,,,,,,0.0,0.0,,,,,,,,0.0,0.0,,,,,,,,,,,,,,,,,,,,,,,,,,,,,,,2026-05-23 19:35:48,학교법인을지학원의정부을지대학교병원,Y,UNKNOWN,UNKNOWN,UNKNOWN,UNKNOWN,UNKNOWN,UNKNOWN,UNKNOWN,UNKNOWN,Y,UNKNOWN,Y,UNKNOWN,UNKNOWN,UNKNOWN,Y,UNKNOWN,UNKNOWN,UNKNOWN,UNKNOWN,Y,Y,Y,Y,Y,Y,Y,Y,,,,,경기도,의정부시,,2026-05-23 19:35:48
A2100034,A2100034,의료법인영동의료재단의정부백병원,경기도 의정부시 금신로 322 (신곡동),경기도,의정부시,G007,지역응급의료기관,031-856-8111,031-842-1211,37.74536735722315,127.0620670982038,의료법인영동의료재단의정부백병원,031-842-1211,,,,,,,,,2.0,,,,Y,,Y,N1,N1,Y,9.0,N1,92.0,N1,20260523193411,N1,Y,,3.0,N1,10.0,,,2.0,,,,,,3.0,,1.0,1.0,,1.0,,,,,,,192.0,,,Y,N1,A2100034,,,0.0,9.0,,,,,,,경기도,의정부시,,,,,,,,,,,,,,,,,,,,,,,,,,,,,,,,,,,,,,,,,,,,,,,,,2026-05-23 19:35:48,의료법인영동의료재단의정부백병원,UNKNOWN,UNKNOWN,UNKNOWN,UNKNOWN,UNKNOWN,UNKNOWN,UNKNOWN,UNKNOWN,UNKNOWN,UNKNOWN,UNKNOWN,UNKNOWN,UNKNOWN,UNKNOWN,UNKNOWN,UNKNOWN,UNKNOWN,UNKNOWN,UNKNOWN,UNKNOWN,Y,UNKNOWN,UNKNOWN,UNKNOWN,UNKNOWN,UNKNOWN,UNKNOWN,UNKNOWN,,,,,경기도,의정부시,,2026-05-23 19:35:48
A2100019,A2100019,(의)영문의료재단 다보스병원,"경기도 용인시 처인구 백옥대로1082번길 18, 다보스종합병원 (김량장동)",경기도,용인시,G006,지역응급의료센터,031-8021-2114,031-8021-2130,37.234641294534285,127.21049868474802,(의)영문의료재단 다보스병원,031-8021-2130,,,,,,,1.0,,2.0,,,,Y,,Y,N1,Y,Y,7.0,N1,47.0,N1,20260523193339,N1,Y,,6.0,N1,13.0,,1.0,2.0,,,,,,6.0,,1.0,1.0,,7.0,,,1.0,,,,225.0,,,Y,N1,A2100019,0.0,,5.0,25.0,1.0,,,,,,경기도,용인시,4.0,4.0,,,,,,,,,,,,,,,,,,,,,,,,,,,,,,,,,,,,,,,,,,,,,,,2026-05-23 19:35:48,(의)영문의료재단 다보스병원,UNKNOWN,Y,Y,UNKNOWN,UNKNOWN,UNKNOWN,UNKNOWN,UNKNOWN,UNKNOWN,Y,UNKNOWN,UNKNOWN,Y,Y,Y,Y,UNKNOWN,UNKNOWN,UNKNOWN,UNKNOWN,Y,UNKNOWN,Y,UNKNOWN,UNKNOWN,Y,Y,Y,,,,,경기도,용인시,,2026-05-23 19:35:48
A2121142,A2121142,메디필드한강병원,경기도 용인시 처인구 금령로39번길 8-6 (김량장동),경기도,용인시,G007,지역응급의료기관,031-1551-0077,031-332-1119,37.2353957826327,127.201080221312,메디필드한강병원,031-332-1119,,,,,,,1.0,,2.0,,,,Y,Y,Y,Y,Y,Y,13.0,N1,164.0,N1,20260523193201,N1,Y,,6.0,N1,17.0,,1.0,2.0,,,,,,6.0,,3.0,2.0,1.0,13.0,,,2.0,,,,192.0,,,Y,N1,A2121142,1.0,,9.0,15.0,1.0,,,1.0,1.0,,경기도,용인시,,,,,,,,,,,,,,,,,,,,,,,,,,,,,,,,,,,,,,,,,,,,,,,,,2026-05-23 19:35:48,메디필드한강병원,Y,UNKNOWN,Y,UNKNOWN,UNKNOWN,UNKNOWN,UNKNOWN,UNKNOWN,UNKNOWN,Y,UNKNOWN,Y,UNKNOWN,UNKNOWN,Y,Y,UNKNOWN,UNKNOWN,Y,UNKNOWN,Y,UNKNOWN,UNKNOWN,UNKNOWN,UNKNOWN,Y,Y,Y,,,,,경기도,용인시,,2026-05-23 19:35:48
A2100122,A2100122,(의)효심의료재단 용인서울병원,경기도 용인시 처인구 고림로 81 (고림동),경기도,용인시,G007,지역응급의료기관,031-337-0114,031-336-0119,37.240316373,127.2144914405,(의)효심의료재단용인서울병원,031-336-0119,,,,,,,,,,,,,Y,,Y,N1,N1,Y,8.0,N1,144.0,N1,20260523193424,N1,Y,,3.0,N1,10.0,,,,,,,,,3.0,,1.0,1.0,,1.0,,,,,,,201.0,,,Y,N1,A2100122,,,,,,,,,,,경기도,용인시,,,,,,,,,,,,,,,,,,,,,,,,,,,,,,,,,,,,,,,,,,,,,,,,,2026-05-23 19:35:48,(의)효심의료재단용인서울병원,UNKNOWN,UNKNOWN,UNKNOWN,UNKNOWN,UNKNOWN,UNKNOWN,UNKNOWN,UNKNOWN,UNKNOWN,UNKNOWN,UNKNOWN,UNKNOWN,UNKNOWN,UNKNOWN,UNKNOWN,UNKNOWN,UNKNOWN,UNKNOWN,UNKNOWN,UNKNOWN,Y,UNKNOWN,UNKNOWN,UNKNOWN,UNKNOWN,UNKNOWN,UNKNOWN,UNKNOWN,,,,,경기도,용인시,,2026-05-23 19:35:48
A2100029,A2100029,강남병원,"경기도 용인시 기흥구 중부대로 411, 강남병원 (신갈동)",경기도,용인시,G006,지역응급의료센터,031-300-0114,031-300-0119,37.27377983891884,127.11140719951388,강남병원,031-300-0119,,,,,,,1.0,,2.0,,,,Y,,Y,N1,Y,Y,11.0,N1,51.0,N1,20260523193245,N1,Y,,4.0,N1,17.0,,1.0,2.0,,,,,,4.0,,2.0,2.0,,7.0,,,2.0,,,,264.0,,,Y,N1,A2100029,0.0,,7.0,31.0,1.0,,,,,,경기도,용인시,,,,,,,,,,,,,,,,,,,,,,,,,,,,,,,,,,,,,,,,,,,,,,,,,2026-05-23 19:35:48,강남병원,UNKNOWN,Y,Y,UNKNOWN,UNKNOWN,UNKNOWN,UNKNOWN,UNKNOWN,UNKNOWN,Y,UNKNOWN,UNKNOWN,UNKNOWN,Y,Y,Y,UNKNOWN,UNKNOWN,UNKNOWN,UNKNOWN,Y,UNKNOWN,Y,UNKNOWN,UNKNOWN,Y,UNKNOWN,Y,,,,,경기도,용인시,,2026-05-23 19:35:48
A2100020,A2100020,연세대학교의과대학용인세브란스병원,경기도 용인시 기흥구 동백죽전대로 363 (중동),경기도,용인시,G006,지역응급의료센터,1899-1004,031-5189-9001,37.27077583197877,127.14818862464035,연세대학교의과대학용인세브란스병원,031-5189-9001,Y,Y,,,2.0,6.0,1.0,2.0,2.0,,,Y,Y,Y,Y,Y,Y,Y,8.0,Y,195.0,Y,20260523193235,Y,Y,1.0,15.0,N1,16.0,6.0,1.0,3.0,,19.0,16.0,12.0,,15.0,2.0,3.0,3.0,4.0,31.0,6.0,18.0,6.0,3.0,4.0,,597.0,,,Y,Y,A2100020,2.0,,,,2.0,,,3.0,4.0,,경기도,용인시,,,,,,,,,,,,,,,,,,,,,,,,,,,,,,,,,,,,,,,,,,,,,,,,,2026-05-23 19:35:48,연세대학교의과대학용인세브란스병원,Y,UNKNOWN,Y,UNKNOWN,UNKNOWN,UNKNOWN,Y,Y,Y,Y,UNKNOWN,Y,UNKNOWN,UNKNOWN,Y,Y,UNKNOWN,UNKNOWN,Y,UNKNOWN,Y,Y,Y,N,N,Y,Y,Y,,,,,경기도,용인시,,2026-05-23 19:35:48
A2114449,A2114449,조은오산병원,경기도 오산시 오산로 307 (오산동),경기도,오산시,G009,응급실운영신고기관,1544-5355,031-373-8119,37.15432658078726,127.06824064919108,,,,,,,,,,,,,,,,,,,,,,,,,,,,,,,,,,,,,,,,,,,,,,,,,,,,,,,,,,,,,,,,,,,,,,,,,,,,,,,,,,,,,,,,,,,,,,,,,,,,,,,,,,,,,,,,,,,,,,,,,,,,,,,,,,,,,,,,,,,,,,,,,,,,,,,,,,,
A2100024,A2100024,오산한국병원,경기도 오산시 밀머리로1번길 16 (원동),경기도,오산시,G006,지역응급의료센터,031-379-8300,031-378-5119,37.14122844920573,127.07533756274844,오산한국병원,031-378-5119,,,,,,,1.0,,2.0,,,,Y,Y,Y,Y,Y,Y,12.0,N1,56.0,Y,20260523193259,N1,Y,,5.0,N1,17.0,,1.0,2.0,,,,,,5.0,,2.0,2.0,2.0,17.0,,,2.0,,1.0,,262.0,,,Y,N1,A2100024,1.0,,8.0,34.0,1.0,,,2.0,2.0,,경기도,오산시,,,,,,,,,,,,,,,,,,,,,,,,,,,,,,,,,,,,,,,,,,,,,,,,,2026-05-23 19:35:48,오산한국병원,Y,Y,Y,UNKNOWN,Y,UNKNOWN,UNKNOWN,UNKNOWN,UNKNOWN,Y,Y,Y,Y,Y,Y,Y,UNKNOWN,UNKNOWN,Y,UNKNOWN,Y,Y,Y,UNKNOWN,UNKNOWN,Y,Y,Y,,,,,경기도,오산시,,2026-05-23 19:35:48
E2100187,E2100187,연천군보건의료원,경기도 연천군 전곡읍 은대성로 95,경기도,연천군,G007,지역응급의료기관,031-839-4001,031-839-4119,38.02374166666665,127.06124444444444,연천군보건의료원,031-839-4119,,,,,,,,,,,,,Y,,Y,N1,N1,Y,10.0,N1,50.0,N1,20260523193306,N1,N1,,2.0,N1,10.0,,,,,,,,,2.0,,1.0,,,1.0,,,,,,,52.0,,,Y,N1,E2100187,,,,,,,,,,,경기도,연천군,,,,,,,,,,,,,,,,,,,,,,,,,,,,,,,,,,,,,,,,,,,,,,,,,2026-05-23 19:35:48,연천군보건의료원,UNKNOWN,UNKNOWN,UNKNOWN,UNKNOWN,UNKNOWN,UNKNOWN,UNKNOWN,UNKNOWN,UNKNOWN,UNKNOWN,UNKNOWN,UNKNOWN,UNKNOWN,UNKNOWN,UNKNOWN,UNKNOWN,UNKNOWN,UNKNOWN,UNKNOWN,UNKNOWN,Y,UNKNOWN,UNKNOWN,UNKNOWN,UNKNOWN,UNKNOWN,UNKNOWN,UNKNOWN,,,,,경기도,연천군,,2026-05-23 19:35:48
A2100194,A2100194,세종여주병원,"경기도 여주시 청심로 39, 세종여주병원 (하동)",경기도,여주시,G007,지역응급의료기관,031-880-7700,031-880-7754,37.3013258027,127.6267201581,세종여주병원,031-880-7754,,,,,,,,,4.0,,,,Y,,Y,N1,N1,Y,2.0,N1,110.0,N1,20260523193502,N1,N,,1.0,N1,6.0,,,4.0,,,,,,2.0,,1.0,1.0,,4.0,,,,,,,196.0,,,Y,N1,A2100194,,,,,,,,,,,경기도,여주시,,,,,,,,,,,,,,,,,,,,,,3.0,,,,3.0,,,,,,,,,,,,,,,,,,,,,,,2026-05-23 19:35:48,세종여주병원,UNKNOWN,UNKNOWN,UNKNOWN,UNKNOWN,UNKNOWN,UNKNOWN,UNKNOWN,UNKNOWN,UNKNOWN,UNKNOWN,UNKNOWN,UNKNOWN,UNKNOWN,UNKNOWN,UNKNOWN,UNKNOWN,UNKNOWN,UNKNOWN,UNKNOWN,UNKNOWN,Y,UNKNOWN,UNKNOWN,UNKNOWN,UNKNOWN,UNKNOWN,UNKNOWN,UNKNOWN,,,,,경기도,여주시,,2026-05-23 19:35:48
A2100173,A2100173,연세새로운병원,경기도 여주시 영릉로 22 (창동),경기도,여주시,G009,응급실운영신고기관,031-885-7582,031-885-7582,37.289871650589454,127.63287952191529,,,,,,,,,,,,,,,,,,,,,,,,,,,,,,,,,,,,,,,,,,,,,,,,,,,,,,,,,,,,,,,,,,,,,,,,,,,,,,,,,,,,,,,,,,,,,,,,,,,,,,,,,,,,,,,,,,,,,,,,,,,,,,,,,,,,,,,,,,,,,,,,,,,,,,,,,,,
A2100089,A2100089,양평병원,경기도 양평군 양평읍 중앙로 129,경기도,양평군,G007,지역응급의료기관,031-770-5000,031-770-5119,37.493962635485616,127.50347093330032,양평병원,031-770-5119,N,N,,,,,,,1.0,,,N,Y,N,Y,N,N,Y,8.0,N,35.0,N,20260523193001,N,Y,,3.0,N,9.0,,,1.0,,,,,,3.0,0.0,1.0,1.0,0.0,1.0,0.0,0.0,0.0,0.0,0.0,0.0,90.0,,,Y,N,A2100089,,,,,,,,,,,경기도,양평군,,,,,,,,,,,,,,,,,,,,0.0,,,,,,,,,,,,,,,,,,,,,,,,,,,,,2026-05-23 19:35:48,양평병원,UNKNOWN,UNKNOWN,UNKNOWN,UNKNOWN,UNKNOWN,UNKNOWN,UNKNOWN,UNKNOWN,UNKNOWN,UNKNOWN,UNKNOWN,UNKNOWN,UNKNOWN,UNKNOWN,UNKNOWN,UNKNOWN,UNKNOWN,UNKNOWN,UNKNOWN,UNKNOWN,Y,UNKNOWN,UNKNOWN,UNKNOWN,UNKNOWN,UNKNOWN,UNKNOWN,UNKNOWN,,,,,경기도,양평군,,2026-05-23 19:35:48
A2100134,A2100134,양주예쓰병원,경기도 양주시 회정로 103 (덕정동),경기도,양주시,G009,응급실운영신고기관,031-825-5000,031-825-1119,37.83756356362081,127.06463890111564,,,,,,,,,,,,,,,,,,,,,,,,,,,,,,,,,,,,,,,,,,,,,,,,,,,,,,,,,,,,,,,,,,,,,,,,,,,,,,,,,,,,,,,,,,,,,,,,,,,,,,,,,,,,,,,,,,,,,,,,,,,,,,,,,,,,,,,,,,,,,,,,,,,,,,,,,,,
A2100015,A2100015,효산의료재단안양샘병원,"경기도 안양시 만안구 삼덕로 9 (안양동, 안양샘병원)",경기도,안양시,G006,지역응급의료센터,031-467-9114,031-467-9119,37.39340413136221,126.92447734066778,효산의료재단안양샘병원,031-467-9119,,,,,5.0,,1.0,1.0,2.0,,,,Y,Y,Y,Y,Y,Y,13.0,Y,102.0,N1,20260523193043,N1,Y,,6.0,N1,17.0,,1.0,2.0,,8.0,9.0,,,6.0,,2.0,1.0,2.0,12.0,,,2.0,1.0,,,306.0,,,Y,N1,A2100015,1.0,,,,1.0,,,,,,경기도,안양시,,,,,,,,,,,,,,,,,,,,,,,,,,,,,,,,,,,,,,,,,,,,,,,,,2026-05-23 19:35:48,효산의료재단안양샘병원,Y,UNKNOWN,Y,UNKNOWN,UNKNOWN,UNKNOWN,UNKNOWN,UNKNOWN,UNKNOWN,Y,UNKNOWN,Y,UNKNOWN,UNKNOWN,Y,Y,UNKNOWN,UNKNOWN,Y,UNKNOWN,Y,Y,Y,UNKNOWN,UNKNOWN,Y,Y,Y,,,,,경기도,안양시,,2026-05-23 19:35:48
A2100010,A2100010,인산의료재단메트로병원,"경기도 안양시 만안구 명학로33번길 8 (안양동, 메트로병원)",경기도,안양시,G009,응급실운영신고기관,031-467-9000,031-467-9999,37.378597979767605,126.93529986382784,,,,,,,,,,,,,,,,,,,,,,,,,,,,,,,,,,,,,,,,,,,,,,,,,,,,,,,,,,,,,,,,,,,,,,,,,,,,,,,,,,,,,,,,,,,,,,,,,,,,,,,,,,,,,,,,,,,,,,,,,,,,,,,,,,,,,,,,,,,,,,,,,,,,,,,,,,,
A2100004,A2100004,한림대학교성심병원,경기도 안양시 동안구 관평로170번길 22 (평촌동),경기도,안양시,G001,권역응급의료센터,031-380-1500,031-380-1500,37.3916511961,126.9619708207,한림대학교성심병원,031-380-1500,Y,Y,1.0,,0.0,3.0,2.0,1.0,3.0,9.0,26.0,Y,Y,Y,Y,Y,Y,Y,3.0,Y,270.0,Y,20260523193425,Y,Y,8.0,18.0,N1,25.0,3.0,2.0,4.0,19.0,27.0,16.0,9.0,30.0,19.0,2.0,4.0,3.0,6.0,68.0,9.0,10.0,17.0,12.0,1.0,,610.0,1.0,,Y,Y,A2100004,1.0,8.0,,,3.0,20.0,,1.0,14.0,,경기도,안양시,,,,,,,,,,,,,,,,,,,,1.0,5.0,,0.0,8.0,5.0,,,,,,,,,,,,,,,,6.0,18.0,,,,,,,2026-05-23 19:35:48,한림대학교성심병원,Y,Y,Y,Y,Y,UNKNOWN,Y,Y,Y,Y,UNKNOWN,Y,Y,Y,Y,Y,Y,Y,Y,Y,Y,Y,Y,Y,Y,Y,Y,Y,,,,,경기도,안양시,,2026-05-23 19:35:48
A2100305,A2100305,안성성모병원,경기도 안성시 시장길 58 (서인동),경기도,안성시,G007,지역응급의료기관,031-675-6007,031-675-8275,37.00610345894585,127.2708442991513,안성성모병원,031-675-8275,,,,,,,,,1.0,,,,Y,,Y,N1,N1,Y,6.0,N1,91.0,N1,20260523193439,N1,Y,,2.0,N1,9.0,,,1.0,,,,,,3.0,,1.0,1.0,,7.0,,,,,,,188.0,,,Y,N1,A2100305,,,9.0,20.0,,,,,,,경기도,안성시,,,,,,,,,,,,,,,,,,,,,,,,,,,,,,,,,,,,,,,,,,,,,,,,,2026-05-23 19:35:48,안성성모병원,UNKNOWN,UNKNOWN,UNKNOWN,UNKNOWN,UNKNOWN,UNKNOWN,UNKNOWN,UNKNOWN,UNKNOWN,UNKNOWN,UNKNOWN,UNKNOWN,UNKNOWN,UNKNOWN,UNKNOWN,UNKNOWN,UNKNOWN,UNKNOWN,UNKNOWN,UNKNOWN,Y,UNKNOWN,UNKNOWN,UNKNOWN,UNKNOWN,UNKNOWN,UNKNOWN,UNKNOWN,,,,,경기도,안성시,,2026-05-23 19:35:48
A2100045,A2100045,경기도의료원안성병원,"경기도 안성시 남파로 95, 경기도의료원 안성병원 (당왕동)",경기도,안성시,G007,지역응급의료기관,031-8046-5000,031-8046-5119,37.01736702955601,127.26033944589189,경기도의료원안성병원,031-8046-5119,,,,,,,1.0,,,,,,Y,,Y,N1,N1,Y,7.0,N1,64.0,N1,20260523193501,N1,Y,,5.0,N1,14.0,,1.0,,,,,,,5.0,,1.0,1.0,,8.0,,,,,,,178.0,,,Y,N1,A2100045,2.0,,3.0,13.0,2.0,,,7.0,8.0,,경기도,안성시,,,,,,,,,,,,,,,,,,,,,,,,,,,,,,,,,,,,,,,,,,,,,,,,,2026-05-23 19:35:48,경기도의료원안성병원,UNKNOWN,UNKNOWN,UNKNOWN,UNKNOWN,UNKNOWN,UNKNOWN,UNKNOWN,UNKNOWN,UNKNOWN,UNKNOWN,UNKNOWN,UNKNOWN,UNKNOWN,UNKNOWN,UNKNOWN,UNKNOWN,UNKNOWN,UNKNOWN,UNKNOWN,UNKNOWN,Y,UNKNOWN,UNKNOWN,UNKNOWN,UNKNOWN,UNKNOWN,UNKNOWN,UNKNOWN,,,,,경기도,안성시,,2026-05-23 19:35:48
A2100162,A2100162,동안산병원,경기도 안산시 상록구 월피로 88 (월피동),경기도,안산시,G009,응급실운영신고기관,031-410-1116,031-413-1116,37.3356927564414,126.852680642321,,,,,,,,,,,,,,,,,,,,,,,,,,,,,,,,,,,,,,,,,,,,,,,,,,,,,,,,,,,,,,,,,,,,,,,,,,,,,,,,,,,,,,,,,,,,,,,,,,,,,,,,,,,,,,,,,,,,,,,,,,,,,,,,,,,,,,,,,,,,,,,,,,,,,,,,,,,
A2100124,A2100124,의료법인칠석의료재단사랑의병원,"경기도 안산시 상록구 예술광장로 69, 사랑의병원(593-4번지/593-5번지) (성포동)",경기도,안산시,G007,지역응급의료기관,031-439-3000,031-502-0119,37.327020396286656,126.84486352776976,의료법인칠석의료재단사랑의병원,031-502-0119,,,,,,,1.0,,,,,,Y,,Y,N1,Y,Y,11.0,N1,65.0,N1,20260523193152,N1,Y,,5.0,N1,13.0,,1.0,,,,,,,5.0,,2.0,2.0,,8.0,,,1.0,,,,206.0,,,Y,N1,A2100124,,,0.0,14.0,,,,,,,경기도,안산시,,,,,,,,,,,,,,,,,,,,,,,,,,,,,,,,,,,,,,,,,,,,,,,,,2026-05-23 19:35:48,의료법인칠석의료재단사랑의병원,UNKNOWN,UNKNOWN,UNKNOWN,UNKNOWN,UNKNOWN,UNKNOWN,UNKNOWN,UNKNOWN,UNKNOWN,UNKNOWN,UNKNOWN,UNKNOWN,UNKNOWN,UNKNOWN,UNKNOWN,UNKNOWN,UNKNOWN,UNKNOWN,UNKNOWN,UNKNOWN,Y,Y,Y,UNKNOWN,UNKNOWN,Y,UNKNOWN,Y,,,,,경기도,안산시,,2026-05-23 19:35:48
A2100014,A2100014,근로복지공단안산병원,"경기도 안산시 상록구 구룡로 87, 근로복지공단안산병원 (일동)",경기도,안산시,G007,지역응급의료기관,031-500-1114,031-500-1119,37.31687107499767,126.87402848671928,근로복지공단안산병원,031-500-1119,,,,,,,,,1.0,,,,Y,,Y,N1,N1,Y,4.0,N1,103.0,N1,20260523193300,N1,Y,,3.0,N1,7.0,,,1.0,,,,,,3.0,,1.0,1.0,,14.0,,,,,,,359.0,,,Y,N1,A2100014,1.0,,12.0,18.0,1.0,,,0.0,2.0,,경기도,안산시,,,,,,,,,,,,,,,,,,,,,,,,,,,,,,,,,,,,,,,,,,,,,,,,,2026-05-23 19:35:48,근로복지공단안산병원,UNKNOWN,UNKNOWN,UNKNOWN,UNKNOWN,UNKNOWN,UNKNOWN,UNKNOWN,UNKNOWN,UNKNOWN,UNKNOWN,UNKNOWN,UNKNOWN,UNKNOWN,UNKNOWN,UNKNOWN,UNKNOWN,UNKNOWN,UNKNOWN,UNKNOWN,UNKNOWN,Y,UNKNOWN,Y,UNKNOWN,UNKNOWN,Y,Y,Y,,,,,경기도,안산시,,2026-05-23 19:35:48
A2100003,A2100003,고려대학교의과대학부속안산병원,경기도 안산시 단원구 적금로 123 (고잔동),경기도,안산시,G001,권역응급의료센터,031-1577-7516,031-412-5381,37.31885818300129,126.8250018362211,고려대학교의과대학부속안산병원,031-412-5381,Y,Y,1.0,,1.0,4.0,,5.0,3.0,10.0,25.0,Y,Y,Y,Y,Y,Y,Y,5.0,Y,182.0,Y,20260523193253,Y,Y,5.0,20.0,N1,22.0,4.0,,3.0,18.0,10.0,13.0,25.0,30.0,20.0,2.0,3.0,4.0,4.0,66.0,15.0,20.0,8.0,5.0,3.0,,605.0,2.0,,Y,Y,A2100003,0.0,10.0,3.0,6.0,1.0,16.0,,6.0,10.0,,경기도,안산시,,,,,,,,,,,,,,,,,,,,,2.0,2.0,,,2.0,3.0,,,,,,,,,,,,,,,,,,,,,,,2026-05-23 19:35:48,고려대학교의과대학부속안산병원,Y,Y,Y,Y,UNKNOWN,UNKNOWN,Y,Y,Y,Y,Y,Y,Y,Y,Y,Y,Y,Y,Y,Y,Y,Y,Y,Y,Y,Y,Y,Y,,,,,경기도,안산시,,2026-05-23 19:35:48
A2100021,A2100021,의료법인플러스의료재단단원병원,"경기도 안산시 단원구 원포공원1로 20, 동의성단원병원 (초지동)",경기도,안산시,G007,지역응급의료기관,031-8040-6600,031-8040-5911,37.3002188172703,126.81357021652911,의료법인플러스의료재단단원병원,031-8040-5911,,,,,,,1.0,,2.0,,,,Y,Y,Y,Y,Y,Y,17.0,Y,97.0,N1,20260523193311,N1,Y,,5.0,N1,17.0,,1.0,2.0,,,,,,5.0,,1.0,1.0,2.0,8.0,,,2.0,1.0,,,342.0,,,Y,N1,A2100021,1.0,,12.0,27.0,1.0,,,,,,경기도,안산시,,,,,,,,,,,,,,,,,,,,,,,,,,,,,,,,,,,1.0,,,,,1.0,,,,,,,,,2026-05-23 19:35:48,의료법인플러스의료재단단원병원,Y,UNKNOWN,Y,Y,UNKNOWN,UNKNOWN,UNKNOWN,UNKNOWN,UNKNOWN,UNKNOWN,UNKNOWN,Y,UNKNOWN,UNKNOWN,UNKNOWN,Y,UNKNOWN,UNKNOWN,UNKNOWN,UNKNOWN,Y,Y,Y,UNKNOWN,UNKNOWN,Y,Y,Y,,,,,경기도,안산시,,2026-05-23 19:35:48
A2100017,A2100017,대아의료재단한도병원,경기도 안산시 단원구 선부광장로 103 (선부동),경기도,안산시,G006,지역응급의료센터,031-8040-1114,031-8040-1129,37.334033447174896,126.8076558459104,대아의료재단한도병원,031-8040-1129,,,,,,,1.0,,2.0,,,,Y,Y,Y,Y,Y,Y,16.0,N1,86.0,N1,20260523193206,N1,Y,,6.0,N1,17.0,,1.0,2.0,,,,,,6.0,,3.0,2.0,2.0,20.0,,,2.0,,,,343.0,,,Y,N1,A2100017,0.0,,15.0,29.0,1.0,,,,,,경기도,안산시,,,,,,,,,,,,,,,,,,,,,,,,,,,,,,,,,,,,,,,,,,,,,,,,,2026-05-23 19:35:48,대아의료재단한도병원,Y,UNKNOWN,Y,Y,Y,UNKNOWN,UNKNOWN,UNKNOWN,UNKNOWN,Y,Y,Y,Y,Y,Y,Y,UNKNOWN,UNKNOWN,Y,UNKNOWN,Y,Y,Y,UNKNOWN,UNKNOWN,Y,Y,Y,,,,,경기도,안산시,,2026-05-23 19:35:48
A2100013,A2100013,의료법인록향의료재단신천연합병원,"경기도 시흥시 복지로 57, 복지로 61, 2층 (대야동)",경기도,시흥시,G007,지역응급의료기관,031-310-6300,031-310-6661,37.44454605843136,126.78938385106557,의료법인록향의료재단신천연합병원,031-310-6661,,,,,,,,,1.0,,,,Y,,Y,N1,Y,Y,8.0,N1,29.0,N1,20260523193501,N1,Y,,3.0,N1,10.0,,,1.0,,,,,,3.0,,1.0,1.0,,4.0,,,1.0,,,,112.0,,,Y,N1,A2100013,1.0,,1.0,6.0,1.0,,,,,,경기도,시흥시,,,,,,,,,,,,,,,,,,,,,,,,,,,,,,,,,,,,,,,,,,,,,,,,,2026-05-23 19:35:48,의료법인록향의료재단신천연합병원,UNKNOWN,UNKNOWN,Y,UNKNOWN,UNKNOWN,UNKNOWN,UNKNOWN,UNKNOWN,UNKNOWN,UNKNOWN,UNKNOWN,UNKNOWN,UNKNOWN,UNKNOWN,UNKNOWN,UNKNOWN,UNKNOWN,UNKNOWN,UNKNOWN,UNKNOWN,Y,UNKNOWN,UNKNOWN,UNKNOWN,UNKNOWN,UNKNOWN,UNKNOWN,Y,,,,,경기도,시흥시,,2026-05-23 19:35:48
A2100008,A2100008,의료법인남촌의료재단시화병원,"경기도 시흥시 군자천로 381, 시화병원 (정왕동)",경기도,시흥시,G006,지역응급의료센터,031-1811-7000,031-5189-0567,37.349955639806,126.736970968751,의료법인남촌의료재단시화병원,031-5189-0567,,,,,,5.0,1.0,,5.0,,,Y,Y,Y,Y,Y,Y,Y,10.0,Y,99.0,N1,20260523193513,N1,Y,,7.0,N1,16.0,5.0,1.0,5.0,,,,,,7.0,1.0,3.0,3.0,2.0,29.0,,,4.0,2.0,,,461.0,,,Y,N1,A2100008,1.0,,3.0,35.0,1.0,,,1.0,1.0,,경기도,시흥시,,,,,,,,,,,,,,,,,,,,,,,,,,,,,,,,,,,,,,,,,,,,,,,,,2026-05-23 19:35:48,의료법인남촌의료재단시화병원,Y,Y,Y,UNKNOWN,Y,UNKNOWN,UNKNOWN,UNKNOWN,UNKNOWN,Y,Y,Y,Y,Y,Y,Y,UNKNOWN,UNKNOWN,Y,Y,Y,Y,Y,Y,Y,Y,Y,Y,,,,,경기도,시흥시,,2026-05-23 19:35:48
A2100027,A2100027,의료법인석경의료재단센트럴병원,"경기도 시흥시 공단1대로 237 (정왕동, 센트럴 병원)",경기도,시흥시,G007,지역응급의료기관,031-8041-3000,031-8041-3019,37.336409472880064,126.72768862827668,의료법인석경의료재단센트럴병원,031-8041-3019,,,,,,,1.0,,2.0,,,,Y,,Y,N1,Y,Y,16.0,N1,88.0,N1,20260523193342,N1,Y,,3.0,N1,18.0,,1.0,2.0,,,,,,3.0,,2.0,2.0,,7.0,,,2.0,,,,239.0,,,Y,N1,A2100027,,,4.0,20.0,,,,,,,경기도,시흥시,,,,,,,,,,,,,,,,,,,,,,,,,,,,,,,,,,,,,,,,,,,,,,,,,2026-05-23 19:35:48,의료법인석경의료재단센트럴병원,UNKNOWN,UNKNOWN,UNKNOWN,UNKNOWN,UNKNOWN,UNKNOWN,UNKNOWN,UNKNOWN,UNKNOWN,UNKNOWN,Y,UNKNOWN,Y,Y,Y,Y,UNKNOWN,UNKNOWN,UNKNOWN,UNKNOWN,Y,UNKNOWN,Y,UNKNOWN,UNKNOWN,Y,UNKNOWN,Y,,,,,경기도,시흥시,,2026-05-23 19:35:48
A2100012,A2100012,가톨릭대학교성빈센트병원,경기도 수원시 팔달구 중부대로 93 (지동),경기도,수원시,G006,지역응급의료센터,031-1577-8588,031-249-7370,37.27792234538125,127.02744945028702,가톨릭대학교성빈센트병원,031-249-7370,Y,Y,,,4.0,5.0,2.0,7.0,1.0,2.0,,Y,Y,Y,Y,Y,Y,Y,4.0,Y,175.0,Y,20260523193508,Y,Y,2.0,19.0,N1,28.0,6.0,2.0,2.0,4.0,20.0,11.0,18.0,,19.0,2.0,5.0,4.0,6.0,52.0,7.0,18.0,12.0,4.0,4.0,,534.0,,,Y,Y,A2100012,1.0,6.0,,,5.0,30.0,,1.0,6.0,,경기도,수원시,,,,,,,9.0,,,,15.0,,,,,,,,,,,,,,,,,3.0,,8.0,1.0,,,,,1.0,,,,,0.0,8.0,1.0,2.0,3.0,2.0,6.0,1.0,2026-05-23 19:35:48,가톨릭대학교성빈센트병원,Y,UNKNOWN,Y,Y,Y,UNKNOWN,Y,Y,Y,Y,UNKNOWN,Y,Y,Y,Y,Y,UNKNOWN,UNKNOWN,Y,UNKNOWN,Y,Y,Y,Y,Y,Y,Y,Y,,,,,경기도,수원시,,2026-05-23 19:35:48
A2100009,A2100009,의료법인녹산의료재단동수원병원,경기도 수원시 팔달구 중부대로 165 (우만동),경기도,수원시,G006,지역응급의료센터,031-210-0114,031-210-0119,37.27816562305189,127.0343637912553,의료법인녹산의료재단동수원병원,031-210-0119,,Y,,,,,1.0,,2.0,,,Y,Y,Y,Y,Y,N,Y,9.0,N1,96.0,N1,20260523193439,Y,Y,,5.0,N1,17.0,,1.0,2.0,,,,,,5.0,1.0,2.0,2.0,1.0,15.0,,4.0,1.0,,,,339.0,,,Y,N1,A2100009,0.0,,4.0,20.0,3.0,,,1.0,1.0,,경기도,수원시,,,,,,,,,,,,,,,,,,,,,,,,,,,,,,,,,,,,,,,,,,,,,,,,,2026-05-23 19:35:48,의료법인녹산의료재단동수원병원,Y,UNKNOWN,Y,UNKNOWN,UNKNOWN,UNKNOWN,UNKNOWN,UNKNOWN,Y,Y,UNKNOWN,UNKNOWN,UNKNOWN,UNKNOWN,Y,Y,UNKNOWN,UNKNOWN,UNKNOWN,UNKNOWN,Y,Y,Y,UNKNOWN,UNKNOWN,Y,UNKNOWN,Y,,,,,경기도,수원시,,2026-05-23 19:35:48
A2100175,A2100175,의료법인토마스의료재단윌스기념병원,경기도 수원시 팔달구 경수대로 437 (인계동),경기도,수원시,G007,지역응급의료기관,031-223-2233,031-240-6119,37.26502978126203,127.0254583588438,의료법인토마스의료재단윌스기념병원,031-240-6119,,,,,,,1.0,,2.0,,,Y,Y,Y,Y,Y,Y,Y,12.0,N1,49.0,N1,20260523193302,N1,Y,,10.0,N1,18.0,,1.0,2.0,,,,,,10.0,1.0,1.0,4.0,1.0,1.0,,,1.0,,,,282.0,,,Y,N1,A2100175,1.0,,3.0,18.0,1.0,,,,,,경기도,수원시,,,,,,,,,,,,,,,,,,,,,,,,,,,,,,,,,,,,,,,,,,,,,,,,,2026-05-23 19:35:48,의료법인토마스의료재단윌스기념병원,Y,UNKNOWN,Y,UNKNOWN,UNKNOWN,UNKNOWN,UNKNOWN,UNKNOWN,UNKNOWN,UNKNOWN,UNKNOWN,Y,UNKNOWN,UNKNOWN,Y,Y,UNKNOWN,UNKNOWN,Y,UNKNOWN,Y,Y,Y,UNKNOWN,UNKNOWN,Y,Y,Y,,,,,경기도,수원시,,2026-05-23 19:35:48
A2100032,A2100032,경기도의료원수원병원,경기도 수원시 장안구 수성로245번길 69 (정자동),경기도,수원시,G007,지역응급의료기관,031-888-0114,031-888-0119,37.29188165276277,126.99638776108884,경기도의료원수원병원,031-888-0119,,,,,,,,,2.0,,,,Y,,Y,N1,N1,Y,8.0,N1,56.0,N1,20260523193502,N1,Y,,3.0,N1,8.0,,,2.0,,,,,,3.0,,1.0,1.0,,9.0,,,,,,,156.0,,,Y,N1,A2100032,,,4.0,9.0,,,,2.0,2.0,,경기도,수원시,3.0,3.0,,,,,,,,,,,,,,,,,,,,,,,,,,,,,,,,,,,,,,,,,,,,,,,2026-05-23 19:35:48,경기도의료원수원병원,UNKNOWN,UNKNOWN,UNKNOWN,UNKNOWN,UNKNOWN,UNKNOWN,UNKNOWN,UNKNOWN,UNKNOWN,UNKNOWN,UNKNOWN,UNKNOWN,UNKNOWN,UNKNOWN,UNKNOWN,UNKNOWN,UNKNOWN,UNKNOWN,UNKNOWN,UNKNOWN,Y,UNKNOWN,UNKNOWN,UNKNOWN,UNKNOWN,UNKNOWN,UNKNOWN,UNKNOWN,,,,,경기도,수원시,,2026-05-23 19:35:48
A2119276,A2119276,매듭병원,"경기도 수원시 영통구 태장로 68, 매듭병원 (망포동)",경기도,수원시,G009,응급실운영신고기관,031-1800-9909,031-546-0030,37.2389316890871,127.05354381098,,,,,,,,,,,,,,,,,,,,,,,,,,,,,,,,,,,,,,,,,,,,,,,,,,,,,,,,,,,,,,,,,,,,,,,,,,,,,,,,,,,,,,,,,,,,,,,,,,,,,,,,,,,,,,,,,,,,,,,,,,,,,,,,,,,,,,,,,,,,,,,,,,,,,,,,,,,
A2100002,A2100002,아주대학교병원,경기도 수원시 영통구 월드컵로 164 (원천동),경기도,수원시,G001,권역응급의료센터,031-219-5114,031-219-7777,37.2794477573662,127.04752107106702,아주대학교병원,031-219-7777,Y,Y,,0.0,0.0,5.0,0.0,2.0,0.0,4.0,26.0,Y,Y,Y,Y,Y,Y,Y,13.0,Y,261.0,Y,20260523193041,Y,Y,5.0,24.0,N1,30.0,9.0,0.0,0.0,16.0,14.0,10.0,36.0,42.0,25.0,3.0,8.0,6.0,9.0,126.0,27.0,34.0,32.0,9.0,7.0,,792.0,,2.0,Y,Y,A2100002,1.0,6.0,,,3.0,20.0,,7.0,8.0,,경기도,수원시,0.0,0.0,0.0,0.0,10.0,3.0,5.0,2.0,4.0,6.0,13.0,40.0,60.0,3.0,0.0,0.0,2.0,6.0,,,2.0,5.0,5.0,6.0,2.0,6.0,,4.0,,7.0,2.0,,,,,4.0,,,,,6.0,11.0,1.0,2.0,1.0,2.0,6.0,1.0,2026-05-23 19:35:48,아주대학교병원,Y,Y,Y,UNKNOWN,Y,UNKNOWN,Y,Y,Y,Y,UNKNOWN,Y,Y,Y,Y,Y,Y,UNKNOWN,Y,Y,Y,Y,Y,Y,Y,Y,Y,Y,,,,,경기도,수원시,,2026-05-23 19:35:48
A2117135,A2117135,의료법인명인의료재단화홍병원,경기도 수원시 권선구 호매실로90번길 98 (호매실동),경기도,수원시,G006,지역응급의료센터,031-278-0119,031-8021-6829,37.2601427452511,126.963891671858,의료법인명인의료재단화홍병원,031-8021-6829,Y,,,,,,2.0,,3.0,,,,Y,,Y,N1,N1,Y,9.0,Y,59.0,N1,20260523193530,N1,Y,,6.0,Y,15.0,,2.0,3.0,,,,,,6.0,,2.0,2.0,,4.0,1.0,,,1.0,,1.0,228.0,,,Y,Y,A2117135,0.0,,8.0,29.0,1.0,,,,,,경기도,수원시,,,,,,,,,,,,,,,,,,,,,,,,,,,,,,,,,,,,,,,,,,,,,,,,,2026-05-23 19:35:48,의료법인명인의료재단화홍병원,Y,UNKNOWN,Y,UNKNOWN,Y,UNKNOWN,UNKNOWN,UNKNOWN,UNKNOWN,Y,Y,Y,Y,Y,Y,Y,UNKNOWN,UNKNOWN,Y,UNKNOWN,Y,Y,Y,Y,Y,Y,Y,Y,,,,,경기도,수원시,,2026-05-23 19:35:48
A2121061,A2121061,의료법인덕산의료재단수원덕산병원,경기도 수원시 권선구 서부로 1674 (고색동),경기도,수원시,G007,지역응급의료기관,031-686-2000,031-686-2911,37.258630123004,126.974461185614,의료법인덕산의료재단수원덕산병원,031-686-2911,N,Y,,,,3.0,1.0,,2.0,2.0,3.0,Y,Y,Y,Y,Y,Y,Y,16.0,Y,94.0,N1,20260523193503,Y,Y,,9.0,N1,24.0,3.0,1.0,2.0,2.0,,,,4.0,9.0,5.0,3.0,2.0,2.0,15.0,,2.0,5.0,2.0,,,403.0,,,Y,N,A2121061,1.0,,9.0,22.0,3.0,,,0.0,5.0,,경기도,수원시,,,,,,,,,,,,,,,,,,,,,,,,,,,,,,,,,,,,,,,,,,,,,,,,,2026-05-23 19:35:48,의료법인덕산의료재단수원덕산병원,Y,UNKNOWN,Y,UNKNOWN,UNKNOWN,UNKNOWN,UNKNOWN,Y,Y,Y,UNKNOWN,Y,Y,Y,UNKNOWN,Y,UNKNOWN,UNKNOWN,Y,UNKNOWN,Y,Y,Y,Y,Y,Y,Y,Y,,,,,경기도,수원시,,2026-05-23 19:35:48
A2100206,A2100206,수원중앙병원,경기도 수원시 권선구 권선로 654 (권선동),경기도,수원시,G009,응급실운영신고기관,031-229-9777,031-229-9888,37.259913344591446,127.0228408488501,,,,,,,,,,,,,,,,,,,,,,,,,,,,,,,,,,,,,,,,,,,,,,,,,,,,,,,,,,,,,,,,,,,,,,,,,,,,,,,,,,,,,,,,,,,,,,,,,,,,,,,,,,,,,,,,,,,,,,,,,,,,,,,,,,,,,,,,,,,,,,,,,,,,,,,,,,,
A2100011,A2100011,성남중앙병원,경기도 성남시 중원구 산성대로476번길 12 (금광동),경기도,성남시,G007,지역응급의료기관,031-743-3000,031-799-5599,37.4528032109466,127.16209535008764,성남중앙병원,031-799-5599,,,,,,,,,1.0,,,,Y,,Y,N1,N1,Y,8.0,N1,,N1,20260523193103,N1,Y,,5.0,N1,9.0,,,1.0,,,,,,5.0,,1.0,1.0,,2.0,,,,,,,,,,Y,N1,A2100011,,,,,,,,,,,경기도,성남시,,,,,,,,,,,,,,,,,,,,,,,,,,,,,,,,,,,,,,,,,,,,,,,,,2026-05-23 19:35:48,성남중앙병원,UNKNOWN,UNKNOWN,Y,UNKNOWN,UNKNOWN,UNKNOWN,UNKNOWN,UNKNOWN,UNKNOWN,UNKNOWN,UNKNOWN,UNKNOWN,UNKNOWN,UNKNOWN,UNKNOWN,UNKNOWN,UNKNOWN,UNKNOWN,UNKNOWN,UNKNOWN,Y,UNKNOWN,UNKNOWN,UNKNOWN,UNKNOWN,Y,Y,Y,,,,,경기도,성남시,,2026-05-23 19:35:48
A2106200,A2106200,바른마디병원,경기도 성남시 중원구 광명로 330 (금광동),경기도,성남시,G009,응급실운영신고기관,031-735-9110,,37.44526963651349,127.16256645920151,,,,,,,,,,,,,,,,,,,,,,,,,,,,,,,,,,,,,,,,,,,,,,,,,,,,,,,,,,,,,,,,,,,,,,,,,,,,,,,,,,,,,,,,,,,,,,,,,,,,,,,,,,,,,,,,,,,,,,,,,,,,,,,,,,,,,,,,,,,,,,,,,,,,,,,,,,,
A2116806,A2116806,성남시의료원,"경기도 성남시 수정구 수정로171번길 10, 성남시의료원 (태평동)",경기도,성남시,G006,지역응급의료센터,031-738-7000,031-738-7300,37.44498428779224,127.13905704599767,성남시의료원,031-738-7300,,,,,,6.0,2.0,17.0,4.0,,,,Y,Y,Y,Y,Y,Y,14.0,Y,121.0,Y,20260523193500,N1,Y,,8.0,Y,17.0,6.0,2.0,4.0,,,25.0,,,8.0,,3.0,2.0,2.0,31.0,,,6.0,3.0,1.0,2.0,241.0,,,Y,N1,A2116806,2.0,,,,5.0,,,28.0,28.0,,경기도,성남시,,,,,,,,,,,,,,,,,,,,,,,,,,,,,,,,,,,,,,,,,,,,,,,,,2026-05-23 19:35:48,성남시의료원,N,UNKNOWN,Y,UNKNOWN,UNKNOWN,UNKNOWN,UNKNOWN,UNKNOWN,UNKNOWN,Y,UNKNOWN,UNKNOWN,UNKNOWN,UNKNOWN,UNKNOWN,UNKNOWN,UNKNOWN,UNKNOWN,Y,UNKNOWN,Y,Y,Y,UNKNOWN,UNKNOWN,Y,UNKNOWN,Y,,,,,경기도,성남시,,2026-05-23 19:35:48
A2100016,A2100016,순천의료재단성남정병원,"경기도 성남시 수정구 수정로 76, 지하3~10층 (수진동)",경기도,성남시,G007,지역응급의료기관,031-750-6000,031-750-6003,37.43962497395649,127.12863916535,순천의료재단성남정병원,031-750-6003,,,,,,,2.0,,,,,,Y,,Y,N1,N1,Y,8.0,N1,76.0,N1,20260523193148,N1,Y,,4.0,N1,9.0,,2.0,,,,,,,4.0,,1.0,1.0,,1.0,,,,,,,98.0,,,Y,N1,A2100016,,,,,,,,,,,경기도,성남시,,,,51.0,,,,,,,,,,,,105.0,,,,,,,,,,,,,,,,,,0.0,,,,,0.0,,,,,,,,,,2026-05-23 19:35:48,순천의료재단성남정병원,UNKNOWN,UNKNOWN,Y,UNKNOWN,UNKNOWN,UNKNOWN,UNKNOWN,UNKNOWN,UNKNOWN,UNKNOWN,Y,UNKNOWN,Y,Y,Y,UNKNOWN,UNKNOWN,UNKNOWN,UNKNOWN,UNKNOWN,Y,UNKNOWN,Y,UNKNOWN,UNKNOWN,Y,UNKNOWN,Y,,,,,경기도,성남시,,2026-05-23 19:35:48
A2115807,A2115807,성모윌병원,"경기도 성남시 수정구 성남대로 1171, 삼성화재빌딩 1층일부, 2~9층 (수진동)",경기도,성남시,G009,응급실운영신고기관,031-751-2075,1833-5001,37.4344473895,127.1282853418,,,,,,,,,,,,,,,,,,,,,,,,,,,,,,,,,,,,,,,,,,,,,,,,,,,,,,,,,,,,,,,,,,,,,,,,,,,,,,,,,,,,,,,,,,,,,,,,,,,,,,,,,,,,,,,,,,,,,,,,,,,,,,,,,,,,,,,,,,,,,,,,,,,,,,,,,,,
A2100030,A2100030,차의과학대학교분당차병원,경기도 성남시 분당구 야탑로 59 (야탑동),경기도,성남시,G001,권역응급의료센터,031-780-5000,031-780-5840,37.4101145912911,127.125083678928,차의과학대학교분당차병원,031-780-5840,Y,Y,2.0,0.0,3.0,5.0,,3.0,,0.0,17.0,Y,Y,Y,Y,Y,Y,Y,2.0,Y,215.0,Y,20260523193259,Y,Y,5.0,24.0,N1,22.0,11.0,,,14.0,9.0,8.0,35.0,43.0,26.0,8.0,5.0,3.0,4.0,40.0,26.0,46.0,6.0,2.0,2.0,,726.0,2.0,2.0,Y,Y,A2100030,0.0,4.0,,,4.0,22.0,,,,,경기도,성남시,0.0,0.0,,0.0,,,1.0,,,,7.0,,,,,1.0,,,,,2.0,2.0,,,2.0,3.0,,0.0,,6.0,1.0,,,,0.0,1.0,,,,0.0,,,1.0,1.0,6.0,2.0,6.0,1.0,2026-05-23 19:35:48,차의과학대학교분당차병원,Y,Y,Y,UNKNOWN,Y,UNKNOWN,Y,Y,Y,Y,UNKNOWN,Y,UNKNOWN,UNKNOWN,Y,Y,Y,UNKNOWN,Y,Y,Y,Y,Y,Y,Y,Y,Y,Y,,,,,경기도,성남시,,2026-05-23 19:35:48
A2100025,A2100025,대진의료재단분당제생병원,경기도 성남시 분당구 서현로180번길 20 (서현동),경기도,성남시,G006,지역응급의료센터,031-779-0114,031-779-0119,37.387871379956906,127.12132819639598,대진의료재단분당제생병원,031-779-0119,Y,Y,,,4.0,2.0,1.0,8.0,2.0,,,Y,Y,Y,Y,Y,Y,Y,8.0,Y,185.0,Y,20260523193500,Y,Y,1.0,8.0,N1,24.0,3.0,1.0,2.0,,11.0,14.0,3.0,,9.0,2.0,4.0,3.0,3.0,22.0,1.0,5.0,5.0,2.0,3.0,,484.0,,,Y,Y,A2100025,4.0,,,,4.0,,,2.0,2.0,,경기도,성남시,,,,,,,,,,,,,,,,,,,,1.0,,,,,,,,,,,,,,,7.0,,,,,7.0,,,,,,,,,2026-05-23 19:35:48,대진의료재단분당제생병원,Y,UNKNOWN,Y,UNKNOWN,UNKNOWN,UNKNOWN,UNKNOWN,UNKNOWN,UNKNOWN,Y,UNKNOWN,Y,UNKNOWN,UNKNOWN,UNKNOWN,Y,UNKNOWN,UNKNOWN,Y,UNKNOWN,Y,Y,Y,UNKNOWN,UNKNOWN,Y,Y,Y,,,,,경기도,성남시,,2026-05-23 19:35:48
A2100258,A2100258,국군수도병원,경기도 성남시 분당구 새마을로177번길 81 (율동),경기도,성남시,G007,지역응급의료기관,031-725-6075,031-725-6119,37.39186666666668,127.14858611111111,국군수도병원,031-725-6119,,,,,,,0.0,,,,,,Y,Y,Y,Y,Y,Y,13.0,Y,159.0,N1,20260523193013,N1,Y,,9.0,N1,16.0,,2.0,,,,,,,9.0,,3.0,4.0,2.0,2.0,,,5.0,2.0,,,530.0,,,Y,N1,A2100258,1.0,2.0,5.0,12.0,1.0,15.0,,,,,경기도,성남시,,,1.0,6.0,10.0,,,,,14.0,,20.0,40.0,,2.0,6.0,,,,,,,,,,,,,,,,,,,,,,,,,,,,,,,,,2026-05-23 19:35:48,국군수도병원,UNKNOWN,UNKNOWN,UNKNOWN,UNKNOWN,UNKNOWN,UNKNOWN,UNKNOWN,UNKNOWN,UNKNOWN,UNKNOWN,UNKNOWN,UNKNOWN,UNKNOWN,UNKNOWN,UNKNOWN,UNKNOWN,UNKNOWN,UNKNOWN,UNKNOWN,UNKNOWN,Y,UNKNOWN,UNKNOWN,UNKNOWN,UNKNOWN,UNKNOWN,UNKNOWN,UNKNOWN,,,,,경기도,성남시,,2026-05-23 19:35:48
A2100001,A2100001,분당서울대학교병원,"경기도 성남시 분당구 구미로173번길 82 (구미동, 분당서울대학교병원)",경기도,성남시,G001,권역응급의료센터,031-787-2114,031-787-3119,37.35202597297615,127.12448354572744,분당서울대학교병원,031-787-3119,Y,Y,,3.0,1.0,2.0,2.0,10.0,2.0,3.0,18.0,Y,Y,Y,Y,Y,Y,Y,0.0,Y,367.0,Y,20260523193300,Y,Y,2.0,38.0,N1,30.0,5.0,2.0,3.0,15.0,13.0,13.0,35.0,30.0,39.0,3.0,11.0,11.0,11.0,128.0,17.0,39.0,16.0,8.0,8.0,,1247.0,,5.0,Y,Y,A2100001,1.0,1.0,5.0,8.0,1.0,15.0,,1.0,3.0,,경기도,성남시,,,9.0,,,,3.0,,0.0,,10.0,,,,9.0,,,2.0,,,,,,,,,0.0,5.0,6.0,9.0,,,,,5.0,,,,,5.0,,,,,,,,,2026-05-23 19:35:48,분당서울대학교병원,Y,Y,Y,UNKNOWN,Y,Y,Y,Y,Y,Y,UNKNOWN,Y,UNKNOWN,UNKNOWN,Y,Y,UNKNOWN,Y,Y,Y,Y,Y,Y,Y,Y,Y,Y,Y,,,,,경기도,성남시,,2026-05-23 19:35:48
A2100050,A2100050,의료법인대인의료재단 다니엘종합병원,"경기도 부천시 원미구 중동로 361, 다니엘종합병원 (약대동)",경기도,부천시,G007,지역응급의료기관,032-670-0001,032-670-0119,37.51232155788357,126.76948894065184,의료법인대인의료재단 다니엘종합병원,032-670-0119,,,,,,,1.0,,3.0,,,,Y,,Y,N1,N,Y,4.0,N1,58.0,N1,20260523193503,N1,Y,,3.0,N1,6.0,,1.0,3.0,,,,,,3.0,,1.0,1.0,,17.0,,,1.0,,,,169.0,,,Y,N1,A2100050,0.0,,8.0,30.0,1.0,,,,,,경기도,부천시,,,,,,,,,,,,,,,,,,,,,,,,,,,,,,,,,,,,,,,,,,,,,,,,,2026-05-23 19:35:48,의료법인대인의료재단 다니엘종합병원,UNKNOWN,UNKNOWN,UNKNOWN,UNKNOWN,UNKNOWN,UNKNOWN,UNKNOWN,UNKNOWN,UNKNOWN,UNKNOWN,UNKNOWN,UNKNOWN,UNKNOWN,UNKNOWN,UNKNOWN,UNKNOWN,UNKNOWN,UNKNOWN,UNKNOWN,UNKNOWN,Y,UNKNOWN,UNKNOWN,UNKNOWN,UNKNOWN,UNKNOWN,UNKNOWN,UNKNOWN,,,,,경기도,부천시,,2026-05-23 19:35:48
A2100005,A2100005,순천향대학교부속부천병원,"경기도 부천시 원미구 조마루로 170, 부흥로 173(1층일부) (중동)",경기도,부천시,G001,권역응급의료센터,032-621-5114,032-621-5117,37.49857073407877,126.76238239812,순천향대학교부속부천병원,032-621-5117,Y,Y,,,3.0,-1.0,0.0,7.0,0.0,8.0,24.0,Y,Y,Y,Y,Y,Y,Y,9.0,Y,275.0,Y,20260523193122,Y,Y,2.0,21.0,Y,17.0,5.0,0.0,0.0,20.0,16.0,15.0,24.0,34.0,21.0,1.0,4.0,3.0,5.0,71.0,9.0,31.0,17.0,4.0,3.0,1.0,674.0,,,Y,Y,A2100005,4.0,,8.0,20.0,8.0,,,0.0,7.0,,경기도,부천시,,,0.0,0.0,,,,,-3.0,,,,,,0.0,0.0,,5.0,,1.0,2.0,0.0,,,2.0,3.0,,,,,,,,0.0,,,,,0.0,,,,,,,,,,2026-05-23 19:35:48,순천향대학교부속부천병원,Y,Y,Y,N,Y,UNKNOWN,Y,Y,Y,Y,Y,N,Y,Y,Y,Y,UNKNOWN,UNKNOWN,Y,UNKNOWN,Y,N,N,Y,Y,Y,Y,Y,,,,,경기도,부천시,,2026-05-23 19:35:48
A2100052,A2100052,가톨릭대학교부천성모병원,"경기도 부천시 원미구 소사로 327, 가톨릭대학교 부천성모병원 (소사동)",경기도,부천시,G006,지역응급의료센터,032-1577-0675,032-340-2100,37.4874477394264,126.79243459155,가톨릭대학교부천성모병원,032-340-2100,Y,Y,,,3.0,,2.0,2.0,1.0,,,Y,Y,Y,Y,Y,Y,Y,19.0,Y,221.0,Y,20260523193508,Y,Y,8.0,14.0,N1,31.0,,2.0,1.0,,16.0,12.0,10.0,,14.0,3.0,3.0,3.0,3.0,28.0,4.0,14.0,11.0,1.0,2.0,,562.0,,,Y,Y,A2100052,1.0,,,,4.0,,,2.0,4.0,,경기도,부천시,3.0,3.0,,,,,3.0,,,,18.0,,,,,,,,,,,,,,,,,,,,,,,,,,,,,,,,,,,,,,2026-05-23 19:35:48,가톨릭대학교부천성모병원,Y,UNKNOWN,Y,N,UNKNOWN,UNKNOWN,UNKNOWN,Y,Y,Y,UNKNOWN,Y,UNKNOWN,UNKNOWN,Y,Y,UNKNOWN,N,Y,N,Y,Y,Y,UNKNOWN,UNKNOWN,Y,Y,Y,,,,,경기도,부천시,,2026-05-23 19:35:48
A2100051,A2100051,뉴대성병원,"경기도 부천시 원미구 부천로 91, ,부흥로373번길18, 부흥로377(기존디에스병원A동) (심곡동)",경기도,부천시,G009,응급실운영신고기관,032-610-1111,032-610-1100,37.49201639843304,126.78381841037,,,,,,,,,,,,,,,,,,,,,,,,,,,,,,,,,,,,,,,,,,,,,,,,,,,,,,,,,,,,,,,,,,,,,,,,,,,,,,,,,,,,,,,,,,,,,,,,,,,,,,,,,,,,,,,,,,,,,,,,,,,,,,,,,,,,,,,,,,,,,,,,,,,,,,,,,,,
A2100058,A2100058,부천우리병원,경기도 부천시 오정구 소사로 726 (원종동),경기도,부천시,G009,응급실운영신고기관,032-672-4100,032-672-2400,37.52438752921628,126.8051855988659,,,,,,,,,,,,,,,,,,,,,,,,,,,,,,,,,,,,,,,,,,,,,,,,,,,,,,,,,,,,,,,,,,,,,,,,,,,,,,,,,,,,,,,,,,,,,,,,,,,,,,,,,,,,,,,,,,,,,,,,,,,,,,,,,,,,,,,,,,,,,,,,,,,,,,,,,,,
A2100055,A2100055,부천세종병원,"경기도 부천시 소사구 호현로489번길 28 (소사본동, 세종병원)",경기도,부천시,G006,지역응급의료센터,1599-6677,032-340-1119,37.4810049006,126.7911674323,부천세종병원,032-340-1119,Y,Y,,,,,1.0,,2.0,,,Y,Y,Y,Y,Y,Y,Y,13.0,Y,93.0,Y,20260523193510,Y,Y,,6.0,N1,17.0,,1.0,2.0,,,,,,6.0,1.0,2.0,1.0,5.0,18.0,1.0,1.0,5.0,4.0,1.0,,271.0,,,Y,Y,A2100055,0.0,,5.0,22.0,2.0,,,1.0,6.0,,경기도,부천시,,,,,,,,,,,,,,,,,,,,,,,,,,,,,,,,,,,,,,,,,,,,,,,,,2026-05-23 19:35:48,부천세종병원,Y,UNKNOWN,Y,UNKNOWN,UNKNOWN,UNKNOWN,UNKNOWN,UNKNOWN,Y,Y,UNKNOWN,Y,UNKNOWN,UNKNOWN,UNKNOWN,Y,UNKNOWN,UNKNOWN,N,UNKNOWN,Y,Y,Y,Y,Y,Y,Y,Y,,,,,경기도,부천시,,2026-05-23 19:35:48
A2100135,A2100135,동두천중앙성모병원,경기도 동두천시 동광로 53 (생연동),경기도,동두천시,G009,응급실운영신고기관,031-863-0550,031-863-1339,37.90888404022765,127.05398051509536,,,,,,,,,,,,,,,,,,,,,,,,,,,,,,,,,,,,,,,,,,,,,,,,,,,,,,,,,,,,,,,,,,,,,,,,,,,,,,,,,,,,,,,,,,,,,,,,,,,,,,,,,,,,,,,,,,,,,,,,,,,,,,,,,,,,,,,,,,,,,,,,,,,,,,,,,,,
A2100208,A2100208,원병원,경기도 남양주시 화도읍 경춘로 1943-16,경기도,남양주시,G009,응급실운영신고기관,031-590-3114,031-5903-1189,37.651957172510606,127.30437739416752,,,,,,,,,,,,,,,,,,,,,,,,,,,,,,,,,,,,,,,,,,,,,,,,,,,,,,,,,,,,,,,,,,,,,,,,,,,,,,,,,,,,,,,,,,,,,,,,,,,,,,,,,,,,,,,,,,,,,,,,,,,,,,,,,,,,,,,,,,,,,,,,,,,,,,,,,,,
A2118188,A2118188,엘병원,"경기도 남양주시 퇴계원읍 퇴계원로 20, 지하2~지상7층 일부제외호",경기도,남양주시,G007,지역응급의료기관,1899-3377,031-527-6119,37.6487334911668,127.141048740049,엘병원,031-527-6119,,,,,,,,,0.0,,,,Y,,Y,N1,N1,Y,5.0,N1,34.0,N1,20260523193345,N1,Y,,3.0,N1,8.0,,,2.0,,,,,,3.0,,1.0,1.0,,2.0,,,,,,,146.0,,,Y,N1,A2118188,1.0,,1.0,8.0,1.0,,,1.0,1.0,,경기도,양주시,,,,,,,,,,,,,,,,,,,,,,,,,,,,,,,,,,,,,,,,,,,,,,,,,2026-05-23 19:35:48,엘병원,UNKNOWN,UNKNOWN,UNKNOWN,UNKNOWN,UNKNOWN,UNKNOWN,UNKNOWN,UNKNOWN,UNKNOWN,UNKNOWN,UNKNOWN,UNKNOWN,UNKNOWN,UNKNOWN,UNKNOWN,UNKNOWN,UNKNOWN,UNKNOWN,UNKNOWN,UNKNOWN,Y,UNKNOWN,UNKNOWN,UNKNOWN,UNKNOWN,UNKNOWN,UNKNOWN,UNKNOWN,,,,,경기도,양주시,,2026-05-23 19:35:48
A2100037,A2100037,현대병원,경기도 남양주시 진접읍 봉현로 21,경기도,남양주시,G006,지역응급의료센터,031-574-9118~9,031-574-0114,37.715486551355895,127.17984989970032,현대병원,031-574-0114,,,,,,,3.0,,,,,,Y,Y,Y,Y,Y,Y,12.0,N1,101.0,Y,20260523193347,N1,Y,,7.0,N1,17.0,,3.0,,,,,,,7.0,,2.0,2.0,2.0,50.0,,,17.0,,2.0,,342.0,,,Y,N1,A2100037,6.0,,3.0,19.0,20.0,,,,,,경기도,양주시,,,,,,,,,,,,,,,,,,,,,,,,,,,,,,,,,,,,,,,,,,,,,,,,,2026-05-23 19:35:48,현대병원,Y,UNKNOWN,Y,UNKNOWN,UNKNOWN,UNKNOWN,UNKNOWN,UNKNOWN,UNKNOWN,Y,UNKNOWN,Y,Y,Y,UNKNOWN,Y,UNKNOWN,UNKNOWN,Y,UNKNOWN,Y,Y,Y,UNKNOWN,UNKNOWN,Y,Y,Y,,,,,경기도,양주시,,2026-05-23 19:35:48
A2100041,A2100041,남양주한양병원,경기도 남양주시 오남읍 양지로 47-55,경기도,남양주시,G006,지역응급의료센터,031-510-0114,031-510-0119,37.68238094157572,127.2043136287129,남양주한양병원,031-510-0119,,,,,,,1.0,,2.0,,,,Y,Y,Y,Y,Y,Y,14.0,N1,79.0,N1,20260523193525,N1,Y,,,N1,17.0,,1.0,2.0,,,,,,,,2.0,2.0,1.0,33.0,,,2.0,,,,244.0,,,Y,N1,A2100041,-11.0,,1.0,17.0,3.0,,,,,,경기도,양주시,,,,,,,,,,,,,,,,,,,,,,,,,,,,,,,,,,,,,,,,,,,,,,,,,2026-05-23 19:35:48,남양주한양병원,Y,UNKNOWN,UNKNOWN,UNKNOWN,UNKNOWN,UNKNOWN,UNKNOWN,UNKNOWN,UNKNOWN,UNKNOWN,UNKNOWN,Y,UNKNOWN,UNKNOWN,UNKNOWN,Y,UNKNOWN,UNKNOWN,UNKNOWN,UNKNOWN,Y,N,N,UNKNOWN,UNKNOWN,Y,Y,Y,,,,,경기도,양주시,,2026-05-23 19:35:48
A2120077,A2120077,혜성병원,"경기도 남양주시 경춘로1308번길 4, 1층일부~10층 (평내동)",경기도,남양주시,G009,응급실운영신고기관,0318151119,,37.6501095660175,127.238321935956,,,,,,,,,,,,,,,,,,,,,,,,,,,,,,,,,,,,,,,,,,,,,,,,,,,,,,,,,,,,,,,,,,,,,,,,,,,,,,,,,,,,,,,,,,,,,,,,,,,,,,,,,,,,,,,,,,,,,,,,,,,,,,,,,,,,,,,,,,,,,,,,,,,,,,,,,,,
A2100006,A2100006,의료법인인봉의료재단뉴고려병원,"경기도 김포시 김포한강3로 283, 뉴고려병원 (장기동)",경기도,김포시,G006,지역응급의료센터,031-998-8129,031-980-9119,37.64095507933562,126.66022763544731,의료법인인봉의료재단뉴고려병원,031-980-9119,,,,,,,1.0,,2.0,,,,Y,Y,Y,Y,Y,Y,8.0,N1,92.0,N1,20260523193500,N1,Y,,6.0,N1,14.0,,1.0,2.0,,,,,,6.0,,2.0,2.0,2.0,7.0,,,1.0,,,,278.0,,,Y,N1,A2100006,7.0,,4.0,24.0,10.0,,,,,,경기도,김포시,3.0,3.0,,,,,,,,,,,,,,,,,,,,,,,,,,,,,,,,,,,,,,,,,,,,,,,2026-05-23 19:35:48,의료법인인봉의료재단뉴고려병원,Y,UNKNOWN,UNKNOWN,UNKNOWN,UNKNOWN,UNKNOWN,UNKNOWN,UNKNOWN,UNKNOWN,UNKNOWN,UNKNOWN,Y,Y,UNKNOWN,UNKNOWN,UNKNOWN,UNKNOWN,UNKNOWN,Y,UNKNOWN,Y,Y,Y,UNKNOWN,UNKNOWN,Y,UNKNOWN,Y,,,,,경기도,김포시,,2026-05-23 19:35:48
A2100053,A2100053,의료법인우리의료재단김포우리병원,"경기도 김포시 감암로 11, 김포우리병원 (걸포동)",경기도,김포시,G006,지역응급의료센터,031-999-1000,031-999-1119,37.632530143647166,126.7105272263707,의료법인우리의료재단김포우리병원,031-999-1119,,,,,,,1.0,,6.0,,,,Y,Y,Y,Y,Y,Y,10.0,Y,83.0,Y,20260523193417,N1,Y,,7.0,N1,22.0,,1.0,6.0,,,,,,7.0,,2.0,2.0,2.0,48.0,,,4.0,1.0,2.0,,477.0,,,Y,N1,A2100053,0.0,,1.0,36.0,1.0,,0.0,2.0,11.0,0.0,경기도,김포시,,,0.0,0.0,,,,,,,,,,,0.0,0.0,,,,,,,,,,,,,,,,,,,,,,,,,,,,,,,,,2026-05-23 19:35:48,의료법인우리의료재단김포우리병원,Y,Y,Y,UNKNOWN,Y,UNKNOWN,UNKNOWN,UNKNOWN,UNKNOWN,Y,UNKNOWN,Y,Y,Y,Y,Y,UNKNOWN,Y,Y,UNKNOWN,Y,Y,Y,UNKNOWN,UNKNOWN,Y,Y,Y,,,,,경기도,김포시,,2026-05-23 19:35:48
A2100048,A2100048,원광대학교산본병원,경기도 군포시 산본로 321 (산본동),경기도,군포시,G006,지역응급의료센터,031-390-2300,031-390-2345,37.359787179442414,126.93330716393872,원광대학교산본병원,031-390-2345,,,,,,,0.0,,2.0,,,Y,Y,Y,Y,Y,Y,Y,11.0,N1,71.0,N1,20260523193207,N1,Y,,5.0,N1,17.0,,1.0,2.0,,,,,,5.0,1.0,1.0,1.0,1.0,1.0,,,2.0,,,,188.0,,,Y,N1,A2100048,,,5.0,12.0,,,,,,,경기도,군포시,,,,,,,,,,,,,,,,,,,,,,,,,,,,,,,,,,,,,,,,,,,,,,,,,2026-05-23 19:35:48,원광대학교산본병원,N,UNKNOWN,UNKNOWN,UNKNOWN,UNKNOWN,UNKNOWN,UNKNOWN,UNKNOWN,UNKNOWN,Y,UNKNOWN,UNKNOWN,UNKNOWN,UNKNOWN,UNKNOWN,Y,UNKNOWN,UNKNOWN,UNKNOWN,UNKNOWN,Y,Y,Y,UNKNOWN,UNKNOWN,N,Y,Y,,,,,경기도,군포시,,2026-05-23 19:35:48
A2100054,A2100054,효산의료재단지샘병원,"경기도 군포시 군포로 591 (당동, (G샘병원)군포샘병원)",경기도,군포시,G006,지역응급의료센터,031-389-3000,031-389-3119,37.35864464913468,126.94735972779895,효산의료재단지샘병원,031-389-3119,,,,,,,2.0,,1.0,,,,Y,Y,Y,Y,Y,Y,12.0,N1,114.0,N1,20260523193528,N1,Y,,5.0,N1,18.0,,2.0,1.0,,,,,,5.0,,2.0,1.0,3.0,11.0,,,2.0,,,,367.0,,,Y,N1,A2100054,1.0,,9.0,18.0,1.0,,,0.0,2.0,,경기도,군포시,1.0,1.0,,,,,,,,,,,,,,,,,,,,,,,,,,,,,,,,,,,,,,,,,,,,,,,2026-05-23 19:35:48,효산의료재단지샘병원,Y,UNKNOWN,Y,UNKNOWN,UNKNOWN,UNKNOWN,UNKNOWN,UNKNOWN,UNKNOWN,Y,Y,UNKNOWN,UNKNOWN,UNKNOWN,Y,Y,UNKNOWN,UNKNOWN,Y,UNKNOWN,Y,Y,Y,UNKNOWN,UNKNOWN,Y,UNKNOWN,Y,,,,,경기도,군포시,,2026-05-23 19:35:48
A2100039,A2100039,한양대학교구리병원,경기도 구리시 경춘로 153 (교문동),경기도,구리시,G006,지역응급의료센터,031-1644-9118,1644-9118,37.6012760077,127.13250756940002,한양대학교구리병원,1644-9118,Y,Y,,,1.0,,2.0,3.0,2.0,,,Y,Y,Y,Y,Y,Y,Y,7.0,Y,176.0,Y,20260523193300,Y,Y,7.0,8.0,N1,18.0,,3.0,2.0,,17.0,14.0,10.0,,9.0,1.0,3.0,2.0,3.0,21.0,6.0,14.0,4.0,2.0,2.0,,488.0,,,Y,Y,A2100039,,,,,,,,2.0,5.0,,경기도,구리시,,,,,,,,,,,,,,,,,,,,,,,,,,,,,,,,,,,,,,,,,,,,,,,,,2026-05-23 19:35:48,한양대학교구리병원,Y,UNKNOWN,UNKNOWN,UNKNOWN,UNKNOWN,UNKNOWN,UNKNOWN,UNKNOWN,UNKNOWN,UNKNOWN,Y,Y,Y,Y,Y,Y,UNKNOWN,UNKNOWN,UNKNOWN,UNKNOWN,Y,Y,Y,UNKNOWN,Y,Y,Y,Y,,,,,경기도,구리시,,2026-05-23 19:35:48
A2100116,A2100116,윤서병원,경기도 구리시 건원대로 47 (인창동),경기도,구리시,G009,응급실운영신고기관,031-553-6650,031-564-2222,37.60519852568096,127.13961137900536,,,,,,,,,,,,,,,,,,,,,,,,,,,,,,,,,,,,,,,,,,,,,,,,,,,,,,,,,,,,,,,,,,,,,,,,,,,,,,,,,,,,,,,,,,,,,,,,,,,,,,,,,,,,,,,,,,,,,,,,,,,,,,,,,,,,,,,,,,,,,,,,,,,,,,,,,,,
A2100155,A2100155,참조은병원,경기도 광주시 광주대로 45 (경안동),경기도,광주시,G006,지역응급의료센터,1600-9955,031-881-9119,37.41095382720454,127.26022384023878,참조은병원,031-881-9119,,,,,,1.0,1.0,,3.0,,,,Y,Y,Y,Y,Y,Y,-1.0,N1,84.0,Y,20260523193510,N1,Y,,7.0,N1,9.0,1.0,1.0,3.0,,,,,,7.0,,3.0,3.0,2.0,18.0,,,3.0,,2.0,,286.0,,,Y,N1,A2100155,0.0,,2.0,24.0,1.0,,,1.0,2.0,,경기도,광주시,6.0,6.0,0.0,0.0,,,,,,,,,,,0.0,0.0,,,,,,,,,,,,,,,,,,,,,,,,,,,,,,,,,2026-05-23 19:35:48,참조은병원,Y,UNKNOWN,UNKNOWN,UNKNOWN,UNKNOWN,UNKNOWN,UNKNOWN,UNKNOWN,UNKNOWN,UNKNOWN,UNKNOWN,Y,UNKNOWN,UNKNOWN,Y,Y,UNKNOWN,UNKNOWN,UNKNOWN,UNKNOWN,Y,Y,Y,UNKNOWN,UNKNOWN,UNKNOWN,UNKNOWN,Y,,,,,경기도,광주시,,2026-05-23 19:35:48
A2100007,A2100007,광명성애병원,"경기도 광명시 디지털로 36, 광명성애병원 (철산동)",경기도,광명시,G006,지역응급의료센터,02-2680-7114,02-2680-7116,37.4734614743463,126.87192258470483,광명성애병원,02-2680-7116,Y,Y,,,,4.0,1.0,,4.0,,,Y,Y,Y,Y,Y,Y,Y,7.0,N1,74.0,N1,20260523193441,Y,Y,,5.0,N1,11.0,4.0,1.0,4.0,,,,,,5.0,2.0,2.0,2.0,1.0,12.0,2.0,5.0,1.0,,,,189.0,,,Y,Y,A2100007,0.0,,9.0,13.0,1.0,,22.0,,,50.0,경기도,광명시,,,,,,,,,,,,,,,,,,,,,,,,,,,,,,,,,,,,,,,,,,,,,,,,,2026-05-23 19:35:48,광명성애병원,UNKNOWN,UNKNOWN,UNKNOWN,UNKNOWN,UNKNOWN,UNKNOWN,UNKNOWN,UNKNOWN,UNKNOWN,UNKNOWN,UNKNOWN,UNKNOWN,Y,UNKNOWN,Y,UNKNOWN,UNKNOWN,UNKNOWN,UNKNOWN,UNKNOWN,Y,UNKNOWN,UNKNOWN,UNKNOWN,UNKNOWN,UNKNOWN,UNKNOWN,UNKNOWN,,,,,경기도,광명시,,2026-05-23 19:35:48
A2118788,A2118788,중앙대학교광명병원,경기도 광명시 덕안로 110(일직동),경기도,광명시,G006,지역응급의료센터,1811-7800,02-2222-1351,37.4245974351169,126.885910072451,중앙대학교광명병원,02-2222-1351,Y,Y,,,,,1.0,,2.0,,,Y,Y,Y,Y,Y,Y,Y,14.0,Y,247.0,Y,20260523193507,Y,Y,3.0,17.0,N1,21.0,,1.0,2.0,,,,16.0,,17.0,2.0,2.0,2.0,5.0,28.0,6.0,16.0,5.0,4.0,10.0,,584.0,,,Y,Y,A2118788,3.0,,7.0,24.0,6.0,,,0.0,2.0,,경기도,광명시,,,,,,,,,,,,,,,,,,,,,0.0,0.0,2.0,5.0,0.0,0.0,,3.0,,5.0,,,,,,,,,,,,,,,,,,,2026-05-23 19:35:48,중앙대학교광명병원,Y,UNKNOWN,UNKNOWN,UNKNOWN,UNKNOWN,UNKNOWN,Y,Y,UNKNOWN,UNKNOWN,UNKNOWN,Y,UNKNOWN,UNKNOWN,UNKNOWN,Y,UNKNOWN,UNKNOWN,Y,UNKNOWN,Y,Y,Y,Y,Y,Y,Y,Y,,,,,경기도,광명시,,2026-05-23 19:35:48
A2100038,A2100038,인제대학교일산백병원,경기도 고양시 일산서구 주화로 170 (대화동),경기도,고양시,G006,지역응급의료센터,031-910-7114,031-910-7114,37.67436543525074,126.75031388046008,인제대학교일산백병원,031-910-7114,N,N,,,2.0,,3.0,2.0,3.0,,,Y,Y,Y,Y,Y,Y,Y,16.0,Y,217.0,Y,20260523193420,N,Y,,16.0,N1,34.0,,3.0,3.0,,25.0,32.0,,,17.0,3.0,3.0,3.0,4.0,53.0,18.0,22.0,7.0,3.0,1.0,,534.0,,,Y,N,A2100038,2.0,6.0,,,4.0,16.0,,1.0,2.0,,경기도,고양시,,,,,,,,,,,,,,,,,,,,,,,,,,,,,,,,,,,,,,,,,2.0,4.0,,,,,,,2026-05-23 19:35:48,인제대학교일산백병원,Y,UNKNOWN,Y,UNKNOWN,UNKNOWN,UNKNOWN,UNKNOWN,UNKNOWN,Y,Y,UNKNOWN,Y,UNKNOWN,UNKNOWN,Y,Y,Y,UNKNOWN,Y,UNKNOWN,Y,Y,Y,UNKNOWN,Y,Y,UNKNOWN,Y,,,,,경기도,고양시,,2026-05-23 19:35:48
A2116972,A2116972,의료법인성광의료재단일산차병원,"경기도 고양시 일산동구 중앙로 1205, 지하1층(일부),지하2층,지하4층(일부),1층(일부),2층(일부),3층(일부),4~5층,6층(일부), 7~10층 (장항동)",경기도,고양시,G007,지역응급의료기관,031-782-8300,031-782-8587,37.65413326289407,126.77574306091104,의료법인성광의료재단일산차병원,031-782-8587,Y,Y,,,,,,,2.0,,,Y,,,Y,N1,N1,N1,1.0,N1,77.0,N1,20260523193355,Y,N1,0.0,10.0,N1,6.0,,,4.0,,,,17.0,,10.0,9.0,,,,4.0,11.0,19.0,,,,,179.0,,,Y,Y,A2116972,1.0,,3.0,4.0,1.0,,,1.0,1.0,,경기도,고양시,,,,,,,,,,,,,,,,,,,,,,,,,,,,,,,,,,,,,,,,,,,,,,,,,2026-05-23 19:35:48,의료법인성광의료재단일산차병원,UNKNOWN,UNKNOWN,UNKNOWN,UNKNOWN,UNKNOWN,UNKNOWN,Y,Y,Y,Y,UNKNOWN,UNKNOWN,UNKNOWN,UNKNOWN,UNKNOWN,UNKNOWN,UNKNOWN,UNKNOWN,UNKNOWN,UNKNOWN,Y,UNKNOWN,UNKNOWN,UNKNOWN,UNKNOWN,UNKNOWN,UNKNOWN,UNKNOWN,,,,,경기도,고양시,,2026-05-23 19:35:48
A2100049,A2100049,국립암센터,경기도 고양시 일산동구 일산로 323 (마두동),경기도,고양시,G007,지역응급의료기관,031-920-0114,031-920-0119,37.664170778165285,126.78327945120732,국립암센터,031-920-0119,,N,,,,,,,1.0,,,,Y,Y,Y,Y,Y,Y,15.0,Y,124.0,Y,20260523193200,N,Y,,18.0,N1,24.0,,,1.0,,,,,,18.0,,7.0,5.0,3.0,29.0,,1.0,8.0,2.0,7.0,,554.0,,,Y,N1,A2100049,9.0,,10.0,19.0,9.0,,,,,,경기도,고양시,,,,,,,,,,,,,,,,,,,,,,,,,,,,,,,,,,,,,,,,,,,,,,,,,2026-05-23 19:35:48,국립암센터,UNKNOWN,UNKNOWN,UNKNOWN,UNKNOWN,UNKNOWN,UNKNOWN,UNKNOWN,UNKNOWN,UNKNOWN,UNKNOWN,UNKNOWN,UNKNOWN,UNKNOWN,UNKNOWN,UNKNOWN,UNKNOWN,UNKNOWN,UNKNOWN,UNKNOWN,UNKNOWN,Y,UNKNOWN,UNKNOWN,UNKNOWN,UNKNOWN,UNKNOWN,UNKNOWN,UNKNOWN,,,,,경기도,고양시,,2026-05-23 19:35:48
A2100033,A2100033,국민건강보험공단일산병원,"경기도 고양시 일산동구 일산로 100 (백석동,백석1동 1241외1필지 4층)",경기도,고양시,G001,권역응급의료센터,1577-0013,031-900-0761,37.64530592402248,126.792204040477,국민건강보험공단일산병원,031-900-0761,Y,Y,1.0,,2.0,3.0,2.0,9.0,3.0,7.0,10.0,Y,Y,Y,Y,Y,Y,Y,6.0,Y,180.0,N1,20260523193003,Y,Y,0.0,1.0,N1,23.0,5.0,2.0,3.0,19.0,10.0,16.0,20.0,29.0,2.0,2.0,4.0,3.0,3.0,60.0,8.0,28.0,13.0,5.0,,,648.0,1.0,,Y,Y,A2100033,8.0,11.0,,,11.0,28.0,0.0,2.0,4.0,0.0,경기도,고양시,,,,0.0,,,,,,,,,,,,0.0,,,,,,,,,,,,6.0,,6.0,,1.0,,0.0,0.0,,1.0,,0.0,0.0,,,,,,,,,2026-05-23 19:35:48,국민건강보험공단일산병원,Y,Y,Y,Y,Y,UNKNOWN,Y,Y,Y,Y,UNKNOWN,Y,UNKNOWN,UNKNOWN,Y,Y,Y,Y,Y,UNKNOWN,Y,Y,Y,Y,Y,Y,Y,Y,,,,,경기도,고양시,,2026-05-23 19:35:48
A2100047,A2100047,동국대학교일산불교병원,"경기도 고양시 일산동구 동국로 27 (식사동, 동국대학교일산병원)",경기도,고양시,G006,지역응급의료센터,031-1577-7000,031-961-7777,37.67643677699999,126.8055658392,동국대학교일산불교병원,031-961-7777,Y,Y,,,4.0,3.0,1.0,17.0,3.0,,,Y,Y,Y,Y,Y,Y,Y,8.0,Y,275.0,Y,20260523193446,Y,Y,10.0,12.0,N1,19.0,3.0,1.0,3.0,,16.0,20.0,13.0,,12.0,8.0,2.0,2.0,2.0,19.0,13.0,25.0,4.0,2.0,1.0,,522.0,,,Y,Y,A2100047,0.0,8.0,,,4.0,15.0,,0.0,0.0,,경기도,고양시,3.0,3.0,,,,,,,,,,,,,,,,,,,,,,,,,,,,,,,,,,,,,,,,,,,,,,,2026-05-23 19:35:48,동국대학교일산불교병원,Y,UNKNOWN,UNKNOWN,UNKNOWN,UNKNOWN,UNKNOWN,UNKNOWN,Y,Y,Y,UNKNOWN,Y,UNKNOWN,UNKNOWN,Y,Y,Y,UNKNOWN,Y,UNKNOWN,Y,Y,Y,Y,Y,Y,Y,UNKNOWN,,,,,경기도,고양시,,2026-05-23 19:35:48
A2100283,A2100283,의료법인일산복음병원,"경기도 고양시 일산동구 고양대로 760, 가동 (중산동, 일산복음병원)",경기도,고양시,G009,응급실운영신고기관,031-977-5000,031-929-0330,37.68205457051212,126.7801254241406,,,,,,,,,,,,,,,,,,,,,,,,,,,,,,,,,,,,,,,,,,,,,,,,,,,,,,,,,,,,,,,,,,,,,,,,,,,,,,,,,,,,,,,,,,,,,,,,,,,,,,,,,,,,,,,,,,,,,,,,,,,,,,,,,,,,,,,,,,,,,,,,,,,,,,,,,,,
A2100042,A2100042,의료법인명지의료재단명지병원,경기도 고양시 덕양구 화수로14번길 55 (화정동),경기도,고양시,G001,권역응급의료센터,031-810-5114,031-810-7119,37.64207169115689,126.83145733035823,의료법인명지의료재단명지병원,031-810-7119,Y,Y,0.0,0.0,,0.0,0.0,,1.0,5.0,18.0,Y,Y,Y,Y,Y,Y,Y,9.0,Y,202.0,Y,20260523193500,Y,Y,3.0,13.0,Y,15.0,0.0,0.0,3.0,16.0,,,3.0,28.0,13.0,2.0,6.0,3.0,5.0,49.0,4.0,5.0,8.0,5.0,2.0,2.0,443.0,4.0,3.0,Y,Y,A2100042,4.0,0.0,9.0,31.0,4.0,0.0,0.0,0.0,0.0,0.0,경기도,고양시,,,0.0,0.0,,,,,,,,,,,0.0,0.0,,,,1.0,3.0,2.0,,,3.0,2.0,,,,,2.0,1.0,0.0,0.0,0.0,3.0,2.0,0.0,0.0,0.0,,,,,,,,,2026-05-23 19:35:48,의료법인명지의료재단명지병원,Y,Y,Y,UNKNOWN,Y,UNKNOWN,UNKNOWN,UNKNOWN,UNKNOWN,UNKNOWN,UNKNOWN,Y,Y,Y,Y,Y,UNKNOWN,UNKNOWN,Y,Y,Y,Y,Y,Y,Y,Y,Y,Y,,,,,경기도,고양시,,2026-05-23 19:35:48
A2100290,A2100290,의료법인자인의료재단(더자인병원),"경기도 고양시 덕양구 중앙로 555, /중앙로557번길 14, 지하1(일부),1-6층 (행신동)",경기도,고양시,G007,지역응급의료기관,031-930-3114,031-930-3119,37.62297864974611,126.83568238933726,의료법인자인의료재단(더자인병원),031-930-3119,,,,,,,2.0,,2.0,,,,Y,Y,Y,Y,N1,Y,15.0,N1,90.0,N1,20260523193451,N1,N,,5.0,N1,16.0,,2.0,2.0,,,,,,5.0,,2.0,2.0,1.0,15.0,,,,,,,250.0,,,Y,N1,A2100290,,,,,,,,,,,경기도,고양시,,,,,,,,,,,,,,,,,,,,,,,,,,,,,,,,,,,,,,,,,,,,,,,,,2026-05-23 19:35:48,의료법인자인의료재단(더자인병원),UNKNOWN,UNKNOWN,UNKNOWN,UNKNOWN,UNKNOWN,UNKNOWN,UNKNOWN,UNKNOWN,UNKNOWN,UNKNOWN,UNKNOWN,UNKNOWN,UNKNOWN,UNKNOWN,UNKNOWN,UNKNOWN,UNKNOWN,UNKNOWN,UNKNOWN,UNKNOWN,Y,UNKNOWN,UNKNOWN,UNKNOWN,UNKNOWN,UNKNOWN,UNKNOWN,UNKNOWN,,,,,경기도,고양시,,2026-05-23 19:35:48
A2100282,A2100282,에이치제이매그놀리아국제병원,경기도 가평군 설악면 미사리로 267-177,경기도,가평군,G009,응급실운영신고기관,031-589-4300,031-589-4465,37.69104512763415,127.52141322182568,,,,,,,,,,,,,,,,,,,,,,,,,,,,,,,,,,,,,,,,,,,,,,,,,,,,,,,,,,,,,,,,,,,,,,,,,,,,,,,,,,,,,,,,,,,,,,,,,,,,,,,,,,,,,,,,,,,,,,,,,,,,,,,,,,,,,,,,,,,,,,,,,,,,,,,,,,,
A2200016,A2200016,횡성대성병원,강원특별자치도 횡성군 횡성읍 횡성로 275,강원특별자치도,횡성군,G007,지역응급의료기관,033-343-0901,033-345-1191,37.47845901170136,127.97994775890872,횡성대성병원,033-345-1191,,,,,,,,,1.0,,,,Y,,Y,N1,N1,Y,6.0,N1,41.0,N1,20260523193441,N1,Y,,1.0,N1,9.0,,,1.0,,,,,,1.0,,1.0,1.0,,1.0,,,,,,,114.0,,,Y,N1,A2200016,,,,,,,,,,,강원특별자치도,횡성군,,,,,,,,,,,,,,,,,,,,,,,,,,,,,,,,,,,,,,,,,,,,,,,,,2026-05-23 19:35:48,횡성대성병원,UNKNOWN,UNKNOWN,UNKNOWN,UNKNOWN,UNKNOWN,UNKNOWN,UNKNOWN,UNKNOWN,UNKNOWN,UNKNOWN,UNKNOWN,UNKNOWN,UNKNOWN,UNKNOWN,UNKNOWN,UNKNOWN,UNKNOWN,UNKNOWN,UNKNOWN,UNKNOWN,Y,UNKNOWN,UNKNOWN,UNKNOWN,UNKNOWN,UNKNOWN,UNKNOWN,UNKNOWN,,,,,강원특별자치도,횡성군,,2026-05-23 19:35:48
E2200025,E2200025,화천군보건의료원,강원특별자치도 화천군 화천읍 강변로 111 (화천군보건의료원),강원특별자치도,화천군,G007,지역응급의료기관,033-441-4000,033-440-2880,38.1073824571151,127.708883438378,화천군보건의료원,033-440-2880,,,,,,,,,1.0,,,,,,Y,N1,N1,N1,7.0,N1,16.0,N1,20260523193500,N1,N1,,,N1,7.0,,,1.0,,,,,,,,,,,1.0,,,,,,,16.0,,,Y,N1,E2200025,,,,,,,,,,,강원특별자치도,화천군,,,,,,,,,,,,,,,,,,,,,,,,,,,,,,,,,,,,,,,,,,,,,,,,,2026-05-23 19:35:48,화천군보건의료원,UNKNOWN,UNKNOWN,UNKNOWN,UNKNOWN,UNKNOWN,UNKNOWN,UNKNOWN,UNKNOWN,UNKNOWN,UNKNOWN,UNKNOWN,UNKNOWN,UNKNOWN,UNKNOWN,UNKNOWN,UNKNOWN,UNKNOWN,UNKNOWN,UNKNOWN,UNKNOWN,Y,UNKNOWN,UNKNOWN,UNKNOWN,UNKNOWN,UNKNOWN,UNKNOWN,UNKNOWN,,,,,강원특별자치도,화천군,,2026-05-23 19:35:48
A2200014,A2200014,홍천아산병원,강원특별자치도 홍천군 홍천읍 산림공원1길 17,강원특별자치도,홍천군,G007,지역응급의료기관,033-430-5211,033-430-5119,37.69082165229579,127.89490721695594,홍천아산병원,033-430-5119,,,,,,,,,,,,,Y,,Y,N1,N1,Y,6.0,N1,23.0,N1,20260523193001,N1,Y,,2.0,N1,10.0,,,,,,,,,2.0,,1.0,1.0,,4.0,,,,,,,128.0,,,Y,N1,A2200014,,,0.0,7.0,,,,,,,강원특별자치도,홍천군,,,,,,,,,,,,,,,,,,,,,,,,,,,,,,,,,,,,,,,,,,,,,,,,,2026-05-23 19:35:48,홍천아산병원,UNKNOWN,UNKNOWN,UNKNOWN,UNKNOWN,UNKNOWN,UNKNOWN,UNKNOWN,UNKNOWN,UNKNOWN,UNKNOWN,UNKNOWN,UNKNOWN,UNKNOWN,UNKNOWN,Y,UNKNOWN,UNKNOWN,UNKNOWN,UNKNOWN,UNKNOWN,Y,UNKNOWN,UNKNOWN,UNKNOWN,UNKNOWN,UNKNOWN,UNKNOWN,UNKNOWN,,,,,강원특별자치도,홍천군,,2026-05-23 19:35:48
E2200026,E2200026,평창군보건의료원,강원특별자치도 평창군 평창읍 노성로 11,강원특별자치도,평창군,G007,지역응급의료기관,033-332-4000,033-330-4812,37.360577433652736,128.3890508672411,평창군보건의료원,033-330-4812,,,,,,,,,1.0,,,,Y,,Y,N1,N1,Y,5.0,N1,20.0,N1,20260523193501,N1,N1,,,N1,6.0,,,1.0,,,,,,,,1.0,,,1.0,,,,,,,20.0,,,Y,N1,E2200026,,,,,,,,,,,강원특별자치도,평창군,,,,,,,,,,,,,,,,,,,,,,,,,,,,,,,,,,,,,,,,,,,,,,,,,2026-05-23 19:35:48,평창군보건의료원,UNKNOWN,UNKNOWN,UNKNOWN,UNKNOWN,UNKNOWN,UNKNOWN,UNKNOWN,UNKNOWN,UNKNOWN,UNKNOWN,UNKNOWN,UNKNOWN,UNKNOWN,UNKNOWN,UNKNOWN,UNKNOWN,UNKNOWN,UNKNOWN,UNKNOWN,UNKNOWN,Y,UNKNOWN,UNKNOWN,UNKNOWN,UNKNOWN,UNKNOWN,UNKNOWN,UNKNOWN,,,,,강원특별자치도,평창군,,2026-05-23 19:35:48
A2200004,A2200004,근로복지공단태백병원,"강원특별자치도 태백시 보드미길 8 (장성동, (장성동))",강원특별자치도,태백시,G007,지역응급의료기관,033-580-3114,033-580-3119,37.10404228529155,129.0042870499601,근로복지공단태백병원,033-580-3119,,,,,,,1.0,,,,,Y,Y,,Y,N1,N1,Y,6.0,N1,69.0,N1,20260523193400,N1,Y,,2.0,N1,9.0,,1.0,,,,,,,2.0,1.0,1.0,1.0,,8.0,,,,,,,223.0,,,Y,N1,A2200004,1.0,,3.0,9.0,1.0,,,,,,강원특별자치도,태백시,,,,,,,,,,,,,,,,,,,,,,,,,,,,,,,,,,,,,,,,,,,,,,,,,2026-05-23 19:35:48,근로복지공단태백병원,UNKNOWN,UNKNOWN,UNKNOWN,UNKNOWN,UNKNOWN,UNKNOWN,UNKNOWN,UNKNOWN,UNKNOWN,UNKNOWN,UNKNOWN,UNKNOWN,UNKNOWN,UNKNOWN,Y,UNKNOWN,UNKNOWN,UNKNOWN,UNKNOWN,UNKNOWN,Y,UNKNOWN,Y,UNKNOWN,UNKNOWN,UNKNOWN,UNKNOWN,UNKNOWN,,,,,강원특별자치도,태백시,,2026-05-23 19:35:48
A2200013,A2200013,한림대학교춘천성심병원,강원특별자치도 춘천시 삭주로 77 (교동),강원특별자치도,춘천시,G001,권역응급의료센터,033-240-5000,033-240-5219,37.88413581388737,127.73989454269612,한림대학교춘천성심병원,033-240-5219,Y,Y,,0.0,,2.0,,,,1.0,18.0,Y,Y,Y,Y,Y,Y,Y,10.0,Y,101.0,Y,20260523193327,Y,Y,,9.0,Y,22.0,3.0,,,20.0,,,,45.0,9.0,1.0,2.0,2.0,3.0,33.0,1.0,4.0,6.0,2.0,1.0,1.0,252.0,,2.0,Y,Y,A2200013,1.0,,3.0,20.0,2.0,,,1.0,2.0,,강원특별자치도,춘천시,,,,,,,,,,,,,,,,,,,,1.0,2.0,3.0,0.0,8.0,2.0,3.0,,,,,,,,,,,,,,,,,,,,,,,2026-05-23 19:35:48,한림대학교춘천성심병원,Y,Y,Y,Y,Y,UNKNOWN,UNKNOWN,UNKNOWN,UNKNOWN,UNKNOWN,UNKNOWN,Y,UNKNOWN,UNKNOWN,Y,Y,UNKNOWN,Y,Y,UNKNOWN,Y,Y,Y,UNKNOWN,UNKNOWN,Y,Y,Y,,,,,강원특별자치도,춘천시,,2026-05-23 19:35:48
A2200009,A2200009,강원대학교병원,"강원특별자치도 춘천시 백령로 156-  (효자동,(효자동))",강원특별자치도,춘천시,G006,지역응급의료센터,033-258-2000,033-258-2293,37.87497158192399,127.74448573764938,강원대학교병원,033-258-2293,Y,Y,0.0,,5.0,2.0,2.0,,3.0,5.0,,Y,Y,Y,Y,Y,Y,Y,0.0,Y,256.0,Y,20260523193500,Y,Y,8.0,11.0,Y,15.0,6.0,2.0,3.0,5.0,10.0,,15.0,,11.0,3.0,4.0,2.0,4.0,43.0,13.0,24.0,12.0,3.0,10.0,0.0,508.0,0.0,,Y,Y,A2200009,2.0,4.0,,,2.0,16.0,,14.0,14.0,,강원특별자치도,춘천시,,,,,,,4.0,,,,8.0,,,,,,,,,0.0,,,,,,,7.0,7.0,8.0,8.0,,,,,,,,,,,,,,,,,,,2026-05-23 19:35:48,강원대학교병원,Y,UNKNOWN,Y,UNKNOWN,UNKNOWN,UNKNOWN,Y,Y,Y,Y,UNKNOWN,Y,UNKNOWN,UNKNOWN,Y,Y,Y,UNKNOWN,UNKNOWN,UNKNOWN,Y,Y,Y,UNKNOWN,UNKNOWN,Y,Y,Y,,,,,강원특별자치도,춘천시,,2026-05-23 19:35:48
A2200033,A2200033,인성병원,강원특별자치도 춘천시 금강로 39 (낙원동),강원특별자치도,춘천시,G009,응급실운영신고기관,033-253-3030,033-259-8119,37.88124367430593,127.7268803699377,,,,,,,,,,,,,,,,,,,,,,,,,,,,,,,,,,,,,,,,,,,,,,,,,,,,,,,,,,,,,,,,,,,,,,,,,,,,,,,,,,,,,,,,,,,,,,,,,,,,,,,,,,,,,,,,,,,,,,,,,,,,,,,,,,,,,,,,,,,,,,,,,,,,,,,,,,,
A2201730,A2201730,철원병원,강원특별자치도 철원군 갈말읍 명성로 208-0,강원특별자치도,철원군,G007,지역응급의료기관,033-452-5011,033-452-5012,38.15033057072112,127.3080276881726,철원병원,033-452-5012,N,Y,,,,,1.0,,,,,Y,Y,N,Y,N,N,Y,4.0,N,38.0,N,20260523193001,Y,Y,,2.0,N,5.0,,1.0,,,,,,,2.0,1.0,1.0,1.0,0.0,1.0,0.0,1.0,0.0,0.0,0.0,0.0,68.0,,,Y,N,A2201730,,,,,,,,,,,강원특별자치도,철원군,,,,,,,,,,,,,,,,,,,,0.0,,,,,,,,,,,,,,,,,,,,,,,,,,,,,2026-05-23 19:35:48,철원병원,UNKNOWN,UNKNOWN,UNKNOWN,UNKNOWN,UNKNOWN,UNKNOWN,UNKNOWN,UNKNOWN,UNKNOWN,UNKNOWN,UNKNOWN,UNKNOWN,UNKNOWN,UNKNOWN,UNKNOWN,UNKNOWN,UNKNOWN,UNKNOWN,UNKNOWN,UNKNOWN,Y,UNKNOWN,UNKNOWN,UNKNOWN,UNKNOWN,UNKNOWN,UNKNOWN,UNKNOWN,,,,,강원특별자치도,철원군,,2026-05-23 19:35:48
A2200048,A2200048,근로복지공단정선병원,강원특별자치도 정선군 정선읍 봉양1길 145,강원특별자치도,정선군,G007,지역응급의료기관,033-560-7100,033-560-7150,37.3829238141538,128.658420530712,근로복지공단정선병원,033-560-7150,,,,,,,,,1.0,,,,Y,,Y,N1,N1,Y,5.0,N1,44.0,N1,20260523193300,N1,N1,,,N1,5.0,,,1.0,,,,,,,,1.0,,,3.0,,,,,,,149.0,,,Y,N1,A2200048,,,,,,,,,,,강원특별자치도,정선군,,,,,,,,,,,,,,,,,,,,,,,,,,,,,,,,,,,,,,,,,,,,,,,,,2026-05-23 19:35:48,근로복지공단정선병원,UNKNOWN,UNKNOWN,UNKNOWN,UNKNOWN,UNKNOWN,UNKNOWN,UNKNOWN,UNKNOWN,UNKNOWN,UNKNOWN,UNKNOWN,UNKNOWN,UNKNOWN,UNKNOWN,UNKNOWN,UNKNOWN,UNKNOWN,UNKNOWN,UNKNOWN,UNKNOWN,Y,UNKNOWN,UNKNOWN,UNKNOWN,UNKNOWN,UNKNOWN,UNKNOWN,UNKNOWN,,,,,강원특별자치도,정선군,,2026-05-23 19:35:48
A2200001,A2200001,연세대학교원주세브란스기독병원,"강원특별자치도 원주시 일산로 20-0 (일산동, (일산동))",강원특별자치도,원주시,G001,권역응급의료센터,033-741-0114,033-741-1641,37.34795543031888,127.9456453098751,연세대학교원주세브란스기독병원,033-741-1641,Y,Y,2.0,,7.0,2.0,2.0,6.0,3.0,5.0,17.0,Y,Y,Y,Y,Y,Y,Y,15.0,Y,245.0,Y,20260523192501,Y,Y,7.0,13.0,Y,29.0,3.0,2.0,3.0,20.0,15.0,12.0,19.0,30.0,15.0,2.0,5.0,4.0,7.0,100.0,12.0,25.0,16.0,7.0,13.0,4.0,618.0,2.0,,Y,Y,A2200001,,15.0,,,,24.0,,,,,강원특별자치도,원주시,,,3.0,8.0,4.0,2.0,3.0,2.0,6.0,2.0,15.0,20.0,40.0,2.0,4.0,8.0,2.0,6.0,,,,,,,,,,,,,,,,,,,,,,,,,,,,,,,2026-05-23 19:35:48,연세대학교원주세브란스기독병원,Y,Y,Y,UNKNOWN,Y,Y,Y,Y,Y,Y,UNKNOWN,Y,UNKNOWN,UNKNOWN,Y,Y,Y,Y,Y,Y,Y,Y,Y,UNKNOWN,UNKNOWN,Y,Y,Y,,,,,강원특별자치도,원주시,,2026-05-23 19:35:48
A2200024,A2200024,의료법인성지의료재단성지병원,강원특별자치도 원주시 원일로 22 (인동),강원특별자치도,원주시,G007,지역응급의료기관,033-760-3101,033-760-3119,37.3452989790958,127.954009227598,의료법인성지의료재단성지병원,033-760-3119,,,,,,,,,1.0,,,,Y,,Y,N1,N1,Y,2.0,N1,-66.0,N1,20260523193510,N1,Y,,4.0,N1,7.0,,,1.0,,,,,,4.0,,1.0,2.0,,4.0,,,,,,,135.0,,,Y,N1,A2200024,,,9.0,9.0,,,13.0,,,13.0,강원특별자치도,원주시,,,,,,,,,,,,,,,,,,,,,,,,,,,,,,,,,,,,,,,,,,,,,,,,,2026-05-23 19:35:48,의료법인성지의료재단성지병원,UNKNOWN,UNKNOWN,UNKNOWN,UNKNOWN,UNKNOWN,UNKNOWN,UNKNOWN,UNKNOWN,UNKNOWN,UNKNOWN,Y,UNKNOWN,UNKNOWN,UNKNOWN,UNKNOWN,UNKNOWN,UNKNOWN,UNKNOWN,UNKNOWN,UNKNOWN,Y,UNKNOWN,UNKNOWN,UNKNOWN,UNKNOWN,Y,UNKNOWN,Y,,,,,강원특별자치도,원주시,,2026-05-23 19:35:48
A2200015,A2200015,강원특별자치도원주의료원,"강원특별자치도 원주시 서원대로 387 (개운동, (개운동))",강원특별자치도,원주시,G007,지역응급의료기관,033-760-4500,033-760-4701,37.332496031537154,127.94896203327232,강원특별자치도원주의료원,033-760-4701,,,,,,,,,2.0,,,,Y,,Y,N1,N1,Y,3.0,N1,7.0,N1,20260523193501,N1,Y,,3.0,N1,8.0,,,2.0,,,,,,3.0,,1.0,1.0,,7.0,,,,,,,163.0,,,Y,N1,A2200015,,,3.0,11.0,,,,,,,강원특별자치도,원주시,,,,,,,,,,,,,,,,,,,,,,,,,,,,,,,,,,,,,,,,,,,,,,,,,2026-05-23 19:35:48,강원특별자치도원주의료원,UNKNOWN,UNKNOWN,UNKNOWN,UNKNOWN,UNKNOWN,UNKNOWN,UNKNOWN,UNKNOWN,UNKNOWN,UNKNOWN,UNKNOWN,UNKNOWN,UNKNOWN,UNKNOWN,UNKNOWN,UNKNOWN,UNKNOWN,UNKNOWN,UNKNOWN,UNKNOWN,Y,UNKNOWN,UNKNOWN,UNKNOWN,UNKNOWN,UNKNOWN,UNKNOWN,UNKNOWN,,,,,강원특별자치도,원주시,,2026-05-23 19:35:48
A2200002,A2200002,강원특별자치도영월의료원,강원특별자치도 영월군 영월읍 중앙1로 59-  ( ),강원특별자치도,영월군,G007,지역응급의료기관,033-370-9101,033-370-9129,37.186588403987926,128.46530529870284,강원특별자치도영월의료원,033-370-9129,,Y,,,,,,,,,,Y,Y,,Y,N1,N1,Y,9.0,N1,38.0,N1,20260523193001,Y,Y,,2.0,N1,9.0,,,,,,,,,2.0,1.0,1.0,1.0,,7.0,,3.0,,,,,174.0,,,Y,N1,A2200002,0.0,,2.0,10.0,2.0,,,1.0,2.0,,강원특별자치도,영월군,1.0,1.0,,,,,,,,,,,,,,,,,,,,,,,,,,,,,,,,,,,,,,,,,,,,,,,2026-05-23 19:35:48,강원특별자치도영월의료원,UNKNOWN,UNKNOWN,UNKNOWN,UNKNOWN,UNKNOWN,UNKNOWN,UNKNOWN,UNKNOWN,UNKNOWN,UNKNOWN,UNKNOWN,UNKNOWN,UNKNOWN,UNKNOWN,UNKNOWN,UNKNOWN,UNKNOWN,UNKNOWN,UNKNOWN,UNKNOWN,Y,UNKNOWN,UNKNOWN,UNKNOWN,UNKNOWN,UNKNOWN,UNKNOWN,UNKNOWN,,,,,강원특별자치도,영월군,,2026-05-23 19:35:48
A2200037,A2200037,의료법인성심의료재단양구성심병원,강원특별자치도 양구군 양구읍 중심로 160,강원특별자치도,양구군,G007,지역응급의료기관,033-480-8803,033-480-8816,38.1047788862656,127.99119726275,의료법인성심의료재단양구성심병원,033-480-8816,,Y,,,,,1.0,,,,,Y,Y,,Y,N1,N1,Y,4.0,N1,29.0,N1,20260523193445,Y,N1,,,N1,5.0,,1.0,,,,,,,,1.0,1.0,,,1.0,,1.0,,,,,52.0,,,Y,N1,A2200037,,,,,,,,,,,강원특별자치도,양구군,,,,,,,,,,,,,,,,,,,,,,,,,,,,,,,,,,,,,,,,,,,,,,,,,2026-05-23 19:35:48,의료법인성심의료재단양구성심병원,UNKNOWN,UNKNOWN,UNKNOWN,UNKNOWN,UNKNOWN,UNKNOWN,UNKNOWN,UNKNOWN,UNKNOWN,UNKNOWN,UNKNOWN,UNKNOWN,UNKNOWN,UNKNOWN,UNKNOWN,UNKNOWN,UNKNOWN,UNKNOWN,UNKNOWN,UNKNOWN,Y,UNKNOWN,UNKNOWN,UNKNOWN,UNKNOWN,UNKNOWN,UNKNOWN,UNKNOWN,,,,,강원특별자치도,양구군,,2026-05-23 19:35:48
A2200046,A2200046,의료법인온세움의료재단온재병원,강원특별자치도 속초시 중앙로 11 (교동),강원특별자치도,속초시,G007,지역응급의료기관,033-639-8633,033-639-8988,38.19802124533656,128.57838660480326,의료법인온세움의료재단온재병원,033-639-8988,,,,,,,,,1.0,,,,Y,,Y,N1,N1,Y,9.0,N1,87.0,N1,20260523193449,N1,Y,,4.0,N1,9.0,,,1.0,,,,,,4.0,,1.0,1.0,,4.0,,,,,,,219.0,,,Y,N1,A2200046,,29.0,1.0,15.0,,59.0,,,,,강원특별자치도,속초시,,,,,,,,,,,,,,,,,,,,,,,,,,,,,,,,,,,,,,,,,,,,,,,,,2026-05-23 19:35:48,의료법인온세움의료재단온재병원,UNKNOWN,UNKNOWN,UNKNOWN,UNKNOWN,UNKNOWN,UNKNOWN,UNKNOWN,UNKNOWN,UNKNOWN,UNKNOWN,UNKNOWN,UNKNOWN,UNKNOWN,UNKNOWN,UNKNOWN,UNKNOWN,UNKNOWN,UNKNOWN,UNKNOWN,UNKNOWN,Y,UNKNOWN,UNKNOWN,UNKNOWN,UNKNOWN,UNKNOWN,UNKNOWN,UNKNOWN,,,,,강원특별자치도,속초시,,2026-05-23 19:35:48
A2200012,A2200012,강원특별자치도속초의료원,강원특별자치도 속초시 영랑호반길 3 (영랑동),강원특별자치도,속초시,G006,지역응급의료센터,033-630-6000,033-630-6036,38.21622784728713,128.5891194514502,강원특별자치도속초의료원,033-630-6036,Y,Y,,,,,2.0,,1.0,,,Y,Y,,Y,N1,N1,Y,16.0,N1,53.0,N1,20260523193502,Y,Y,,3.0,N1,17.0,,2.0,1.0,,,,,,3.0,2.0,1.0,1.0,,7.0,1.0,1.0,,,,,154.0,,,Y,Y,A2200012,,,0.0,8.0,,,,,,,강원특별자치도,속초시,,,,,,,,,,,,,,,,,,,,,,,,,,,,,,,,,,,,,,,,,,,,,,,,,2026-05-23 19:35:48,강원특별자치도속초의료원,UNKNOWN,UNKNOWN,N,UNKNOWN,UNKNOWN,UNKNOWN,UNKNOWN,N,N,N,N,UNKNOWN,UNKNOWN,UNKNOWN,UNKNOWN,UNKNOWN,UNKNOWN,UNKNOWN,UNKNOWN,UNKNOWN,Y,UNKNOWN,N,UNKNOWN,UNKNOWN,N,UNKNOWN,N,,,,,강원특별자치도,속초시,,2026-05-23 19:35:48
A2200007,A2200007,강원특별자치도삼척의료원,강원특별자치도 삼척시 오십천로 473 (정상동),강원특별자치도,삼척시,G006,지역응급의료센터,033-572-1141,033-571-0431,37.44027922704624,129.16370014395005,강원특별자치도삼척의료원,033-571-0431,,Y,,,,1.0,2.0,,1.0,,,Y,Y,,Y,N1,Y,Y,14.0,N1,95.0,N1,20260523193502,Y,Y,,4.0,Y,16.0,1.0,2.0,1.0,,,,,,4.0,1.0,1.0,1.0,,3.0,,3.0,1.0,,,3.0,192.0,,,Y,N1,A2200007,,,1.0,10.0,,,,4.0,4.0,,강원특별자치도,삼척시,,,,,,,,,,,,,,,,,,,,,,,,,,,,,,,,,,,,,,,,,,,,,,,,,2026-05-23 19:35:48,강원특별자치도삼척의료원,UNKNOWN,UNKNOWN,UNKNOWN,UNKNOWN,UNKNOWN,UNKNOWN,UNKNOWN,Y,Y,Y,UNKNOWN,UNKNOWN,UNKNOWN,UNKNOWN,UNKNOWN,UNKNOWN,UNKNOWN,UNKNOWN,UNKNOWN,UNKNOWN,Y,UNKNOWN,UNKNOWN,UNKNOWN,UNKNOWN,Y,UNKNOWN,Y,,,,,강원특별자치도,삼척시,,2026-05-23 19:35:48
A2200003,A2200003,의료법인동해동인병원,"강원특별자치도 동해시 하평로 26-  (평릉동, (평릉동))",강원특별자치도,동해시,G007,지역응급의료기관,033-530-0114,033-530-0129,37.530006805605616,129.1074043067605,의료법인동해동인병원,033-530-0129,,,,,,,,,1.0,,,,Y,,Y,N1,N1,Y,7.0,N1,38.0,N1,20260523193451,N1,Y,,2.0,N1,10.0,,,1.0,,,,,,2.0,,1.0,1.0,,7.0,,,,,,,178.0,,,Y,N1,A2200003,1.0,56.0,7.0,19.0,1.0,110.0,,,,,강원특별자치도,동해시,,,,,,,,,,,,,,,,,,,,,,,,,,,,,,,,,,,,,,,,,,,,,,,,,2026-05-23 19:35:48,의료법인동해동인병원,UNKNOWN,UNKNOWN,UNKNOWN,UNKNOWN,UNKNOWN,UNKNOWN,UNKNOWN,UNKNOWN,UNKNOWN,UNKNOWN,UNKNOWN,UNKNOWN,UNKNOWN,UNKNOWN,UNKNOWN,UNKNOWN,UNKNOWN,UNKNOWN,UNKNOWN,UNKNOWN,Y,UNKNOWN,UNKNOWN,UNKNOWN,UNKNOWN,UNKNOWN,UNKNOWN,UNKNOWN,,,,,강원특별자치도,동해시,,2026-05-23 19:35:48
A2200038,A2200038,근로복지공단동해병원,"강원특별자치도 동해시 하평로 11-  (평릉동, (평릉동))",강원특별자치도,동해시,G009,응급실운영신고기관,033-530-3100,,37.53232311891651,129.1058560226859,,,,,,,,,,,,,,,,,,,,,,,,,,,,,,,,,,,,,,,,,,,,,,,,,,,,,,,,,,,,,,,,,,,,,,,,,,,,,,,,,,,,,,,,,,,,,,,,,,,,,,,,,,,,,,,,,,,,,,,,,,,,,,,,,,,,,,,,,,,,,,,,,,,,,,,,,,,
A2200010,A2200010,의산의료재단강릉고려병원,강원특별자치도 강릉시 옥가로 30 (옥천동),강원특별자치도,강릉시,G009,응급실운영신고기관,033-642-1988,033-647-7582,37.75910092005996,128.89982468955142,,,,,,,,,,,,,,,,,,,,,,,,,,,,,,,,,,,,,,,,,,,,,,,,,,,,,,,,,,,,,,,,,,,,,,,,,,,,,,,,,,,,,,,,,,,,,,,,,,,,,,,,,,,,,,,,,,,,,,,,,,,,,,,,,,,,,,,,,,,,,,,,,,,,,,,,,,,
A2200008,A2200008,강릉아산병원,강원특별자치도 강릉시 사천면 방동길 38,강원특별자치도,강릉시,G001,권역응급의료센터,033-610-3114,033-610-3333,37.81842668503607,128.85771413305145,강릉아산병원,033-610-3333,Y,Y,0.0,1.0,4.0,3.0,2.0,5.0,3.0,6.0,21.0,Y,Y,Y,Y,Y,Y,Y,8.0,Y,170.0,Y,20260523193415,Y,Y,0.0,14.0,Y,23.0,3.0,2.0,3.0,18.0,14.0,16.0,13.0,38.0,15.0,2.0,4.0,3.0,4.0,33.0,8.0,12.0,8.0,5.0,1.0,2.0,596.0,1.0,6.0,Y,Y,A2200008,,,,,,,,,,,강원특별자치도,강릉시,,,,,,,,,,,,,,,,,,,,,,,,,,,,,,,,,,,,,,,,,,,,,,,,,2026-05-23 19:35:48,강릉아산병원,Y,UNKNOWN,Y,UNKNOWN,UNKNOWN,UNKNOWN,Y,UNKNOWN,UNKNOWN,UNKNOWN,UNKNOWN,Y,UNKNOWN,UNKNOWN,Y,Y,UNKNOWN,UNKNOWN,N,N,Y,Y,Y,UNKNOWN,UNKNOWN,Y,Y,Y,,,,,강원특별자치도,강릉시,,2026-05-23 19:35:48
A2200011,A2200011,강원특별자치도강릉의료원,"강원특별자치도 강릉시 경강로 2007-0 (남문동,강릉의료원)",강원특별자치도,강릉시,G007,지역응급의료기관,033-610-1200,033-610-1234,37.74931042017154,128.8887963251862,강원특별자치도강릉의료원,033-610-1234,,,,,,,,,1.0,,,,Y,,Y,N1,N1,Y,0.0,N1,33.0,N1,20260523193501,N1,Y,,2.0,N1,5.0,,,1.0,,,,,,2.0,,1.0,1.0,,4.0,,,,,,,122.0,,,Y,N1,A2200011,,,3.0,8.0,,,20.0,5.0,5.0,20.0,강원특별자치도,강릉시,,,,,,,,,,,,,,,,,,,,,,,,,,,,,,,,,,,,,,,,,,,,,,,,,2026-05-23 19:35:48,강원특별자치도강릉의료원,UNKNOWN,UNKNOWN,UNKNOWN,UNKNOWN,UNKNOWN,UNKNOWN,UNKNOWN,UNKNOWN,UNKNOWN,UNKNOWN,UNKNOWN,UNKNOWN,UNKNOWN,UNKNOWN,UNKNOWN,UNKNOWN,UNKNOWN,UNKNOWN,UNKNOWN,UNKNOWN,Y,UNKNOWN,UNKNOWN,UNKNOWN,UNKNOWN,UNKNOWN,UNKNOWN,UNKNOWN,,,,,강원특별자치도,강릉시,,2026-05-23 19:35:48
A2200005,A2200005,의료법인강릉동인병원,강원특별자치도 강릉시 강릉대로419번길 42 (포남동),강원특별자치도,강릉시,G006,지역응급의료센터,033-650-6113,033-650-6105,37.77432579461282,128.90714180258507,의료법인강릉동인병원,033-650-6105,,,,,2.0,,1.0,,2.0,,,,Y,Y,Y,Y,Y,Y,14.0,N1,95.0,N1,20260523193444,N1,Y,,5.0,N1,17.0,,1.0,2.0,,12.0,,,,5.0,,2.0,1.0,1.0,14.0,,,1.0,,,,248.0,,,Y,N1,A2200005,2.0,9.0,1.0,12.0,2.0,101.0,,,,,강원특별자치도,강릉시,,,,,,,,,,,,,,,,,,,,,,,,,,,,,,,,,,,,,,,,,,,,,,,,,2026-05-23 19:35:48,의료법인강릉동인병원,UNKNOWN,UNKNOWN,Y,UNKNOWN,UNKNOWN,UNKNOWN,UNKNOWN,UNKNOWN,UNKNOWN,UNKNOWN,UNKNOWN,UNKNOWN,UNKNOWN,UNKNOWN,UNKNOWN,UNKNOWN,UNKNOWN,UNKNOWN,UNKNOWN,UNKNOWN,Y,UNKNOWN,Y,UNKNOWN,UNKNOWN,UNKNOWN,UNKNOWN,UNKNOWN,,,,,강원특별자치도,강릉시,,2026-05-23 19:35:48
A2300004,A2300004,충청북도충주의료원,충청북도 충주시 안림로 239-50 (안림동),충청북도,충주시,G007,지역응급의료기관,043-871-0114,043-871-0119,36.97956732195825,127.9703586011334,충청북도충주의료원,043-871-0119,,,,,,,1.0,,2.0,,,,Y,Y,Y,Y,Y,Y,16.0,N1,109.0,N1,20260523193503,N1,Y,,4.0,N1,18.0,,1.0,2.0,,,,,,4.0,,1.0,1.0,1.0,8.0,,,1.0,,,,282.0,,,Y,N1,A2300004,,,5.0,12.0,,,,,,,충청북도,충주시,,,,,,,,,,,,,,,,,,,,,,,,,,,,,,,,,,,,,,,,,,,,,,,,,2026-05-23 19:35:48,충청북도충주의료원,Y,Y,Y,UNKNOWN,UNKNOWN,UNKNOWN,UNKNOWN,UNKNOWN,UNKNOWN,UNKNOWN,UNKNOWN,UNKNOWN,UNKNOWN,UNKNOWN,UNKNOWN,UNKNOWN,UNKNOWN,UNKNOWN,UNKNOWN,UNKNOWN,Y,UNKNOWN,Y,UNKNOWN,UNKNOWN,Y,Y,Y,,,,,충청북도,충주시,,2026-05-23 19:35:48
A2302306,A2302306,충주미래병원,"충청북도 충주시 국원대로 99-0, 0동 (교현동,미래병원)",충청북도,충주시,G009,응급실운영신고기관,043-852-9119,,36.9804284762737,127.927925696639,,,,,,,,,,,,,,,,,,,,,,,,,,,,,,,,,,,,,,,,,,,,,,,,,,,,,,,,,,,,,,,,,,,,,,,,,,,,,,,,,,,,,,,,,,,,,,,,,,,,,,,,,,,,,,,,,,,,,,,,,,,,,,,,,,,,,,,,,,,,,,,,,,,,,,,,,,,
A2300010,A2300010,건국대학교충주병원,충청북도 충주시 국원대로 82 (교현동),충청북도,충주시,G006,지역응급의료센터,043-840-8593,043-840-8330,36.97897509717851,127.92863660615964,건국대학교충주병원,043-840-8330,Y,Y,,,,,1.0,,2.0,,,Y,Y,Y,Y,Y,Y,Y,16.0,Y,68.0,N1,20260523193502,Y,Y,,5.0,N1,20.0,,1.0,2.0,,,,,,5.0,1.0,2.0,1.0,2.0,11.0,1.0,4.0,3.0,1.0,,,194.0,,,Y,Y,A2300010,,,4.0,18.0,,,,1.0,1.0,,충청북도,충주시,,,,,,,,,,,,,,,,,,,,,,,,,,,,,,,,,,,,,,,,,,,,,,,,,2026-05-23 19:35:48,건국대학교충주병원,UNKNOWN,UNKNOWN,Y,UNKNOWN,UNKNOWN,UNKNOWN,UNKNOWN,UNKNOWN,UNKNOWN,UNKNOWN,Y,Y,UNKNOWN,UNKNOWN,UNKNOWN,UNKNOWN,UNKNOWN,UNKNOWN,UNKNOWN,UNKNOWN,Y,Y,Y,UNKNOWN,UNKNOWN,Y,Y,UNKNOWN,,,,,충청북도,충주시,,2026-05-23 19:35:48
A2302011,A2302011,재단법인베스티안재단베스티안병원,충청북도 청주시 흥덕구 오송읍 오송생명1로 191-0,충청북도,청주시,G009,응급실운영신고기관,043-910-7575,043-904-8925,36.6364279047,127.3216412104,,,,,,,,,,,,,,,,,,,,,,,,,,,,,,,,,,,,,,,,,,,,,,,,,,,,,,,,,,,,,,,,,,,,,,,,,,,,,,,,,,,,,,,,,,,,,,,,,,,,,,,,,,,,,,,,,,,,,,,,,,,,,,,,,,,,,,,,,,,,,,,,,,,,,,,,,,,
A2300039,A2300039,의료법인송암의료재단마이크로병원,충청북도 청주시 흥덕구 사직대로 26 (복대동),충청북도,청주시,G009,응급실운영신고기관,043-265-0071,070-7038-2717,36.63402150390528,127.45009452402525,,,,,,,,,,,,,,,,,,,,,,,,,,,,,,,,,,,,,,,,,,,,,,,,,,,,,,,,,,,,,,,,,,,,,,,,,,,,,,,,,,,,,,,,,,,,,,,,,,,,,,,,,,,,,,,,,,,,,,,,,,,,,,,,,,,,,,,,,,,,,,,,,,,,,,,,,,,
A2300002,A2300002,의료법인한마음의료재단하나병원,"충청북도 청주시 흥덕구 2순환로 1262, 하나병원 (가경동)",충청북도,청주시,G006,지역응급의료센터,043-230-6114,043-230-6594,36.623474045244464,127.43081864239412,의료법인한마음의료재단하나병원,043-230-6594,,,,,,,1.0,,2.0,,,,Y,Y,Y,Y,Y,Y,17.0,N1,142.0,N1,20260523193300,N1,Y,,7.0,Y,23.0,,1.0,2.0,,,,,,7.0,,3.0,3.0,2.0,20.0,,,4.0,,,1.0,463.0,,,Y,N1,A2300002,2.0,,14.0,24.0,2.0,,,,,,충청북도,청주시,,,,,,,,,,,,,,,,,,,,,,,,,,,,,,,,,,,,,,,,,,,,,,,,,2026-05-23 19:35:48,의료법인한마음의료재단하나병원,Y,UNKNOWN,Y,UNKNOWN,UNKNOWN,UNKNOWN,UNKNOWN,UNKNOWN,UNKNOWN,Y,UNKNOWN,Y,UNKNOWN,UNKNOWN,Y,Y,UNKNOWN,UNKNOWN,Y,UNKNOWN,Y,Y,Y,UNKNOWN,UNKNOWN,Y,Y,Y,,,,,충청북도,청주시,,2026-05-23 19:35:48
A2300008,A2300008,청주성모병원,충청북도 청주시 청원구 주성로 173-19 (주중동),충청북도,청주시,G006,지역응급의료센터,043-219-8000,043-219-8119,36.673801330174406,127.4854695707364,청주성모병원,043-219-8119,,Y,,,4.0,,2.0,4.0,5.0,,,Y,Y,Y,Y,Y,Y,Y,9.0,N1,142.0,N1,20260523193509,Y,Y,,8.0,N1,15.0,,2.0,5.0,,14.0,13.0,,,8.0,1.0,3.0,2.0,1.0,19.0,,2.0,3.0,,,,362.0,,,Y,N1,A2300008,1.0,,,,1.0,,,10.0,30.0,,충청북도,청주시,,,,,,,,,,,,,,,,,,,,,,,,,,,,,,,,,,,,,,,,,,,,,,,,,2026-05-23 19:35:48,청주성모병원,Y,UNKNOWN,Y,UNKNOWN,UNKNOWN,UNKNOWN,UNKNOWN,Y,Y,Y,UNKNOWN,Y,UNKNOWN,UNKNOWN,Y,Y,UNKNOWN,UNKNOWN,Y,UNKNOWN,Y,Y,Y,UNKNOWN,UNKNOWN,Y,Y,Y,,,,,충청북도,청주시,,2026-05-23 19:35:48
A2300021,A2300021,오창중앙병원,충청북도 청주시 청원구 오창읍 중부로 683,충청북도,청주시,G009,응급실운영신고기관,043-218-0119,043-218-0119,36.70680258158961,127.42965176665308,,,,,,,,,,,,,,,,,,,,,,,,,,,,,,,,,,,,,,,,,,,,,,,,,,,,,,,,,,,,,,,,,,,,,,,,,,,,,,,,,,,,,,,,,,,,,,,,,,,,,,,,,,,,,,,,,,,,,,,,,,,,,,,,,,,,,,,,,,,,,,,,,,,,,,,,,,,
A2300006,A2300006,충청북도청주의료원,"충청북도 청주시 서원구 흥덕로 48-0 (사직동,청주의료원)",충청북도,청주시,G007,지역응급의료기관,043-279-2300,043-279-0119,36.6401389722304,127.473087555201,충청북도청주의료원,043-279-0119,,Y,,,,,1.0,,,,,Y,Y,Y,Y,Y,Y,Y,12.0,N1,151.0,N1,20260523193502,Y,Y,,5.0,N1,12.0,,1.0,,,,,,,5.0,1.0,1.0,2.0,1.0,12.0,,1.0,1.0,,,,359.0,,,Y,N1,A2300006,3.0,90.0,17.0,21.0,3.0,90.0,,6.0,6.0,,충청북도,청주시,3.0,3.0,,,,,,,,,,,,,,,,,,,,,,,,,,,,,,,,,,,,,,,,,,,,,,,2026-05-23 19:35:48,충청북도청주의료원,UNKNOWN,UNKNOWN,Y,UNKNOWN,UNKNOWN,UNKNOWN,UNKNOWN,UNKNOWN,UNKNOWN,UNKNOWN,UNKNOWN,UNKNOWN,UNKNOWN,UNKNOWN,UNKNOWN,UNKNOWN,N,UNKNOWN,UNKNOWN,UNKNOWN,Y,Y,Y,UNKNOWN,UNKNOWN,Y,UNKNOWN,N,,,,,충청북도,청주시,,2026-05-23 19:35:48
A2300001,A2300001,충북대학교병원,"충청북도 청주시 서원구 1순환로 776-0 (개신동,충북대학교병원)",충청북도,청주시,G001,권역응급의료센터,043-269-6114,043-269-6114,36.62416682483455,127.4614360502226,충북대학교병원,043-269-6114,Y,Y,,0.0,,5.0,,,,4.0,29.0,Y,Y,Y,Y,Y,Y,Y,28.0,Y,217.0,Y,20260523193500,Y,Y,15.0,16.0,N1,30.0,8.0,,,18.0,,,25.0,40.0,16.0,2.0,4.0,4.0,6.0,98.0,13.0,31.0,18.0,10.0,17.0,,547.0,,2.0,Y,Y,A2300001,1.0,9.0,4.0,17.0,5.0,21.0,,12.0,13.0,,충청북도,청주시,,,,,10.0,2.0,,2.0,6.0,11.0,,20.0,40.0,2.0,,,2.0,6.0,,,2.0,3.0,3.0,4.0,2.0,3.0,,,,,,,,,,,,,,,,,,,,,,,2026-05-23 19:35:48,충북대학교병원,Y,UNKNOWN,N,UNKNOWN,Y,UNKNOWN,UNKNOWN,UNKNOWN,UNKNOWN,UNKNOWN,UNKNOWN,Y,UNKNOWN,UNKNOWN,Y,Y,Y,UNKNOWN,N,UNKNOWN,Y,Y,Y,UNKNOWN,UNKNOWN,UNKNOWN,UNKNOWN,UNKNOWN,,,,,충청북도,청주시,,2026-05-23 19:35:48
A2300003,A2300003,의료법인정산의료재단효성병원,충청북도 청주시 상당구 쇠내로 16 (금천동),충청북도,청주시,G006,지역응급의료센터,043-221-5000,043-221-2192,36.62455637262831,127.49558522201268,의료법인정산의료재단효성병원,043-221-2192,,N,,,,,1.0,,4.0,,,Y,Y,Y,Y,Y,Y,Y,15.0,N1,96.0,N1,20260523193251,N,Y,,4.0,Y,18.0,,1.0,4.0,,,,,,4.0,1.0,3.0,4.0,2.0,19.0,,1.0,2.0,,,1.0,366.0,,,Y,N1,A2300003,1.0,,3.0,29.0,2.0,,,,,,충청북도,청주시,,,,,,,,,,,,,,,,,,,,,,,,,,,,,,,,,,,,,,,,,,,,,,,,,2026-05-23 19:35:48,의료법인정산의료재단효성병원,Y,Y,Y,UNKNOWN,UNKNOWN,UNKNOWN,UNKNOWN,UNKNOWN,UNKNOWN,Y,Y,Y,Y,Y,Y,Y,UNKNOWN,UNKNOWN,Y,UNKNOWN,Y,Y,Y,UNKNOWN,UNKNOWN,Y,Y,Y,,,,,충청북도,청주시,,2026-05-23 19:35:48
A2300007,A2300007,의료법인인화재단한국병원,충청북도 청주시 상당구 단재로 106 (영운동),충청북도,청주시,G006,지역응급의료센터,043-222-7000,043-222-6177,36.61950588971749,127.49659485930336,의료법인인화재단한국병원,043-222-6177,,Y,,,,,1.0,,2.0,,,Y,Y,Y,Y,Y,Y,Y,7.0,N1,89.0,N1,20260523193403,Y,Y,,5.0,N1,14.0,,1.0,2.0,,,,,,6.0,1.0,2.0,2.0,2.0,18.0,,1.0,3.0,,,,403.0,,,Y,N1,A2300007,1.0,,10.0,24.0,1.0,,,0.0,1.0,,충청북도,청주시,2.0,3.0,,,,,,,,,,,,,,,,,,,,,,,,,,,,,,,,,,,,,,,,,,,,,,,2026-05-23 19:35:48,의료법인인화재단한국병원,Y,Y,Y,UNKNOWN,UNKNOWN,UNKNOWN,UNKNOWN,UNKNOWN,Y,Y,Y,Y,UNKNOWN,UNKNOWN,Y,Y,UNKNOWN,UNKNOWN,Y,UNKNOWN,Y,Y,Y,UNKNOWN,UNKNOWN,Y,UNKNOWN,Y,,,,,충청북도,청주시,,2026-05-23 19:35:48
A2300013,A2300013,의료법인 건명의료재단 중앙제일병원,충청북도 진천군 진천읍 중앙북로 36-0 (진천성모병원),충청북도,진천군,G006,지역응급의료센터,043-533-1711,043-537-9119,36.85848747628605,127.44050791116804,의료법인 건명의료재단 중앙제일병원,043-537-9119,,,,,,,3.0,,,,,,Y,,Y,N1,Y,Y,12.0,N1,67.0,N1,20260523193345,N1,Y,,5.0,N1,17.0,,3.0,,,,,,,5.0,,2.0,2.0,,6.0,,,1.0,,,,192.0,,,Y,N1,A2300013,4.0,,2.0,12.0,6.0,,,31.0,31.0,,충청북도,진천군,,,,,,,,,,,,,,,,,,,,,,,,,,,,,,,,,,,,,,,,,,,,,,,,,2026-05-23 19:35:48,의료법인 건명의료재단 중앙제일병원,UNKNOWN,UNKNOWN,UNKNOWN,UNKNOWN,UNKNOWN,UNKNOWN,UNKNOWN,UNKNOWN,UNKNOWN,Y,UNKNOWN,UNKNOWN,Y,Y,Y,Y,UNKNOWN,UNKNOWN,UNKNOWN,UNKNOWN,Y,UNKNOWN,UNKNOWN,UNKNOWN,UNKNOWN,Y,UNKNOWN,Y,,,,,충청북도,진천군,,2026-05-23 19:35:48
A2300005,A2300005,의료법인자산의료재단제천서울병원,충청북도 제천시 숭문로 57 (서부동),충청북도,제천시,G006,지역응급의료센터,043-642-7606,043-643-2327,37.13857101389598,128.20613928597675,의료법인자산의료재단제천서울병원,043-643-2327,,,,,,,1.0,,4.0,,,,Y,,Y,N1,Y,Y,13.0,N1,26.0,N1,20260523193103,N1,Y,,3.0,Y,15.0,,1.0,4.0,,,,,,3.0,,1.0,1.0,,10.0,,,1.0,,,1.0,205.0,,,Y,N1,A2300005,,,2.0,13.0,,,,,,,충청북도,제천시,,,,,,,,,,,,,,,,,,,,,,,,,,,,,,,,,,,,,,,,,,,,,,,,,2026-05-23 19:35:48,의료법인자산의료재단제천서울병원,UNKNOWN,UNKNOWN,UNKNOWN,UNKNOWN,UNKNOWN,UNKNOWN,UNKNOWN,UNKNOWN,UNKNOWN,UNKNOWN,UNKNOWN,UNKNOWN,UNKNOWN,UNKNOWN,Y,Y,UNKNOWN,UNKNOWN,UNKNOWN,UNKNOWN,Y,UNKNOWN,Y,UNKNOWN,UNKNOWN,Y,UNKNOWN,Y,,,,,충청북도,제천시,,2026-05-23 19:35:48
A2300009,A2300009,의료법인명지의료재단명지병원,"충청북도 제천시 내토로 991-0 (고암동,의료법인명지의료재단명지병원)",충청북도,제천시,G006,지역응급의료센터,043-640-8114,043-640-8117,37.1630057642892,128.23405656001103,의료법인명지의료재단명지병원,043-640-8117,,,,,,1.0,2.0,,4.0,,,,Y,Y,Y,Y,Y,Y,10.0,Y,65.0,N1,20260523193432,N1,Y,,3.0,N1,18.0,3.0,2.0,4.0,,,,,,3.0,,2.0,1.0,1.0,10.0,,,2.0,1.0,,,201.0,,,Y,N1,A2300009,3.0,,8.0,17.0,3.0,,,,,,충청북도,제천시,,,,,,,,,,,,,,,,,,,,,,,,,,,,,,,,,,,,,,,,,,,,,,,,,2026-05-23 19:35:48,의료법인명지의료재단명지병원,Y,UNKNOWN,UNKNOWN,UNKNOWN,UNKNOWN,UNKNOWN,UNKNOWN,UNKNOWN,UNKNOWN,UNKNOWN,UNKNOWN,UNKNOWN,UNKNOWN,UNKNOWN,Y,Y,UNKNOWN,UNKNOWN,UNKNOWN,UNKNOWN,Y,UNKNOWN,UNKNOWN,UNKNOWN,UNKNOWN,UNKNOWN,UNKNOWN,UNKNOWN,,,,,충청북도,제천시,,2026-05-23 19:35:48
A2300015,A2300015,의료법인태성의료재단제일조은병원,충청북도 음성군 금왕읍 음성로1230번길 10,충청북도,음성군,G009,응급실운영신고기관,043-883-8800,043-883-8800,36.99760379156879,127.59853452216106,,,,,,,,,,,,,,,,,,,,,,,,,,,,,,,,,,,,,,,,,,,,,,,,,,,,,,,,,,,,,,,,,,,,,,,,,,,,,,,,,,,,,,,,,,,,,,,,,,,,,,,,,,,,,,,,,,,,,,,,,,,,,,,,,,,,,,,,,,,,,,,,,,,,,,,,,,,
A2300011,A2300011,의료법인힐링의료재단옥천성모병원,충청북도 옥천군 옥천읍 성왕로 1195,충청북도,옥천군,G007,지역응급의료기관,043-730-7000,043-730-7119,36.313345842294304,127.57197742757523,의료법인힐링의료재단옥천성모병원,043-730-7119,,,,,,,2.0,,1.0,,,,Y,,Y,N1,N1,Y,3.0,N1,35.0,N1,20260523193045,N1,Y,,2.0,N1,7.0,,2.0,1.0,,,,,,2.0,,1.0,1.0,,4.0,,,,,,,157.0,,,Y,N1,A2300011,,,0.0,7.0,,,,,,,충청북도,옥천군,,,,,,,,,,,,,,,,,,,,,,,,,,,,,,,,,,,,,,,,,,,,,,,,,2026-05-23 19:35:48,의료법인힐링의료재단옥천성모병원,UNKNOWN,UNKNOWN,UNKNOWN,UNKNOWN,UNKNOWN,UNKNOWN,UNKNOWN,UNKNOWN,UNKNOWN,UNKNOWN,UNKNOWN,UNKNOWN,UNKNOWN,UNKNOWN,UNKNOWN,UNKNOWN,UNKNOWN,UNKNOWN,UNKNOWN,UNKNOWN,Y,UNKNOWN,UNKNOWN,UNKNOWN,UNKNOWN,UNKNOWN,UNKNOWN,UNKNOWN,,,,,충청북도,옥천군,,2026-05-23 19:35:48
A2300030,A2300030,의료법인조윤의료재단영동병원,충청북도 영동군 영동읍 대학로 106,충청북도,영동군,G007,지역응급의료기관,043-740-9000,043-740-9333,36.1852328446,127.7808325647,의료법인조윤의료재단영동병원,043-740-9333,,Y,,,,,,,,,,Y,Y,,Y,N1,N1,Y,10.0,N1,9.0,N1,20260523193008,Y,Y,,2.0,N1,10.0,,,,,,,,,2.0,1.0,1.0,1.0,,3.0,,1.0,,,,,161.0,,,Y,N1,A2300030,,,,,,,,,,,충청북도,영동군,,,,,,,,,,,,,,,,,,,,,,,,,,,,,,,,,,,,,,,,,,,,,,,,,2026-05-23 19:35:48,의료법인조윤의료재단영동병원,UNKNOWN,UNKNOWN,UNKNOWN,UNKNOWN,UNKNOWN,UNKNOWN,UNKNOWN,UNKNOWN,UNKNOWN,UNKNOWN,UNKNOWN,UNKNOWN,UNKNOWN,UNKNOWN,UNKNOWN,UNKNOWN,UNKNOWN,UNKNOWN,UNKNOWN,UNKNOWN,Y,UNKNOWN,UNKNOWN,UNKNOWN,UNKNOWN,UNKNOWN,UNKNOWN,UNKNOWN,,,,,충청북도,영동군,,2026-05-23 19:35:48
A2300017,A2300017,의료법인정민의료재단보은한양병원,충청북도 보은군 보은읍 보은로 102,충청북도,보은군,G009,응급실운영신고기관,043-544-1500,070-7575-2853,36.48327155579628,127.71821043397682,,,,,,,,,,,,,,,,,,,,,,,,,,,,,,,,,,,,,,,,,,,,,,,,,,,,,,,,,,,,,,,,,,,,,,,,,,,,,,,,,,,,,,,,,,,,,,,,,,,,,,,,,,,,,,,,,,,,,,,,,,,,,,,,,,,,,,,,,,,,,,,,,,,,,,,,,,,
E2300011,E2300011,단양군보건의료원,"충청북도 단양군 단양읍 삼봉로 53, 단양군보건의료원",충청북도,단양군,G007,지역응급의료기관,043-420-3203,043-420-0139,36.984540593096746,128.36667620351827,단양군보건의료원,043-420-0139,,,,,,,1.0,,,,,,Y,,Y,N1,N1,Y,6.0,N1,14.0,N1,20260523193501,N1,N1,,,N1,6.0,,1.0,,,,,,,,,1.0,,,1.0,,,,,,,14.0,,,Y,N1,E2300011,,,,,,,,2.0,2.0,,충청북도,단양군,,,,,,,,,,,,,,,,,,,,,,,,,,,,,,,,,,,,,,,,,,,,,,,,,2026-05-23 19:35:48,단양군보건의료원,UNKNOWN,UNKNOWN,UNKNOWN,UNKNOWN,UNKNOWN,UNKNOWN,UNKNOWN,UNKNOWN,UNKNOWN,UNKNOWN,UNKNOWN,UNKNOWN,UNKNOWN,UNKNOWN,UNKNOWN,UNKNOWN,UNKNOWN,UNKNOWN,UNKNOWN,UNKNOWN,Y,UNKNOWN,UNKNOWN,UNKNOWN,UNKNOWN,UNKNOWN,UNKNOWN,UNKNOWN,,,,,충청북도,단양군,,2026-05-23 19:35:48
A2300034,A2300034,의료법인대광의료재단괴산성모병원,충청북도 괴산군 괴산읍 임꺽정로 116-0 (괴산성모병원),충청북도,괴산군,G007,지역응급의료기관,043-830-5400,043-830-5419,36.81544387632933,127.78424628538971,의료법인대광의료재단괴산성모병원,043-830-5419,,,,,,,,,0.0,,,,Y,,Y,N1,N1,Y,8.0,N1,20.0,N1,20260523193444,N1,Y,,1.0,N1,9.0,,,1.0,,,,,,1.0,,1.0,1.0,,3.0,,,,,,,153.0,,,Y,N1,A2300034,,,,,,,,,,,충청북도,괴산군,,,,,,,,,,,,,,,,,,,,,,,,,,,,,,,,,,,,,,,,,,,,,,,,,2026-05-23 19:35:48,의료법인대광의료재단괴산성모병원,UNKNOWN,UNKNOWN,UNKNOWN,UNKNOWN,UNKNOWN,UNKNOWN,UNKNOWN,UNKNOWN,UNKNOWN,UNKNOWN,UNKNOWN,UNKNOWN,UNKNOWN,UNKNOWN,UNKNOWN,UNKNOWN,UNKNOWN,UNKNOWN,UNKNOWN,UNKNOWN,Y,UNKNOWN,UNKNOWN,UNKNOWN,UNKNOWN,UNKNOWN,UNKNOWN,UNKNOWN,,,,,충청북도,괴산군,,2026-05-23 19:35:48
A2400007,A2400007,충청남도홍성의료원,충청남도 홍성군 홍성읍 조양로 224,충청남도,홍성군,G006,지역응급의료센터,041-630-6251,041-630-6119,36.59933992060475,126.67440672396911,충청남도홍성의료원,041-630-6119,,,,,,-1.0,1.0,,2.0,,,Y,Y,N,Y,N,N1,Y,7.0,N1,80.0,N1,20260523193301,N1,Y,,4.0,N,18.0,1.0,1.0,2.0,,,,,,4.0,1.0,2.0,2.0,1.0,10.0,,,,,,2.0,263.0,,,Y,N1,A2400007,1.0,3.0,3.0,24.0,1.0,49.0,,1.0,1.0,,충청남도,홍성군,,,,,,,,,,,,,,,,,,,,,,,,,,,,,,,,,,,,,,,,,,,,,,,,,2026-05-23 19:35:48,충청남도홍성의료원,UNKNOWN,UNKNOWN,UNKNOWN,UNKNOWN,UNKNOWN,UNKNOWN,UNKNOWN,UNKNOWN,UNKNOWN,UNKNOWN,UNKNOWN,UNKNOWN,UNKNOWN,UNKNOWN,UNKNOWN,UNKNOWN,UNKNOWN,UNKNOWN,UNKNOWN,UNKNOWN,Y,UNKNOWN,UNKNOWN,UNKNOWN,UNKNOWN,UNKNOWN,UNKNOWN,UNKNOWN,,,,,충청남도,홍성군,,2026-05-23 19:35:48
E2400033,E2400033,태안군보건의료원,충청남도 태안군 태안읍 서해로 1952-16,충청남도,태안군,G007,지역응급의료기관,041-671-5300,041-671-5319,36.75191402131483,126.32320735565844,태안군보건의료원,041-671-5319,,,,,,,,,1.0,,,,Y,,Y,N1,N1,Y,9.0,N1,22.0,N1,20260523193501,N1,N1,,,N1,10.0,,,1.0,,,,,,,,1.0,,,1.0,,,,,,,34.0,,,Y,N1,E2400033,,,,,,,,,,,충청남도,태안군,,,,,,,,,,,,,,,,,,,,,,,,,,,,,,,,,,,,,,,,,,,,,,,,,2026-05-23 19:35:48,태안군보건의료원,UNKNOWN,UNKNOWN,UNKNOWN,UNKNOWN,UNKNOWN,UNKNOWN,UNKNOWN,UNKNOWN,UNKNOWN,UNKNOWN,UNKNOWN,UNKNOWN,UNKNOWN,UNKNOWN,UNKNOWN,UNKNOWN,UNKNOWN,UNKNOWN,UNKNOWN,UNKNOWN,Y,UNKNOWN,UNKNOWN,UNKNOWN,UNKNOWN,UNKNOWN,UNKNOWN,UNKNOWN,,,,,충청남도,태안군,,2026-05-23 19:35:48
E2400032,E2400032,청양군보건의료원,충청남도 청양군 청양읍 칠갑산로7길 54,충청남도,청양군,G007,지역응급의료기관,041-942-3401,041-940-4951,36.45529646339589,126.80455836964052,청양군보건의료원,041-940-4951,,,,,,,,,1.0,,,,Y,,Y,N1,N1,Y,5.0,N1,12.0,N1,20260523193500,N1,N1,,1.0,N1,6.0,,,1.0,,,,,,1.0,,1.0,,,1.0,,,,,,,12.0,,,Y,N1,E2400032,,,,,,,,,,,충청남도,청양군,,,,,,,,,,,,,,,,,,,,,,,,,,,,,,,,,,,,,,,,,,,,,,,,,2026-05-23 19:35:48,청양군보건의료원,UNKNOWN,UNKNOWN,UNKNOWN,UNKNOWN,UNKNOWN,UNKNOWN,UNKNOWN,UNKNOWN,UNKNOWN,UNKNOWN,UNKNOWN,UNKNOWN,UNKNOWN,UNKNOWN,UNKNOWN,UNKNOWN,UNKNOWN,UNKNOWN,UNKNOWN,UNKNOWN,Y,UNKNOWN,UNKNOWN,UNKNOWN,UNKNOWN,UNKNOWN,UNKNOWN,UNKNOWN,,,,,충청남도,청양군,,2026-05-23 19:35:48
A2400012,A2400012,의료법인영서의료재단천안충무병원,"충청남도 천안시 서북구 다가말3길 8, 충무병원 (쌍용동)",충청남도,천안시,G006,지역응급의료센터,041-570-7555,041-570-7519,36.79739687904163,127.1315782043232,의료법인영서의료재단천안충무병원,041-570-7519,,,,,,,1.0,,4.0,,,,Y,Y,Y,Y,Y,Y,10.0,Y,59.0,N1,20260523193125,N1,Y,,5.0,N1,16.0,,1.0,4.0,,,,,,5.0,,2.0,2.0,3.0,26.0,,,3.0,3.0,,,333.0,,,Y,N1,A2400012,0.0,,0.0,19.0,3.0,,,,,,충청남도,천안시,,,,,,,0.0,,,,7.0,,,,,,,,,,,,,,,,,,,,,,,,,,,,,,,,,,,,,,2026-05-23 19:35:48,의료법인영서의료재단천안충무병원,Y,UNKNOWN,Y,UNKNOWN,Y,UNKNOWN,UNKNOWN,UNKNOWN,UNKNOWN,Y,Y,Y,Y,Y,Y,Y,UNKNOWN,UNKNOWN,Y,Y,Y,Y,Y,UNKNOWN,UNKNOWN,Y,Y,Y,,,,,충청남도,천안시,,2026-05-23 19:35:48
A2400005,A2400005,충청남도천안의료원,충청남도 천안시 동남구 충절로 537 (삼룡동),충청남도,천안시,G007,지역응급의료기관,041-570-7200,041-570-7119,36.775359921186194,127.17992025598448,충청남도천안의료원,041-570-7119,,,,,,,,,1.0,,,,Y,,Y,N1,N1,Y,11.0,N1,61.0,N1,20260523193501,N1,Y,,4.0,N1,12.0,,,1.0,,,,,,4.0,,1.0,1.0,,10.0,,,,,,,241.0,,,Y,N1,A2400005,,,3.0,15.0,,,6.0,,,6.0,충청남도,천안시,,,,,,,,,,,,,,,,,,,,,,,,,,,,,,,,,,,,,,,,,,,,,,,,,2026-05-23 19:35:48,충청남도천안의료원,UNKNOWN,UNKNOWN,UNKNOWN,UNKNOWN,UNKNOWN,UNKNOWN,UNKNOWN,UNKNOWN,UNKNOWN,UNKNOWN,UNKNOWN,UNKNOWN,UNKNOWN,UNKNOWN,UNKNOWN,UNKNOWN,UNKNOWN,UNKNOWN,UNKNOWN,UNKNOWN,Y,UNKNOWN,UNKNOWN,UNKNOWN,UNKNOWN,UNKNOWN,UNKNOWN,UNKNOWN,,,,,충청남도,천안시,,2026-05-23 19:35:48
A2400001,A2400001,학교법인동은학원순천향대학교부속천안병원,충청남도 천안시 동남구 순천향6길 31 (봉명동),충청남도,천안시,G001,권역응급의료센터,041-570-2114,041-590-7019,36.8023584971179,127.135666806479,학교법인동은학원순천향대학교부속천안병원,041-590-7019,Y,Y,1.0,,3.0,8.0,4.0,2.0,2.0,4.0,8.0,Y,Y,Y,Y,Y,Y,Y,8.0,Y,201.0,Y,20260523193122,Y,Y,-3.0,19.0,Y,22.0,14.0,4.0,3.0,17.0,18.0,15.0,28.0,30.0,19.0,11.0,6.0,4.0,6.0,60.0,16.0,37.0,6.0,6.0,10.0,1.0,631.0,1.0,,Y,Y,A2400001,5.0,,,,6.0,,,6.0,14.0,,충청남도,천안시,,,,,,,,,,,,,,,,,,,,1.0,,,,,,,,,,,2.0,,,,,3.0,,,,,,,1.0,2.0,2.0,2.0,6.0,1.0,2026-05-23 19:35:48,학교법인동은학원순천향대학교부속천안병원,Y,UNKNOWN,Y,Y,Y,Y,Y,Y,Y,Y,UNKNOWN,Y,Y,Y,Y,Y,UNKNOWN,Y,Y,Y,Y,Y,Y,Y,Y,Y,Y,Y,,,,,충청남도,천안시,,2026-05-23 19:35:48
A2400002,A2400002,단국대학교의과대학부속병원,"충청남도 천안시 동남구 망향로 201 (안서동, 단국대학교의과대학부속병원)",충청남도,천안시,G001,권역응급의료센터,041-550-7114,041-550-6840,36.84295215169462,127.17327537305154,단국대학교의과대학부속병원,041-550-6840,Y,Y,,1.0,,3.0,,2.0,1.0,5.0,27.0,Y,Y,Y,Y,Y,Y,Y,9.0,Y,236.0,Y,20260523193500,Y,Y,3.0,13.0,Y,25.0,4.0,,1.0,18.0,,13.0,25.0,30.0,13.0,3.0,4.0,3.0,6.0,6.0,14.0,29.0,15.0,7.0,17.0,1.0,640.0,,2.0,Y,Y,A2400002,0.0,11.0,,,1.0,20.0,,0.0,8.0,,충청남도,천안시,,,7.0,,3.0,2.0,3.0,2.0,6.0,5.0,13.0,20.0,40.0,2.0,7.0,,2.0,6.0,,,2.0,2.0,,,2.0,2.0,,,,,,,,,,,,,,,,,,,,,,,2026-05-23 19:35:48,단국대학교의과대학부속병원,Y,N,Y,N,Y,UNKNOWN,N,N,N,N,UNKNOWN,Y,Y,Y,Y,Y,Y,Y,Y,Y,Y,Y,Y,Y,Y,Y,Y,Y,,,,,충청남도,천안시,,2026-05-23 19:35:48
A2402812,A2402812,나은필병원,"충청남도 천안시 동남구 만남로 64, 1층일부,4~9층 (신부동)",충청남도,천안시,G009,응급실운영신고기관,041-417-0001,041-417-1191,36.8191502671463,127.159326385319,,,,,,,,,,,,,,,,,,,,,,,,,,,,,,,,,,,,,,,,,,,,,,,,,,,,,,,,,,,,,,,,,,,,,,,,,,,,,,,,,,,,,,,,,,,,,,,,,,,,,,,,,,,,,,,,,,,,,,,,,,,,,,,,,,,,,,,,,,,,,,,,,,,,,,,,,,,
A2400015,A2400015,예산명지병원,충청남도 예산군 예산읍 신례원로 26,충청남도,예산군,G009,응급실운영신고기관,041-335-2255,041-335-5166,36.71373026149238,126.83416958942117,,,,,,,,,,,,,,,,,,,,,,,,,,,,,,,,,,,,,,,,,,,,,,,,,,,,,,,,,,,,,,,,,,,,,,,,,,,,,,,,,,,,,,,,,,,,,,,,,,,,,,,,,,,,,,,,,,,,,,,,,,,,,,,,,,,,,,,,,,,,,,,,,,,,,,,,,,,
A2400004,A2400004,의료법인예당의료재단예산종합병원,충청남도 예산군 예산읍 금오대로 94,충청남도,예산군,G007,지역응급의료기관,041-330-4000,041-330-4119,36.69111403683895,126.83810397105952,의료법인예당의료재단예산종합병원,041-330-4119,,,,,,,,,1.0,,,,Y,,Y,N1,N1,Y,3.0,N1,11.0,N1,20260523193514,N1,Y,,0.0,N1,6.0,,,1.0,,,,,,0.0,,0.0,0.0,,0.0,,,,,,,88.0,,,Y,N1,A2400004,,,2.0,9.0,,,,,,,충청남도,예산군,,,,,,,,,,,,,,,,,,,,,,,,,,,,,,,,,,,,,,,,,,,,,,,,,2026-05-23 19:35:48,의료법인예당의료재단예산종합병원,UNKNOWN,UNKNOWN,UNKNOWN,UNKNOWN,UNKNOWN,UNKNOWN,UNKNOWN,UNKNOWN,UNKNOWN,UNKNOWN,UNKNOWN,UNKNOWN,UNKNOWN,UNKNOWN,UNKNOWN,UNKNOWN,UNKNOWN,UNKNOWN,UNKNOWN,UNKNOWN,Y,UNKNOWN,UNKNOWN,UNKNOWN,UNKNOWN,UNKNOWN,UNKNOWN,UNKNOWN,,,,,충청남도,예산군,,2026-05-23 19:35:48
A2400039,A2400039,현대병원,충청남도 아산시 온천대로 1442 (온천동),충청남도,아산시,G007,지역응급의료기관,041-546-3636,041-546-7744,36.78311829920936,127.00097027728452,현대병원,041-546-7744,N,N,,,,,,,1.0,,,N,Y,N,Y,N,N,Y,1.0,N,15.0,N,20260523193001,N,Y,,3.0,N,10.0,,,1.0,,,,,,3.0,0.0,1.0,1.0,0.0,3.0,0.0,0.0,0.0,0.0,0.0,0.0,84.0,,,Y,N,A2400039,,,3.0,7.0,,,,,,,충청남도,아산시,,,,,,,0.0,,,,0.0,,,,,,,,,0.0,,,,,,,,,,,,,,,,,,,,,,,,,,,,,2026-05-23 19:35:48,현대병원,UNKNOWN,UNKNOWN,UNKNOWN,UNKNOWN,UNKNOWN,UNKNOWN,UNKNOWN,UNKNOWN,UNKNOWN,UNKNOWN,UNKNOWN,UNKNOWN,UNKNOWN,UNKNOWN,UNKNOWN,UNKNOWN,UNKNOWN,UNKNOWN,UNKNOWN,UNKNOWN,Y,UNKNOWN,UNKNOWN,UNKNOWN,UNKNOWN,UNKNOWN,UNKNOWN,UNKNOWN,,,,,충청남도,아산시,,2026-05-23 19:35:48
A2402257,A2402257,아산충무병원,충청남도 아산시 문화로 381 (모종동),충청남도,아산시,G006,지역응급의료센터,041-536-6666,041-536-6519,36.77929250489765,127.0199488549524,아산충무병원,041-536-6519,,,,,,,,,,,,Y,Y,Y,Y,Y,Y,Y,8.0,Y,218.0,Y,20260523193051,N1,Y,,3.0,N1,13.0,,,,,,,,,4.0,1.0,2.0,2.0,3.0,27.0,,,4.0,2.0,1.0,,456.0,,,Y,N1,A2402257,2.0,,8.0,22.0,2.0,,,,,,충청남도,아산시,,,5.0,,,,,,,,,,,,5.0,,,,,,1.0,7.0,,,1.0,7.0,,,,,,,,,,,,,,,,,,,,,,,2026-05-23 19:35:48,아산충무병원,Y,UNKNOWN,Y,UNKNOWN,Y,UNKNOWN,UNKNOWN,UNKNOWN,UNKNOWN,Y,UNKNOWN,Y,UNKNOWN,UNKNOWN,Y,Y,UNKNOWN,UNKNOWN,Y,UNKNOWN,Y,Y,Y,UNKNOWN,UNKNOWN,Y,Y,Y,,,,,충청남도,아산시,,2026-05-23 19:35:48
A2400044,A2400044,의료법인 서해병원,충청남도 서천군 서천읍 서천로 184,충청남도,서천군,G007,지역응급의료기관,041-951-8282,041-950-0219,36.08449428686221,126.6875810614244,의료법인 서해병원,041-950-0219,,,,,,,,,2.0,,,,Y,,Y,N1,N1,Y,5.0,N1,35.0,N1,20260523193507,N1,N1,,,N1,5.0,,,2.0,,,,,,,,1.0,,,1.0,,,,,,,79.0,,,Y,N1,A2400044,,,,,,,,,,,충청남도,서천군,,,,,,,,,,,,,,,,,,,,,,,,,,,,,,,,,,,,,,,,,,,,,,,,,2026-05-23 19:35:48,의료법인 서해병원,UNKNOWN,UNKNOWN,UNKNOWN,UNKNOWN,UNKNOWN,UNKNOWN,UNKNOWN,UNKNOWN,UNKNOWN,UNKNOWN,UNKNOWN,UNKNOWN,UNKNOWN,UNKNOWN,UNKNOWN,UNKNOWN,UNKNOWN,UNKNOWN,UNKNOWN,UNKNOWN,Y,UNKNOWN,UNKNOWN,UNKNOWN,UNKNOWN,UNKNOWN,UNKNOWN,UNKNOWN,,,,,충청남도,서천군,,2026-05-23 19:35:48
A2400006,A2400006,충청남도서산의료원,충청남도 서산시 중앙로 149 (석림동),충청남도,서산시,G006,지역응급의료센터,041-689-7000,041-689-7119,36.77556877677842,126.46515725738564,충청남도서산의료원,041-689-7119,,,,,,,1.0,,2.0,,,,Y,,Y,N1,N1,Y,5.0,N1,57.0,N1,20260523193103,N1,Y,,3.0,N1,17.0,,1.0,2.0,,,,,,3.0,,2.0,1.0,,10.0,,,,,,,263.0,,,Y,N1,A2400006,,,0.0,10.0,,,,5.0,5.0,,충청남도,서산시,,,,,,,,,,,,,,,,,,,,,,,,,,,,,,,,,,,,,,,,,,,,,,,,,2026-05-23 19:35:48,충청남도서산의료원,UNKNOWN,UNKNOWN,Y,UNKNOWN,UNKNOWN,UNKNOWN,UNKNOWN,UNKNOWN,UNKNOWN,UNKNOWN,UNKNOWN,UNKNOWN,UNKNOWN,UNKNOWN,UNKNOWN,UNKNOWN,UNKNOWN,UNKNOWN,UNKNOWN,UNKNOWN,Y,UNKNOWN,UNKNOWN,UNKNOWN,UNKNOWN,UNKNOWN,UNKNOWN,UNKNOWN,,,,,충청남도,서산시,,2026-05-23 19:35:48
A2400003,A2400003,서산중앙병원,충청남도 서산시 수석산업로 5 (수석동),충청남도,서산시,G006,지역응급의료센터,041-661-1000,041-661-1195,36.78101237096687,126.50342177166652,서산중앙병원,041-661-1195,,,,,,,1.0,,2.0,,,,Y,,Y,N1,Y,Y,10.0,N1,40.0,N1,20260523193004,N1,Y,,4.0,N1,17.0,,1.0,2.0,,,,,,4.0,,1.0,1.0,,7.0,,,1.0,,,,288.0,,,Y,N1,A2400003,,,2.0,17.0,,,,,,,충청남도,서산시,,,,,,,,,,,,,,,,,,,,,,,,,,,,,,,,,,,,,,,,,,,,,,,,,2026-05-23 19:35:48,서산중앙병원,Y,UNKNOWN,Y,UNKNOWN,UNKNOWN,UNKNOWN,UNKNOWN,UNKNOWN,UNKNOWN,UNKNOWN,UNKNOWN,Y,UNKNOWN,UNKNOWN,Y,Y,UNKNOWN,UNKNOWN,UNKNOWN,UNKNOWN,Y,UNKNOWN,Y,UNKNOWN,UNKNOWN,Y,UNKNOWN,Y,,,,,충청남도,서산시,,2026-05-23 19:35:48
A2400038,A2400038,학교법인건양교육재단건양대학교부여병원,충청남도 부여군 부여읍 계백로 200,충청남도,부여군,G007,지역응급의료기관,041-837-1200,041-837-1201,36.27555409443824,126.90169662482884,학교법인건양교육재단건양대학교부여병원,041-837-1201,,,,,,,,,1.0,,,,Y,,Y,N1,N1,Y,4.0,N1,20.0,N1,20260523193429,N1,N1,,1.0,N1,9.0,,,1.0,,,,,,1.0,,1.0,,,1.0,,,,,,,55.0,,,Y,N1,A2400038,,,,,,,,,,,충청남도,부여군,,,,,,,,,,,,,,,,,,,,,,,,,,,,,,,,,,,,,,,,,,,,,,,,,2026-05-23 19:35:48,학교법인건양교육재단건양대학교부여병원,UNKNOWN,UNKNOWN,UNKNOWN,UNKNOWN,UNKNOWN,UNKNOWN,UNKNOWN,UNKNOWN,UNKNOWN,UNKNOWN,UNKNOWN,UNKNOWN,UNKNOWN,UNKNOWN,UNKNOWN,UNKNOWN,UNKNOWN,UNKNOWN,UNKNOWN,UNKNOWN,Y,UNKNOWN,UNKNOWN,UNKNOWN,UNKNOWN,UNKNOWN,UNKNOWN,UNKNOWN,,,,,충청남도,부여군,,2026-05-23 19:35:48
A2400011,A2400011,재단법인아산사회복지재단보령아산병원,충청남도 보령시 죽성로 136 (죽정동),충청남도,보령시,G006,지역응급의료센터,041-930-5114,041-930-5333,36.38113998244595,126.62282846665184,재단법인아산사회복지재단보령아산병원,041-930-5333,,,,,,,1.0,,2.0,,,,Y,,Y,N1,N1,Y,15.0,N1,97.0,N1,20260523193000,N1,Y,,2.0,N1,17.0,,1.0,2.0,,,,,,2.0,,1.0,1.0,,4.0,,,,,,,221.0,,,Y,N1,A2400011,,,4.0,8.0,,,,,,,충청남도,보령시,,,,,,,,,,,,,,,,,,,,,,,,,,,,,,,,,,,,,,,,,,,,,,,,,2026-05-23 19:35:48,재단법인아산사회복지재단보령아산병원,UNKNOWN,UNKNOWN,UNKNOWN,UNKNOWN,UNKNOWN,UNKNOWN,UNKNOWN,UNKNOWN,UNKNOWN,UNKNOWN,UNKNOWN,UNKNOWN,UNKNOWN,UNKNOWN,Y,UNKNOWN,UNKNOWN,UNKNOWN,UNKNOWN,UNKNOWN,Y,UNKNOWN,UNKNOWN,UNKNOWN,UNKNOWN,UNKNOWN,UNKNOWN,Y,,,,,충청남도,보령시,,2026-05-23 19:35:48
A2400008,A2400008,당진종합병원,충청남도 당진시 반촌로 5-15 (시곡동),충청남도,당진시,G006,지역응급의료센터,041-357-0100,041-358-3624,36.90439755063778,126.68435813411776,당진종합병원,041-358-3624,,,,,,,1.0,,2.0,,,,Y,Y,Y,Y,Y,Y,7.0,N1,89.0,N1,20260523193255,N1,Y,,4.0,N1,17.0,,1.0,2.0,,,,,,4.0,,2.0,2.0,1.0,5.0,,,1.0,,,,246.0,,,Y,N1,A2400008,,,1.0,13.0,,,,,,,충청남도,당진시,,,,,,,,,,,,,,,,,,,,,,,,,,,,,,,,,,,,,,,,,,,,,,,,,2026-05-23 19:35:48,당진종합병원,Y,UNKNOWN,UNKNOWN,UNKNOWN,UNKNOWN,UNKNOWN,UNKNOWN,UNKNOWN,UNKNOWN,UNKNOWN,Y,UNKNOWN,UNKNOWN,UNKNOWN,Y,Y,UNKNOWN,UNKNOWN,UNKNOWN,UNKNOWN,Y,UNKNOWN,Y,UNKNOWN,UNKNOWN,Y,UNKNOWN,Y,,,,,충청남도,당진시,,2026-05-23 19:35:48
A2400009,A2400009,의료법인백제병원,충청남도 논산시 시민로294번길 14 (취암동),충청남도,논산시,G006,지역응급의료센터,041-733-2191,041-730-8882,36.19250243074026,127.09436976296004,의료법인백제병원,041-730-8882,,,,,,,1.0,,2.0,,,,Y,Y,Y,Y,Y,Y,18.0,N1,27.0,N1,20260523193250,N1,Y,,4.0,N1,20.0,,1.0,2.0,,,,,,4.0,,2.0,2.0,1.0,11.0,,,3.0,,,,398.0,,,Y,N1,A2400009,,14.0,-5.0,26.0,,49.0,,,,,충청남도,논산시,,,,,,,,,,,,,,,,,,,,,,,,,,,,,,,,,,,,,,,,,,,,,,,,,2026-05-23 19:35:48,의료법인백제병원,Y,UNKNOWN,Y,UNKNOWN,Y,UNKNOWN,UNKNOWN,UNKNOWN,UNKNOWN,UNKNOWN,UNKNOWN,UNKNOWN,UNKNOWN,UNKNOWN,Y,Y,Y,UNKNOWN,UNKNOWN,UNKNOWN,Y,UNKNOWN,Y,UNKNOWN,UNKNOWN,UNKNOWN,UNKNOWN,Y,,,,,충청남도,논산시,,2026-05-23 19:35:48
A2400019,A2400019,새금산병원,충청남도 금산군 금산읍 비단로 183,충청남도,금산군,G009,응급실운영신고기관,041-754-8272,041-754-8053,36.10403152848004,127.49620122672218,,,,,,,,,,,,,,,,,,,,,,,,,,,,,,,,,,,,,,,,,,,,,,,,,,,,,,,,,,,,,,,,,,,,,,,,,,,,,,,,,,,,,,,,,,,,,,,,,,,,,,,,,,,,,,,,,,,,,,,,,,,,,,,,,,,,,,,,,,,,,,,,,,,,,,,,,,,
A2400010,A2400010,충청남도공주의료원,충청남도 공주시 무령로 77 (웅진동),충청남도,공주시,G007,지역응급의료기관,041-962-1111,041-962-1365,36.45905455773722,127.10921562289596,충청남도공주의료원,041-962-1365,,,,,,,,,1.0,,,,Y,,Y,N1,Y,Y,13.0,N1,59.0,N1,20260523193002,N1,Y,,6.0,N1,15.0,,,1.0,,,,,,6.0,,1.0,1.0,,9.0,,,2.0,,,,273.0,,,Y,N1,A2400010,,,2.0,16.0,,,,4.0,6.0,,충청남도,공주시,,,,,,,,,,,,,,,,,,,,,,,,,,,,,,,,,,,,,,,,,,,,,,,,,2026-05-23 19:35:48,충청남도공주의료원,UNKNOWN,UNKNOWN,UNKNOWN,UNKNOWN,UNKNOWN,UNKNOWN,UNKNOWN,UNKNOWN,UNKNOWN,UNKNOWN,UNKNOWN,UNKNOWN,UNKNOWN,UNKNOWN,UNKNOWN,UNKNOWN,UNKNOWN,UNKNOWN,UNKNOWN,UNKNOWN,Y,UNKNOWN,UNKNOWN,UNKNOWN,UNKNOWN,UNKNOWN,UNKNOWN,UNKNOWN,,,,,충청남도,공주시,,2026-05-23 19:35:48
A2502031,A2502031,진안군의료원,전북특별자치도 진안군 진안읍 진무로 1145-0,전북특별자치도,진안군,G007,지역응급의료기관,063-430-7000,063-430-7119,35.79518695884379,127.43207008323516,진안군의료원,063-430-7119,,,,,,,,,2.0,,,,Y,,Y,N1,N1,Y,-1.0,N1,41.0,N1,20260523193501,N1,Y,,2.0,N1,6.0,,,2.0,,,,,,2.0,,1.0,1.0,,3.0,,,,,,,74.0,,,Y,N1,A2502031,,,,,,,,,,,전북특별자치도,진안군,,,,,,,,,,,,,,,,,,,,,,,,,,,,,,,,,,,,,,,,,,,,,,,,,2026-05-23 19:35:48,진안군의료원,UNKNOWN,UNKNOWN,UNKNOWN,UNKNOWN,UNKNOWN,UNKNOWN,UNKNOWN,UNKNOWN,UNKNOWN,UNKNOWN,UNKNOWN,UNKNOWN,UNKNOWN,UNKNOWN,UNKNOWN,UNKNOWN,UNKNOWN,UNKNOWN,UNKNOWN,UNKNOWN,Y,UNKNOWN,UNKNOWN,UNKNOWN,UNKNOWN,UNKNOWN,UNKNOWN,UNKNOWN,,,,,전북특별자치도,진안군,,2026-05-23 19:35:48
A2500008,A2500008,재단법인 아산사회복지재단 정읍아산병원,전북특별자치도 정읍시 충정로 606-22 (용계동),전북특별자치도,정읍시,G006,지역응급의료센터,063-530-6000,063-530-6129,35.58899495218047,126.82346011194952,재단법인 아산사회복지재단 정읍아산병원,063-530-6129,,,,,,,1.0,,2.0,,,,Y,,Y,N1,N1,Y,10.0,N1,94.0,N1,20260523193000,N1,Y,,3.0,N1,17.0,,1.0,2.0,,,,,,3.0,,1.0,1.0,,5.0,,,,,,,276.0,,,Y,N1,A2500008,,,5.0,11.0,,,,,,,전북특별자치도,정읍시,,,,,,,,,,,,,,,,,,,,,,,,,,,,,,,,,,,,,,,,,,,,,,,,,2026-05-23 19:35:48,재단법인 아산사회복지재단 정읍아산병원,UNKNOWN,UNKNOWN,UNKNOWN,UNKNOWN,UNKNOWN,UNKNOWN,UNKNOWN,UNKNOWN,UNKNOWN,UNKNOWN,UNKNOWN,UNKNOWN,UNKNOWN,UNKNOWN,UNKNOWN,UNKNOWN,UNKNOWN,UNKNOWN,UNKNOWN,UNKNOWN,Y,UNKNOWN,N,UNKNOWN,UNKNOWN,UNKNOWN,UNKNOWN,UNKNOWN,,,,,전북특별자치도,정읍시,,2026-05-23 19:35:48
A2500005,A2500005,의료법인영경의료재단전주병원,"전북특별자치도 전주시 완산구 한두평3길 13 (중화산동2가, 전주병원)",전북특별자치도,전주시,G006,지역응급의료센터,063-220-7200,063-226-6119,35.81502660230338,127.1247991889436,의료법인영경의료재단전주병원,063-226-6119,,,,,,,1.0,,2.0,,,,Y,,Y,N1,Y,Y,9.0,N1,15.0,N1,20260523193307,N1,Y,,3.0,N1,17.0,,1.0,2.0,,,,,,3.0,,1.0,2.0,,6.0,,,1.0,,,,275.0,,,Y,N1,A2500005,,,0.0,9.0,,,,,,,전북특별자치도,전주시,,,,,,,,,,,,,,,,,,,,,,,,,,,,,,,,,,,,,,,,,,,,,,,,,2026-05-23 19:35:48,의료법인영경의료재단전주병원,UNKNOWN,UNKNOWN,UNKNOWN,UNKNOWN,UNKNOWN,UNKNOWN,UNKNOWN,UNKNOWN,UNKNOWN,Y,UNKNOWN,UNKNOWN,UNKNOWN,UNKNOWN,UNKNOWN,UNKNOWN,UNKNOWN,UNKNOWN,UNKNOWN,UNKNOWN,Y,UNKNOWN,Y,UNKNOWN,UNKNOWN,Y,UNKNOWN,Y,,,,,전북특별자치도,전주시,,2026-05-23 19:35:48
A2500006,A2500006,재단법인예수병원유지재단예수병원,"전북특별자치도 전주시 완산구 서원로 365 (중화산동1가, 예수병원)",전북특별자치도,전주시,G006,지역응급의료센터,063-230-8114,063-230-8280,35.81440117465108,127.13325187439274,재단법인예수병원유지재단예수병원,063-230-8280,Y,Y,,,,3.0,1.0,,0.0,,,Y,Y,Y,Y,Y,Y,Y,26.0,Y,178.0,N1,20260523193228,Y,Y,8.0,14.0,Y,38.0,10.0,1.0,2.0,,,,12.0,,14.0,4.0,4.0,3.0,4.0,40.0,6.0,11.0,7.0,2.0,,2.0,685.0,,,Y,Y,A2500006,4.0,,3.0,23.0,4.0,,,0.0,5.0,,전북특별자치도,전주시,,,,,,,4.0,,,,14.0,,,,,,,,,,,,,,,,,,,,1.0,,,,,1.0,,,,,,,1.0,2.0,1.0,2.0,6.0,1.0,2026-05-23 19:35:48,재단법인예수병원유지재단예수병원,Y,Y,Y,Y,Y,UNKNOWN,Y,Y,Y,Y,UNKNOWN,Y,UNKNOWN,UNKNOWN,Y,Y,UNKNOWN,UNKNOWN,Y,UNKNOWN,Y,Y,Y,UNKNOWN,UNKNOWN,Y,Y,Y,,,,,전북특별자치도,전주시,,2026-05-23 19:35:48
A2502742,A2502742,새강병원,전북특별자치도 전주시 완산구 백제대로 20-0 (평화동1가),전북특별자치도,전주시,G007,지역응급의료기관,063236-9000,063-289-9119,,,새강병원,063-289-9119,,,0.0,,0.0,1.0,1.0,0.0,2.0,0.0,,,Y,,Y,N1,N1,Y,7.0,N1,77.0,N1,20260523193505,N1,Y,,5.0,N1,14.0,3.0,1.0,2.0,0.0,0.0,0.0,,,5.0,,1.0,1.0,,1.0,,,,,,,201.0,0.0,,Y,N1,A2502742,3.0,,16.0,16.0,3.0,,,0.0,0.0,,전북특별자치도,전주시,,,,,,0.0,,,,,,,,0.0,,,,,,,0.0,0.0,,,0.0,0.0,,,,,0.0,,,,,0.0,,,,,,,,,0.0,,0.0,,2026-05-23 19:35:48,새강병원,UNKNOWN,UNKNOWN,UNKNOWN,UNKNOWN,UNKNOWN,UNKNOWN,UNKNOWN,UNKNOWN,UNKNOWN,UNKNOWN,UNKNOWN,UNKNOWN,UNKNOWN,UNKNOWN,UNKNOWN,UNKNOWN,UNKNOWN,UNKNOWN,UNKNOWN,UNKNOWN,Y,UNKNOWN,UNKNOWN,UNKNOWN,UNKNOWN,UNKNOWN,UNKNOWN,UNKNOWN,,,,,전북특별자치도,전주시,,2026-05-23 19:35:48
A2500003,A2500003,전주고려병원,전북특별자치도 전주시 덕진구 안덕원로 367 (산정동),전북특별자치도,전주시,G009,응급실운영신고기관,063-240-7300,063-240-7330,35.839839476593305,127.16713261021836,,,,,,,,,,,,,,,,,,,,,,,,,,,,,,,,,,,,,,,,,,,,,,,,,,,,,,,,,,,,,,,,,,,,,,,,,,,,,,,,,,,,,,,,,,,,,,,,,,,,,,,,,,,,,,,,,,,,,,,,,,,,,,,,,,,,,,,,,,,,,,,,,,,,,,,,,,,
A2501890,A2501890,의료법인영경의료재단호성전주병원,전북특별자치도 전주시 덕진구 동부대로 895 (호성동1가),전북특별자치도,전주시,G007,지역응급의료기관,063-240-8800,063-240-8862,35.865528416459995,127.14790290638275,의료법인영경의료재단호성전주병원,063-240-8862,,,,,,,,,1.0,,,,Y,,Y,N1,N1,Y,2.0,N1,7.0,N1,20260523193456,N1,Y,,2.0,N1,9.0,,,1.0,,,,,,2.0,,1.0,1.0,,1.0,,,,,,,122.0,,,Y,N1,A2501890,,,,,,,,,,,전북특별자치도,전주시,,,,,,,,,,,,,,,,,,,,,,,,,,,,,,,,,,,,,,,,,,,,,,,,,2026-05-23 19:35:48,의료법인영경의료재단호성전주병원,UNKNOWN,UNKNOWN,UNKNOWN,UNKNOWN,UNKNOWN,UNKNOWN,UNKNOWN,UNKNOWN,UNKNOWN,UNKNOWN,UNKNOWN,UNKNOWN,UNKNOWN,UNKNOWN,UNKNOWN,UNKNOWN,UNKNOWN,UNKNOWN,UNKNOWN,UNKNOWN,Y,UNKNOWN,UNKNOWN,UNKNOWN,UNKNOWN,UNKNOWN,UNKNOWN,UNKNOWN,,,,,전북특별자치도,전주시,,2026-05-23 19:35:48
A2500056,A2500056,대자인병원,"전북특별자치도 전주시 덕진구 견훤로 390 (우아동3가,(우아동3가))",전북특별자치도,전주시,G006,지역응급의료센터,063-240-2000,063-250-8701,35.84599245880299,127.153316348062,대자인병원,063-250-8701,,,,,,,1.0,5.0,2.0,,,,Y,Y,Y,Y,Y,Y,23.0,Y,27.0,N1,20260523193307,N1,Y,,14.0,Y,33.0,,1.0,2.0,,,36.0,,,15.0,,4.0,3.0,2.0,12.0,,,4.0,2.0,,1.0,45.0,,,Y,N1,A2500056,2.0,,3.0,15.0,4.0,,,,,,전북특별자치도,전주시,,,,,,,,,,,,,,,,,,,,1.0,,,,,,,,,,,,,,,,,,,,,,,,,,,,,2026-05-23 19:35:48,대자인병원,Y,UNKNOWN,Y,UNKNOWN,Y,UNKNOWN,UNKNOWN,UNKNOWN,UNKNOWN,Y,UNKNOWN,Y,Y,UNKNOWN,Y,UNKNOWN,UNKNOWN,UNKNOWN,Y,UNKNOWN,Y,Y,Y,UNKNOWN,UNKNOWN,Y,Y,Y,,,,,전북특별자치도,전주시,,2026-05-23 19:35:48
A2500002,A2500002,전북대학교병원,전북특별자치도 전주시 덕진구 건지로 20 (금암동),전북특별자치도,전주시,G001,권역응급의료센터,063-250-1114,063-250-1131,35.84697279303408,127.1393674038135,전북대학교병원,063-250-1131,Y,Y,2.0,0.0,2.0,3.0,,2.0,,4.0,7.0,Y,Y,Y,Y,Y,Y,Y,22.0,Y,331.0,Y,20260523193513,Y,Y,7.0,21.0,N1,36.0,5.0,,,17.0,10.0,8.0,25.0,30.0,21.0,3.0,5.0,5.0,6.0,109.0,15.0,26.0,12.0,9.0,2.0,,820.0,2.0,1.0,Y,Y,A2500002,0.0,4.0,,,2.0,7.0,,15.0,15.0,,전북특별자치도,전주시,,,,,,,1.0,,,,11.0,,,,,,,,,,2.0,5.0,,,2.0,5.0,6.0,5.0,10.0,15.0,,,,,,,,,,,,,,,,,,,2026-05-23 19:35:48,전북대학교병원,Y,Y,Y,Y,Y,Y,Y,N,Y,Y,UNKNOWN,Y,Y,Y,Y,Y,Y,Y,Y,Y,Y,Y,Y,N,Y,Y,Y,Y,,,,,전북특별자치도,전주시,,2026-05-23 19:35:48
E2500020,E2500020,장수군보건의료원,전북특별자치도 장수군 장수읍 장천로 247,전북특별자치도,장수군,G007,지역응급의료기관,063-351-8000,063-350-2119,35.654664903392614,127.52014287444382,장수군보건의료원,063-350-2119,,,,,,,,,1.0,,,,,,Y,N1,N1,N1,4.0,N1,21.0,N1,20260523193500,N1,N1,,,N1,5.0,,,1.0,,,,,,,,,,,1.0,,,,,,,22.0,,,Y,N1,E2500020,,,,,,,,,,,전북특별자치도,장수군,,,,,,,,,,,,,,,,,,,,,,,,,,,,,,,,,,,,,,,,,,,,,,,,,2026-05-23 19:35:48,장수군보건의료원,UNKNOWN,UNKNOWN,UNKNOWN,UNKNOWN,UNKNOWN,UNKNOWN,UNKNOWN,UNKNOWN,UNKNOWN,UNKNOWN,UNKNOWN,UNKNOWN,UNKNOWN,UNKNOWN,UNKNOWN,UNKNOWN,UNKNOWN,UNKNOWN,UNKNOWN,UNKNOWN,Y,UNKNOWN,UNKNOWN,UNKNOWN,UNKNOWN,UNKNOWN,UNKNOWN,UNKNOWN,,,,,전북특별자치도,장수군,,2026-05-23 19:35:48
E2500022,E2500022,임실군보건의료원,전북특별자치도 임실군 임실읍 호국로 1680,전북특별자치도,임실군,G007,지역응급의료기관,063-640-3102,063-640-3119,35.61249558187053,127.28697578028248,임실군보건의료원,063-640-3119,,,,,,,,,1.0,,,,Y,,Y,N1,N1,Y,4.0,N1,,N1,20260523193500,N1,N1,,,N1,4.0,,,1.0,,,,,,,,1.0,,,1.0,,,,,,,,,,Y,N1,E2500022,,,,,,,,,,,전북특별자치도,임실군,,,,,,,,,,,,,,,,,,,,,,,,,,,,,,,,,,,,,,,,,,,,,,,,,2026-05-23 19:35:48,임실군보건의료원,UNKNOWN,UNKNOWN,UNKNOWN,UNKNOWN,UNKNOWN,UNKNOWN,UNKNOWN,UNKNOWN,UNKNOWN,UNKNOWN,UNKNOWN,UNKNOWN,UNKNOWN,UNKNOWN,UNKNOWN,UNKNOWN,UNKNOWN,UNKNOWN,UNKNOWN,UNKNOWN,Y,UNKNOWN,UNKNOWN,UNKNOWN,UNKNOWN,UNKNOWN,UNKNOWN,UNKNOWN,,,,,전북특별자치도,임실군,,2026-05-23 19:35:48
A2500011,A2500011,의료법인대산의료재단익산병원,전북특별자치도 익산시 무왕로 969 (신동),전북특별자치도,익산시,G006,지역응급의료센터,063-840-9114,063-840-9112,35.96168123354797,126.96649966881398,의료법인대산의료재단익산병원,063-840-9112,,,,,,,1.0,,2.0,,,,Y,Y,Y,Y,N1,Y,13.0,N1,55.0,N1,20260523193506,N1,Y,,5.0,N1,17.0,,1.0,2.0,,,,,,5.0,,2.0,2.0,1.0,7.0,,,,,,,333.0,,,Y,N1,A2500011,0.0,,9.0,17.0,1.0,,,,,,전북특별자치도,익산시,,,,,,,,,,,,,,,,,,,,,,,,,,,,,,,,,,,,,,,,,,,,,,,,,2026-05-23 19:35:48,의료법인대산의료재단익산병원,UNKNOWN,UNKNOWN,UNKNOWN,UNKNOWN,UNKNOWN,UNKNOWN,UNKNOWN,UNKNOWN,UNKNOWN,UNKNOWN,UNKNOWN,UNKNOWN,UNKNOWN,UNKNOWN,UNKNOWN,UNKNOWN,UNKNOWN,UNKNOWN,UNKNOWN,UNKNOWN,Y,UNKNOWN,UNKNOWN,UNKNOWN,UNKNOWN,Y,UNKNOWN,UNKNOWN,,,,,전북특별자치도,익산시,,2026-05-23 19:35:48
A2500001,A2500001,원광대학교병원,"전북특별자치도 익산시 무왕로 895 (신동,(신동))",전북특별자치도,익산시,G001,권역응급의료센터,063-859-1114,063-859-1165,35.9642419612473,126.959306346821,원광대학교병원,063-859-1165,Y,Y,,2.0,2.0,3.0,,2.0,,2.0,18.0,Y,Y,Y,Y,Y,Y,Y,10.0,Y,165.0,Y,20260523193515,Y,Y,3.0,14.0,Y,26.0,3.0,,,18.0,8.0,15.0,15.0,31.0,15.0,1.0,5.0,3.0,4.0,65.0,11.0,15.0,4.0,1.0,1.0,2.0,543.0,,2.0,Y,Y,A2500001,1.0,3.0,8.0,15.0,7.0,30.0,,0.0,2.0,,전북특별자치도,익산시,,,,,19.0,2.0,,1.0,6.0,6.0,,20.0,40.0,2.0,,,2.0,6.0,,,2.0,3.0,,,2.0,3.0,,2.0,,8.0,,,,,,,,,,,,,,,,,,,2026-05-23 19:35:48,원광대학교병원,Y,Y,Y,Y,Y,UNKNOWN,Y,Y,Y,Y,UNKNOWN,Y,N,N,Y,Y,Y,Y,Y,Y,Y,Y,Y,Y,Y,Y,Y,Y,,,,,전북특별자치도,익산시,,2026-05-23 19:35:48
E2500021,E2500021,순창군보건의료원,전북특별자치도 순창군 순창읍 교성로 135 (순창군보건의료원),전북특별자치도,순창군,G007,지역응급의료기관,063-650-5321,063-650-5352,35.3670362953963,127.143667225508,순창군보건의료원,063-650-5352,,,,,,,,,1.0,,,,Y,,Y,N1,N1,Y,9.0,N1,30.0,N1,20260523193501,N1,N1,,,N1,9.0,,,1.0,,,,,,,,1.0,,,1.0,,,,,,,30.0,,,Y,N1,E2500021,,,,,,,,,,,전북특별자치도,순창군,,,,,,,,,,,,,,,,,,,,,,,,,,,,,,,,,,,,,,,,,,,,,,,,,2026-05-23 19:35:48,순창군보건의료원,UNKNOWN,UNKNOWN,UNKNOWN,UNKNOWN,UNKNOWN,UNKNOWN,UNKNOWN,UNKNOWN,UNKNOWN,UNKNOWN,UNKNOWN,UNKNOWN,UNKNOWN,UNKNOWN,UNKNOWN,UNKNOWN,UNKNOWN,UNKNOWN,UNKNOWN,UNKNOWN,Y,UNKNOWN,UNKNOWN,UNKNOWN,UNKNOWN,UNKNOWN,UNKNOWN,UNKNOWN,,,,,전북특별자치도,순창군,,2026-05-23 19:35:48
A2500010,A2500010,부안성모병원,전북특별자치도 부안군 부안읍 오정2길 24,전북특별자치도,부안군,G007,지역응급의료기관,063-581-5100,063-580-8119,35.72481539925256,126.73452574138332,부안성모병원,063-580-8119,,,,,,,,,2.0,,,,Y,,Y,N1,N1,Y,6.0,N1,16.0,N1,20260523193032,N1,Y,,3.0,N1,10.0,,,2.0,,,,,,3.0,,1.0,1.0,,2.0,,,,,,,240.0,,,Y,N1,A2500010,,,9.0,9.0,,,,,,,전북특별자치도,부안군,,,,,,,,,,,,,,,,,,,,,,,,,,,,,,,,,,,,,,,,,,,,,,,,,2026-05-23 19:35:48,부안성모병원,UNKNOWN,UNKNOWN,UNKNOWN,UNKNOWN,UNKNOWN,UNKNOWN,UNKNOWN,UNKNOWN,UNKNOWN,UNKNOWN,UNKNOWN,UNKNOWN,UNKNOWN,UNKNOWN,UNKNOWN,UNKNOWN,UNKNOWN,UNKNOWN,UNKNOWN,UNKNOWN,Y,UNKNOWN,UNKNOWN,UNKNOWN,UNKNOWN,UNKNOWN,UNKNOWN,Y,,,,,전북특별자치도,부안군,,2026-05-23 19:35:48
E2500019,E2500019,무주군보건의료원,"전북특별자치도 무주군 무주읍 한풍루로 413, 무주군보건의료원",전북특별자치도,무주군,G007,지역응급의료기관,063-320-8314,063-320-8315,36.00586316008286,127.6717026515394,무주군보건의료원,063-320-8315,,,,,,,,,1.0,,,,Y,,Y,N1,N1,Y,4.0,N1,24.0,N1,20260523193500,N1,N1,,,N1,4.0,,,1.0,,,,,,,,1.0,,,1.0,,,,,,,24.0,,,Y,N1,E2500019,,,,,,,,,,,전북특별자치도,무주군,,,,,,,,,,,,,,,,,,,,,,,,,,,,,,,,,,,,,,,,,,,,,,,,,2026-05-23 19:35:48,무주군보건의료원,UNKNOWN,UNKNOWN,UNKNOWN,UNKNOWN,UNKNOWN,UNKNOWN,UNKNOWN,UNKNOWN,UNKNOWN,UNKNOWN,UNKNOWN,UNKNOWN,UNKNOWN,UNKNOWN,UNKNOWN,UNKNOWN,UNKNOWN,UNKNOWN,UNKNOWN,UNKNOWN,Y,UNKNOWN,UNKNOWN,UNKNOWN,UNKNOWN,UNKNOWN,UNKNOWN,UNKNOWN,,,,,전북특별자치도,무주군,,2026-05-23 19:35:48
A2500004,A2500004,전북특별자치도남원의료원,전북특별자치도 남원시 충정로 365 (고죽동),전북특별자치도,남원시,G006,지역응급의료센터,063-620-1114,063-620-1119,35.43189945917936,127.40719103150715,전북특별자치도남원의료원,063-620-1119,,Y,,,,,1.0,,2.0,,,Y,Y,,Y,N1,N1,Y,16.0,N1,111.0,N1,20260523193501,Y,Y,,3.0,N1,17.0,,1.0,2.0,,,,,,3.0,3.0,2.0,1.0,,10.0,,1.0,,,,,238.0,,,Y,N1,A2500004,1.0,,2.0,9.0,1.0,,,,,,전북특별자치도,남원시,,,,,,,,,,,,,,,,,,,,,,,,,,,,,,,,,,,,,,,,,,,,,,,,,2026-05-23 19:35:48,전북특별자치도남원의료원,UNKNOWN,UNKNOWN,UNKNOWN,UNKNOWN,UNKNOWN,UNKNOWN,UNKNOWN,Y,Y,UNKNOWN,UNKNOWN,UNKNOWN,UNKNOWN,UNKNOWN,UNKNOWN,UNKNOWN,UNKNOWN,UNKNOWN,UNKNOWN,UNKNOWN,Y,UNKNOWN,UNKNOWN,UNKNOWN,UNKNOWN,Y,UNKNOWN,Y,,,,,전북특별자치도,남원시,,2026-05-23 19:35:48
A2500038,A2500038,김제우석병원,전북특별자치도 김제시 서암4길 45 (서암동),전북특별자치도,김제시,G007,지역응급의료기관,063-540-5114,063-540-5119,35.80673935689978,126.8796995613974,김제우석병원,063-540-5119,,,,,,,,,1.0,,,,Y,,Y,N1,N1,Y,9.0,N1,80.0,N1,20260523193332,N1,Y,,2.0,N1,10.0,,,1.0,,,,,,2.0,,1.0,1.0,,1.0,,,,,,,200.0,,,Y,N1,A2500038,,,,,,,,,,,전북특별자치도,김제시,,,,,,,,,,,,,,,,,,,,,,,,,,,,,,,,,,,,,,,,,,,,,,,,,2026-05-23 19:35:48,김제우석병원,UNKNOWN,UNKNOWN,UNKNOWN,UNKNOWN,UNKNOWN,UNKNOWN,UNKNOWN,UNKNOWN,UNKNOWN,UNKNOWN,UNKNOWN,UNKNOWN,UNKNOWN,UNKNOWN,UNKNOWN,UNKNOWN,UNKNOWN,UNKNOWN,UNKNOWN,UNKNOWN,Y,UNKNOWN,UNKNOWN,UNKNOWN,UNKNOWN,UNKNOWN,UNKNOWN,UNKNOWN,,,,,전북특별자치도,김제시,,2026-05-23 19:35:48
A2500012,A2500012,의료법인오성의료재단동군산병원,전북특별자치도 군산시 조촌로 149 (조촌동),전북특별자치도,군산시,G006,지역응급의료센터,063-440-0570,063-440-0516,35.97740074466571,126.73719225835914,의료법인오성의료재단동군산병원,063-440-0516,,,,,,,1.0,,5.0,,,,Y,Y,Y,Y,Y,Y,10.0,N1,50.0,N1,20260523193521,N1,Y,,6.0,N1,17.0,,1.0,5.0,,,,,,6.0,,2.0,2.0,2.0,13.0,,,2.0,,,,265.0,,,Y,N1,A2500012,,,7.0,26.0,,,0.0,,,0.0,전북특별자치도,군산시,,,,,,,,,,,,,,,,,,,,,,,,,,,,,,,,,,,,,,,,,,,,,,,,,2026-05-23 19:35:48,의료법인오성의료재단동군산병원,Y,UNKNOWN,Y,UNKNOWN,UNKNOWN,UNKNOWN,UNKNOWN,UNKNOWN,UNKNOWN,UNKNOWN,UNKNOWN,N,UNKNOWN,UNKNOWN,UNKNOWN,Y,UNKNOWN,UNKNOWN,UNKNOWN,UNKNOWN,Y,N,N,UNKNOWN,UNKNOWN,Y,Y,Y,,,,,전북특별자치도,군산시,,2026-05-23 19:35:48
A2500007,A2500007,전북특별자치도군산의료원,"전북특별자치도 군산시 의료원로 27 (지곡동,(지곡동, 군산의료원))",전북특별자치도,군산시,G006,지역응급의료센터,063-472-5000,063-472-5130,35.95497072788432,126.71189936455204,전북특별자치도군산의료원,063-472-5130,,Y,,,,,1.0,,2.0,,,Y,Y,,Y,N1,N1,Y,4.0,N1,112.0,N1,20260523193301,Y,Y,,6.0,N1,17.0,,1.0,2.0,,,,,,6.0,1.0,1.0,1.0,,18.0,,2.0,,,,,292.0,,,Y,N1,A2500007,1.0,,11.0,20.0,2.0,,,,,,전북특별자치도,군산시,,,,,,,,,,,,,,,,,,,,,,,,,,,,,,,,,,,,,,,,,,,,,,,,,2026-05-23 19:35:48,전북특별자치도군산의료원,UNKNOWN,UNKNOWN,UNKNOWN,UNKNOWN,UNKNOWN,UNKNOWN,UNKNOWN,UNKNOWN,UNKNOWN,UNKNOWN,UNKNOWN,UNKNOWN,Y,UNKNOWN,UNKNOWN,UNKNOWN,UNKNOWN,UNKNOWN,UNKNOWN,UNKNOWN,Y,UNKNOWN,Y,UNKNOWN,UNKNOWN,Y,UNKNOWN,Y,,,,,전북특별자치도,군산시,,2026-05-23 19:35:48
A2500009,A2500009,의료법인석천재단고창병원,전북특별자치도 고창군 고창읍 화신1길 9,전북특별자치도,고창군,G007,지역응급의료기관,063-560-5600,063-560-5558,35.43645131091079,126.69331814963527,의료법인석천재단고창병원,063-560-5558,,,,,,,,,1.0,,,,Y,,Y,N1,N1,Y,7.0,N1,3.0,N1,20260523193504,N1,Y,,2.0,N1,10.0,,,1.0,,,,,,2.0,,1.0,1.0,,4.0,,,,,,,258.0,,,Y,N1,A2500009,,,,,,,,,,,전북특별자치도,고창군,,,,,,,,,,,,,,,,,,,,,,,,,,,,,,,,,,,,,,,,,,,,,,,,,2026-05-23 19:35:48,의료법인석천재단고창병원,UNKNOWN,UNKNOWN,UNKNOWN,UNKNOWN,UNKNOWN,UNKNOWN,Y,Y,Y,Y,UNKNOWN,UNKNOWN,UNKNOWN,UNKNOWN,UNKNOWN,UNKNOWN,UNKNOWN,UNKNOWN,UNKNOWN,UNKNOWN,Y,UNKNOWN,UNKNOWN,UNKNOWN,UNKNOWN,UNKNOWN,UNKNOWN,UNKNOWN,,,,,전북특별자치도,고창군,,2026-05-23 19:35:48
A2600048,A2600048,화순고려병원,전라남도 화순군 화순읍 충의로 109,전라남도,화순군,G009,응급실운영신고기관,061-370-3700,061-370-3778,35.05595373646754,126.98963562835073,,,,,,,,,,,,,,,,,,,,,,,,,,,,,,,,,,,,,,,,,,,,,,,,,,,,,,,,,,,,,,,,,,,,,,,,,,,,,,,,,,,,,,,,,,,,,,,,,,,,,,,,,,,,,,,,,,,,,,,,,,,,,,,,,,,,,,,,,,,,,,,,,,,,,,,,,,,
A2600001,A2600001,화순전남대학교병원,전라남도 화순군 화순읍 서양로 322,전라남도,화순군,G006,지역응급의료센터,061-379-7120,061-379-8882,35.0586707410237,127.002108292339,화순전남대학교병원,061-379-8882,,Y,,,7.0,1.0,,10.0,2.0,,,,Y,Y,Y,Y,Y,Y,13.0,Y,146.0,N1,20260523193500,Y,Y,1.0,12.0,N1,16.0,1.0,,2.0,,10.0,12.0,1.0,,12.0,,5.0,4.0,2.0,31.0,,1.0,7.0,1.0,,,548.0,,,Y,N1,A2600001,2.0,,,,2.0,,,5.0,5.0,,전라남도,화순군,,,,,,,,,,,,,,,,,,,,,1.0,4.0,,,1.0,4.0,,,,,,,,,,,,,,,,,,,,,,,2026-05-23 19:35:48,화순전남대학교병원,UNKNOWN,UNKNOWN,Y,UNKNOWN,UNKNOWN,UNKNOWN,UNKNOWN,UNKNOWN,UNKNOWN,UNKNOWN,UNKNOWN,UNKNOWN,UNKNOWN,UNKNOWN,UNKNOWN,Y,UNKNOWN,UNKNOWN,Y,Y,Y,UNKNOWN,UNKNOWN,UNKNOWN,UNKNOWN,UNKNOWN,Y,Y,,,,,전라남도,화순군,,2026-05-23 19:35:48
A2600043,A2600043,화순성심병원,전라남도 화순군 화순읍 만연로 31,전라남도,화순군,G009,응급실운영신고기관,061-370-9114,061-370-9118,35.05844089636795,126.98987847235264,,,,,,,,,,,,,,,,,,,,,,,,,,,,,,,,,,,,,,,,,,,,,,,,,,,,,,,,,,,,,,,,,,,,,,,,,,,,,,,,,,,,,,,,,,,,,,,,,,,,,,,,,,,,,,,,,,,,,,,,,,,,,,,,,,,,,,,,,,,,,,,,,,,,,,,,,,,
A2600009,A2600009,의료법인행촌의료재단해남종합병원,전라남도 해남군 해남읍 해남로 45,전라남도,해남군,G007,지역응급의료기관,061-536-4116,061-530-0119,34.571547222222215,126.61268333333332,의료법인행촌의료재단해남종합병원,061-530-0119,,,,,,,,,1.0,,,Y,Y,,Y,N1,N1,Y,7.0,N1,147.0,N1,20260523193501,N1,Y,,3.0,N1,10.0,,,1.0,,,,,,3.0,1.0,1.0,1.0,,1.0,,,,,,,351.0,,,Y,N1,A2600009,,,2.0,18.0,,,18.0,,,18.0,전라남도,해남군,,,,,,,,,,,,,,,,,,,,,,,,,,,,,,,,,,,,,,,,,,,,,,,,,2026-05-23 19:35:48,의료법인행촌의료재단해남종합병원,UNKNOWN,UNKNOWN,UNKNOWN,UNKNOWN,UNKNOWN,UNKNOWN,UNKNOWN,Y,Y,UNKNOWN,UNKNOWN,UNKNOWN,UNKNOWN,UNKNOWN,Y,UNKNOWN,UNKNOWN,UNKNOWN,UNKNOWN,UNKNOWN,Y,UNKNOWN,UNKNOWN,UNKNOWN,UNKNOWN,UNKNOWN,UNKNOWN,UNKNOWN,,,,,전라남도,해남군,,2026-05-23 19:35:48
A2600077,A2600077,해남우리종합병원,전라남도 해남군 옥천면 해남로 597,전라남도,해남군,G007,지역응급의료기관,061530-7000,061-530-7119,34.58423738321411,126.64658297551144,해남우리종합병원,061-530-7119,,,,,,,,,4.0,,,,Y,,Y,N1,N1,Y,11.0,N1,75.0,N1,20260523193431,N1,Y,,2.0,N1,15.0,,,4.0,,,,,,2.0,,2.0,1.0,,9.0,,,,,,,342.0,,,Y,N1,A2600077,2.0,60.0,6.0,23.0,2.0,60.0,5.0,,,24.0,전라남도,해남군,,,,,,,,,,,,,,,,,,,,,,,,,,,,,,,,,,,,,,,,,,,,,,,,,2026-05-23 19:35:48,해남우리종합병원,UNKNOWN,UNKNOWN,UNKNOWN,UNKNOWN,UNKNOWN,UNKNOWN,UNKNOWN,UNKNOWN,UNKNOWN,UNKNOWN,UNKNOWN,Y,UNKNOWN,UNKNOWN,Y,UNKNOWN,UNKNOWN,UNKNOWN,UNKNOWN,UNKNOWN,Y,UNKNOWN,UNKNOWN,UNKNOWN,UNKNOWN,UNKNOWN,UNKNOWN,UNKNOWN,,,,,전라남도,해남군,,2026-05-23 19:35:48
A2600090,A2600090,의료법인인성의료재단함평성심병원,"전라남도 함평군 함평읍 영수길 132, 함평성심병원",전라남도,함평군,G009,응급실운영신고기관,061-624-0001,061-324-0072,35.061886111111114,126.51980555555556,,,,,,,,,,,,,,,,,,,,,,,,,,,,,,,,,,,,,,,,,,,,,,,,,,,,,,,,,,,,,,,,,,,,,,,,,,,,,,,,,,,,,,,,,,,,,,,,,,,,,,,,,,,,,,,,,,,,,,,,,,,,,,,,,,,,,,,,,,,,,,,,,,,,,,,,,,,
A2600040,A2600040,진도한국병원,전라남도 진도군 진도읍 남문길 48,전라남도,진도군,G007,지역응급의료기관,061-544-2051,061-544-2310,34.482432541575456,126.26412429142384,진도한국병원,061-544-2310,,,,,,,,,1.0,,,,,,Y,N1,N1,N1,4.0,N1,28.0,N1,20260523193419,N1,N1,,,N1,4.0,,,1.0,,,,,,,,,,,,,,,,,,40.0,,,N1,N1,A2600040,,,,,,,,,,,전라남도,진도군,,,,,,,,,,,,,,,,,,,,,,,,,,,,,,,,,,,,,,,,,,,,,,,,,2026-05-23 19:35:48,진도한국병원,UNKNOWN,UNKNOWN,UNKNOWN,UNKNOWN,UNKNOWN,UNKNOWN,UNKNOWN,UNKNOWN,UNKNOWN,UNKNOWN,UNKNOWN,UNKNOWN,UNKNOWN,UNKNOWN,UNKNOWN,UNKNOWN,UNKNOWN,UNKNOWN,UNKNOWN,UNKNOWN,Y,UNKNOWN,UNKNOWN,UNKNOWN,UNKNOWN,UNKNOWN,UNKNOWN,UNKNOWN,,,,,전라남도,진도군,,2026-05-23 19:35:48
A2602088,A2602088,의료법인남우의료재단 진도전남병원,전라남도 진도군 진도읍 남문길 12-11 (진도전남병원),전라남도,진도군,G007,지역응급의료기관,061544-7933,061-544-7933,34.479273813,126.2651105783,,,,,,,,,,,,,,,,,,,,,,,,,,,,,,,,,,,,,,,,,,,,,,,,,,,,,,,,,,,,,,,,,,,,,,,,,,,,,,,,,,,,,,,,,,,,,,,,,,,,,,,,,,,,,,,,,,,,,,,,,,,,,,,,,,,,,,,,,,,,,,,,,,,,,,,,,,,
A2600037,A2600037,장흥우리병원,전라남도 장흥군 장흥읍 흥성로 83,전라남도,장흥군,G007,지역응급의료기관,061-862-6262,061-860-0119,34.67838230801459,126.91109914454888,장흥우리병원,061-860-0119,,,,,,,,,1.0,,,,Y,,Y,N1,N1,Y,4.0,N1,63.0,N1,20260523192802,N1,Y,,2.0,N1,4.0,,,1.0,,,,,,2.0,,1.0,1.0,,1.0,,,,,,,140.0,,,Y,N1,A2600037,,,2.0,5.0,,,,,,,전라남도,장흥군,,,,,,,,,,,,,,,,,,,,,,,,,,,,,,,,,,,,,,,,,,,,,,,,,2026-05-23 19:35:48,장흥우리병원,UNKNOWN,UNKNOWN,UNKNOWN,UNKNOWN,UNKNOWN,UNKNOWN,UNKNOWN,UNKNOWN,UNKNOWN,UNKNOWN,UNKNOWN,UNKNOWN,UNKNOWN,UNKNOWN,UNKNOWN,UNKNOWN,UNKNOWN,UNKNOWN,UNKNOWN,UNKNOWN,Y,UNKNOWN,UNKNOWN,UNKNOWN,UNKNOWN,UNKNOWN,UNKNOWN,UNKNOWN,,,,,전라남도,장흥군,,2026-05-23 19:35:48
A2600021,A2600021,의료법인우범의료재단장흥종합병원,전라남도 장흥군 장흥읍 흥성로 74,전라남도,장흥군,G007,지역응급의료기관,061-862-8300,061-860-1119,34.67726071666993,126.91093606650924,의료법인우범의료재단장흥종합병원,061-860-1119,,,,,,,,,1.0,,,,Y,,Y,N1,N1,Y,7.0,N1,17.0,N1,20260523193528,N1,Y,,2.0,N1,9.0,,,1.0,,,,,,2.0,,1.0,1.0,,1.0,,,,,,,182.0,,,Y,N1,A2600021,,,,,,,,,,,전라남도,장흥군,,,,,,,,,,,,,,,,,,,,,,,,,,,,,,,,,,,,,,,,,,,,,,,,,2026-05-23 19:35:48,의료법인우범의료재단장흥종합병원,UNKNOWN,UNKNOWN,UNKNOWN,UNKNOWN,UNKNOWN,UNKNOWN,UNKNOWN,UNKNOWN,UNKNOWN,UNKNOWN,UNKNOWN,UNKNOWN,UNKNOWN,UNKNOWN,UNKNOWN,UNKNOWN,UNKNOWN,UNKNOWN,UNKNOWN,UNKNOWN,Y,UNKNOWN,UNKNOWN,UNKNOWN,UNKNOWN,UNKNOWN,UNKNOWN,UNKNOWN,,,,,전라남도,장흥군,,2026-05-23 19:35:48
A2600035,A2600035,의료법인행복나눔의료재단장성병원,전라남도 장성군 장성읍 역전로 171,전라남도,장성군,G007,지역응급의료기관,061-390-9000,061-390-9119,35.305871659607845,126.78361958777766,의료법인행복나눔의료재단장성병원,061-390-9119,,,,,,,,,1.0,,,,Y,,Y,N1,N1,Y,4.0,N1,41.0,N1,20260523193447,N1,N1,,,N1,4.0,,,1.0,,,,,,1.0,,1.0,,,,,,,,,,109.0,,,N1,N1,A2600035,,,,,,16.0,,,,,전라남도,장성군,,,,,,,,,,,,,,,,,,,,,,,,,,,,,,,,,,,,,,,,,,,,,,,,,2026-05-23 19:35:48,의료법인행복나눔의료재단장성병원,UNKNOWN,UNKNOWN,UNKNOWN,UNKNOWN,UNKNOWN,UNKNOWN,UNKNOWN,UNKNOWN,UNKNOWN,UNKNOWN,UNKNOWN,UNKNOWN,UNKNOWN,UNKNOWN,UNKNOWN,UNKNOWN,UNKNOWN,UNKNOWN,UNKNOWN,UNKNOWN,Y,UNKNOWN,UNKNOWN,UNKNOWN,UNKNOWN,UNKNOWN,UNKNOWN,UNKNOWN,,,,,전라남도,장성군,,2026-05-23 19:35:48
A2600032,A2600032,완도대성병원,전라남도 완도군 완도읍 청해진동로 63,전라남도,완도군,G007,지역응급의료기관,061-553-1234,061-554-9500,34.31716999454396,126.73556371420688,완도대성병원,061-554-9500,,,,,,,,,1.0,,,,Y,,Y,N1,N1,Y,3.0,N1,45.0,N1,20260523193506,N1,N1,,1.0,N1,5.0,,,1.0,,,,,,1.0,,1.0,,,1.0,,,,,,,98.0,,,Y,N1,A2600032,,,,,,,,,,,전라남도,완도군,,,,,,,,,,,,,,,,,,,,,,,,,,,,,,,,,,,,,,,,,,,,,,,,,2026-05-23 19:35:48,완도대성병원,UNKNOWN,UNKNOWN,UNKNOWN,UNKNOWN,UNKNOWN,UNKNOWN,UNKNOWN,Y,UNKNOWN,UNKNOWN,UNKNOWN,UNKNOWN,UNKNOWN,UNKNOWN,Y,UNKNOWN,UNKNOWN,UNKNOWN,UNKNOWN,UNKNOWN,Y,UNKNOWN,UNKNOWN,UNKNOWN,UNKNOWN,UNKNOWN,UNKNOWN,UNKNOWN,,,,,전라남도,완도군,,2026-05-23 19:35:48
E2600362,E2600362,완도군노화읍보건지소,"전라남도 완도군 노화읍 노화로 813, 노화보건지소",전라남도,완도군,G009,응급실운영신고기관,061-550-6800,,34.17730585378432,126.5709379204226,,,,,,,,,,,,,,,,,,,,,,,,,,,,,,,,,,,,,,,,,,,,,,,,,,,,,,,,,,,,,,,,,,,,,,,,,,,,,,,,,,,,,,,,,,,,,,,,,,,,,,,,,,,,,,,,,,,,,,,,,,,,,,,,,,,,,,,,,,,,,,,,,,,,,,,,,,,
A2600667,A2600667,금일마취통증의학과의원,"전라남도 완도군 금일읍 감목길 5, 금일마취통증의학과의원",전라남도,완도군,G009,응급실운영신고기관,061-553-3577,,34.349483798831656,127.0297611902535,,,,,,,,,,,,,,,,,,,,,,,,,,,,,,,,,,,,,,,,,,,,,,,,,,,,,,,,,,,,,,,,,,,,,,,,,,,,,,,,,,,,,,,,,,,,,,,,,,,,,,,,,,,,,,,,,,,,,,,,,,,,,,,,,,,,,,,,,,,,,,,,,,,,,,,,,,,
A2600070,A2600070,영암한국병원,전라남도 영암군 영암읍 오리정길 8,전라남도,영암군,G007,지역응급의료기관,061-470-7100,061-470-7118,34.794341315816496,126.70116990992956,영암한국병원,061-470-7118,,,,,,,,,0.0,,,,Y,,Y,N1,N1,Y,7.0,N1,30.0,N1,20260523193238,N1,N1,,2.0,N1,8.0,,,1.0,,,,,,2.0,,1.0,,,1.0,,,,,,,126.0,,,Y,N1,A2600070,,36.0,,,,172.0,,,,,전라남도,영암군,,,,,,,,,,,,,,,,,,,,,,,,,,,,,,,,,,,,,,,,,,,,,,,,,2026-05-23 19:35:48,영암한국병원,UNKNOWN,UNKNOWN,UNKNOWN,UNKNOWN,UNKNOWN,UNKNOWN,UNKNOWN,UNKNOWN,UNKNOWN,UNKNOWN,UNKNOWN,UNKNOWN,UNKNOWN,UNKNOWN,UNKNOWN,UNKNOWN,UNKNOWN,UNKNOWN,UNKNOWN,UNKNOWN,Y,UNKNOWN,UNKNOWN,UNKNOWN,UNKNOWN,UNKNOWN,UNKNOWN,UNKNOWN,,,,,전라남도,영암군,,2026-05-23 19:35:48
A2600015,A2600015,영광종합병원,"전라남도 영광군 영광읍 와룡로 3,",전라남도,영광군,G007,지역응급의료기관,061-350-8000,061-350-8129,35.2841836238628,126.498940298383,영광종합병원,061-350-8129,,Y,,,,,,,1.0,,,Y,Y,,Y,N1,N1,Y,6.0,N1,35.0,N1,20260523193449,Y,Y,,3.0,N1,10.0,,,1.0,,,,,,3.0,1.0,1.0,1.0,,4.0,,1.0,,,,,259.0,,,Y,N1,A2600015,,,1.0,7.0,,,,,,,전라남도,영광군,2.0,2.0,,,,,,,,,,,,,,,,,,,,,,,,,,,,,,,,,,,,,,,,,,,,,,,2026-05-23 19:35:48,영광종합병원,UNKNOWN,UNKNOWN,UNKNOWN,UNKNOWN,UNKNOWN,UNKNOWN,UNKNOWN,UNKNOWN,UNKNOWN,UNKNOWN,UNKNOWN,UNKNOWN,UNKNOWN,UNKNOWN,Y,UNKNOWN,UNKNOWN,UNKNOWN,UNKNOWN,UNKNOWN,Y,UNKNOWN,UNKNOWN,UNKNOWN,UNKNOWN,Y,UNKNOWN,UNKNOWN,,,,,전라남도,영광군,,2026-05-23 19:35:48
A2600034,A2600034,의료법인 거명의료재단 영광기독병원,전라남도 영광군 영광읍 신남로 265,전라남도,영광군,G007,지역응급의료기관,061-350-3000,061-350-3080,35.274959355007304,126.5108758767997,의료법인 거명의료재단 영광기독병원,061-350-3080,,,,,,,,,1.0,,,,Y,,Y,N1,N1,Y,2.0,N1,47.0,N1,20260523193211,N1,Y,,2.0,N1,10.0,,,1.0,,,,,,2.0,,1.0,1.0,,3.0,,,,,,,195.0,,,Y,N1,A2600034,,,1.0,11.0,,,,,,,전라남도,영광군,,,,,,,,,,,,,,,,,,,,,,,,,,,,,,,,,,,,,,,,,,,,,,,,,2026-05-23 19:35:48,의료법인 거명의료재단 영광기독병원,UNKNOWN,UNKNOWN,UNKNOWN,UNKNOWN,UNKNOWN,UNKNOWN,UNKNOWN,UNKNOWN,UNKNOWN,UNKNOWN,UNKNOWN,UNKNOWN,UNKNOWN,UNKNOWN,UNKNOWN,UNKNOWN,UNKNOWN,UNKNOWN,UNKNOWN,UNKNOWN,Y,UNKNOWN,UNKNOWN,UNKNOWN,UNKNOWN,UNKNOWN,UNKNOWN,UNKNOWN,,,,,전라남도,영광군,,2026-05-23 19:35:48
A2600010,A2600010,여수전남병원,"전라남도 여수시 좌수영로 49 (광무동, 전남병원)",전라남도,여수시,G007,지역응급의료기관,061-640-7575,061-640-7118,34.74501919502327,127.72808408876028,여수전남병원,061-640-7118,,,,,,,,,1.0,,,,Y,,Y,N1,Y,Y,5.0,N1,24.0,N1,20260523193424,N1,Y,,4.0,N1,10.0,,,1.0,,,,,,4.0,,2.0,1.0,,8.0,,,1.0,,,,272.0,,,Y,N1,A2600010,,,2.0,11.0,,,,,,,전라남도,여수시,,,,,,,,,,,,,,,,,,,,,,,,,,,,,,,,,,,,,,,,,,,,,,,,,2026-05-23 19:35:48,여수전남병원,UNKNOWN,Y,Y,UNKNOWN,UNKNOWN,UNKNOWN,UNKNOWN,UNKNOWN,UNKNOWN,Y,Y,UNKNOWN,UNKNOWN,UNKNOWN,Y,Y,UNKNOWN,UNKNOWN,UNKNOWN,UNKNOWN,Y,UNKNOWN,Y,UNKNOWN,UNKNOWN,Y,Y,Y,,,,,전라남도,여수시,,2026-05-23 19:35:48
A2601742,A2601742,여수한국병원,전라남도 여수시 여천체육공원길 10 (신기동),전라남도,여수시,G009,응급실운영신고기관,061653-2000,061-689-9119,34.761243178966986,127.67509537253795,,,,,,,,,,,,,,,,,,,,,,,,,,,,,,,,,,,,,,,,,,,,,,,,,,,,,,,,,,,,,,,,,,,,,,,,,,,,,,,,,,,,,,,,,,,,,,,,,,,,,,,,,,,,,,,,,,,,,,,,,,,,,,,,,,,,,,,,,,,,,,,,,,,,,,,,,,,
A2600027,A2600027,의료법인한마음의료재단여수제일병원,"전라남도 여수시 쌍봉로 70 (학동, (학동))",전라남도,여수시,G007,지역응급의료기관,061-689-8123,061-689-8119,34.766166666666656,127.66355833333331,의료법인한마음의료재단여수제일병원,061-689-8119,,Y,,,,,,,1.0,,,Y,Y,,Y,N1,Y,Y,2.0,Y,57.0,N1,20260523193440,Y,Y,,6.0,N1,9.0,,,1.0,,,,,,6.0,1.0,2.0,2.0,,5.0,,3.0,2.0,1.0,,,365.0,,,Y,N1,A2600027,1.0,,11.0,13.0,1.0,,,,,,전라남도,여수시,,,,,,,,,,,,,,,,,,,,,,,,,,,,,,,,,,,,,,,,,,,,,,,,,2026-05-23 19:35:48,의료법인한마음의료재단여수제일병원,UNKNOWN,UNKNOWN,Y,UNKNOWN,UNKNOWN,UNKNOWN,UNKNOWN,UNKNOWN,Y,Y,UNKNOWN,UNKNOWN,UNKNOWN,UNKNOWN,UNKNOWN,UNKNOWN,UNKNOWN,UNKNOWN,UNKNOWN,UNKNOWN,Y,UNKNOWN,Y,UNKNOWN,UNKNOWN,Y,Y,Y,,,,,전라남도,여수시,,2026-05-23 19:35:48
A2600014,A2600014,여천전남병원,"전라남도 여수시 무선로 95 (선원동, (선원동))",전라남도,여수시,G006,지역응급의료센터,061-690-6000,061-690-6118,34.76918041182927,127.65404273510528,여천전남병원,061-690-6118,,,,,,,1.0,,2.0,,,,Y,Y,Y,Y,Y,Y,15.0,N1,116.0,N1,20260523193201,N1,Y,,5.0,N1,17.0,,1.0,2.0,,,,,,5.0,,2.0,2.0,1.0,6.0,,,1.0,,,,299.0,,,Y,N1,A2600014,,,3.0,14.0,,,,,,,전라남도,여수시,,,,,,,,,,,,,,,,,,,,,,,,,,,,,,,,,,,,,,,,,,,,,,,,,2026-05-23 19:35:48,여천전남병원,N,Y,Y,UNKNOWN,UNKNOWN,UNKNOWN,UNKNOWN,UNKNOWN,UNKNOWN,Y,Y,UNKNOWN,Y,Y,Y,Y,UNKNOWN,UNKNOWN,UNKNOWN,UNKNOWN,Y,UNKNOWN,Y,UNKNOWN,UNKNOWN,Y,Y,Y,,,,,전라남도,여수시,,2026-05-23 19:35:48
A2600051,A2600051,의료법인신안대우병원,전라남도 신안군 비금면 송치길 155-11,전라남도,신안군,G007,지역응급의료기관,061-262-3301,061-262-3309,34.722263099542104,125.93256566497465,의료법인신안대우병원,061-262-3309,,,,,,,,,1.0,,,,Y,,Y,N1,N1,Y,4.0,N1,28.0,N1,20260523193237,N1,N1,,,N1,4.0,,,1.0,,,,,,,,1.0,,,1.0,,,,,,,30.0,,,Y,N1,A2600051,,,,,,,,,,,전라남도,신안군,,,,,,,,,,,,,,,,,,,,,,,,,,,,,,,,,,,,,,,,,,,,,,,,,2026-05-23 19:35:48,의료법인신안대우병원,UNKNOWN,UNKNOWN,UNKNOWN,UNKNOWN,UNKNOWN,UNKNOWN,UNKNOWN,UNKNOWN,UNKNOWN,UNKNOWN,UNKNOWN,UNKNOWN,UNKNOWN,UNKNOWN,UNKNOWN,UNKNOWN,UNKNOWN,UNKNOWN,UNKNOWN,UNKNOWN,Y,UNKNOWN,UNKNOWN,UNKNOWN,UNKNOWN,UNKNOWN,UNKNOWN,UNKNOWN,,,,,전라남도,신안군,,2026-05-23 19:35:48
A2600012,A2600012,근로복지공단순천병원,전라남도 순천시 조례1길 24 (조례동),전라남도,순천시,G009,응급실운영신고기관,061-720-7575,,34.960325022571,127.524525911996,,,,,,,,,,,,,,,,,,,,,,,,,,,,,,,,,,,,,,,,,,,,,,,,,,,,,,,,,,,,,,,,,,,,,,,,,,,,,,,,,,,,,,,,,,,,,,,,,,,,,,,,,,,,,,,,,,,,,,,,,,,,,,,,,,,,,,,,,,,,,,,,,,,,,,,,,,,
A2600004,A2600004,순천중앙병원,전라남도 순천시 장명로 5 (장천동),전라남도,순천시,G007,지역응급의료기관,061-743-9021,061-749-5119,34.95165645129011,127.4844113418781,순천중앙병원,061-749-5119,,,,,,,,,1.0,,,,Y,,Y,N1,N1,Y,3.0,N1,46.0,N1,20260523193346,N1,Y,,2.0,N1,5.0,,,1.0,,,,,,2.0,,1.0,1.0,,1.0,,,,,,,200.0,,,Y,N1,A2600004,,,,,,,,,,,전라남도,순천시,,,,,,,,,,,,,,,,,,,,,,,,,,,,,,,,,,,,,,,,,,,,,,,,,2026-05-23 19:35:48,,,,,,,,,,,,,,,,,,,,,,,,,,,,,,,,,,,,,
A2600005,A2600005,의료법인한국의료재단한국병원,전라남도 순천시 우명길 42 (연향동),전라남도,순천시,G007,지역응급의료기관,061-740-5000,061-740-5119,34.947741459842966,127.51235838977138,의료법인한국의료재단한국병원,061-740-5119,,,,,,,,,1.0,,,,Y,,Y,N1,N1,Y,6.0,N1,69.0,N1,20260523193533,N1,Y,,3.0,N1,11.0,,,1.0,,,,,,3.0,,1.0,1.0,,4.0,,,,,,,229.0,,,Y,N1,A2600005,,,3.0,9.0,,,,,,,전라남도,순천시,,,,,,,,,,,,,,,,,,,,,,,,,,,,,,,,,,,,,,,,,,,,,,,,,2026-05-23 19:35:48,의료법인한국의료재단한국병원,UNKNOWN,UNKNOWN,Y,UNKNOWN,UNKNOWN,UNKNOWN,UNKNOWN,UNKNOWN,UNKNOWN,UNKNOWN,UNKNOWN,UNKNOWN,UNKNOWN,UNKNOWN,Y,UNKNOWN,UNKNOWN,UNKNOWN,UNKNOWN,UNKNOWN,Y,UNKNOWN,Y,UNKNOWN,UNKNOWN,Y,Y,Y,,,,,전라남도,순천시,,2026-05-23 19:35:48
A2600019,A2600019,성가롤로병원,전라남도 순천시 순광로 221 (조례동),전라남도,순천시,G001,권역응급의료센터,061-720-2000,061-720-6119,34.9634252378637,127.542308899549,성가롤로병원,061-720-6119,N,Y,,0.0,0.0,3.0,2.0,1.0,3.0,0.0,17.0,Y,Y,Y,Y,Y,Y,Y,2.0,Y,160.0,Y,20260523193356,Y,Y,,9.0,Y,18.0,4.0,2.0,3.0,25.0,7.0,11.0,,30.0,9.0,1.0,4.0,4.0,4.0,27.0,1.0,3.0,8.0,1.0,2.0,3.0,481.0,,4.0,Y,N,A2600019,0.0,,,,1.0,,,7.0,31.0,,전라남도,순천시,,,,,,,,,,,,,,,,,,,,,,,,,,,,0.0,,8.0,,,,,,,,,,,,,,,,,,,2026-05-23 19:35:48,성가롤로병원,Y,Y,Y,Y,Y,UNKNOWN,UNKNOWN,UNKNOWN,Y,Y,UNKNOWN,Y,UNKNOWN,UNKNOWN,Y,Y,UNKNOWN,UNKNOWN,Y,Y,Y,Y,Y,Y,Y,Y,Y,Y,,,,,전라남도,순천시,,2026-05-23 19:35:48
A2600056,A2600056,전라남도순천의료원,전라남도 순천시 서문성터길 2 (매곡동),전라남도,순천시,G007,지역응급의료기관,061-759-9114,061-759-9119,34.95798908690572,127.48303613267494,전라남도순천의료원,061-759-9119,,,,,,,1.0,,1.0,,,,Y,,Y,N1,N1,Y,3.0,N1,34.0,N1,20260523193502,N1,Y,,3.0,N1,6.0,,1.0,1.0,,,,,,3.0,,1.0,1.0,,13.0,,,,,,,164.0,,,Y,N1,A2600056,,15.0,2.0,7.0,,80.0,,11.0,15.0,,전라남도,순천시,,,,,,,,,,,,,,,,,,,,,,,,,,,,,,,,,,,,,,,,,,,,,,,,,2026-05-23 19:35:48,전라남도순천의료원,UNKNOWN,UNKNOWN,UNKNOWN,UNKNOWN,UNKNOWN,UNKNOWN,UNKNOWN,UNKNOWN,UNKNOWN,UNKNOWN,UNKNOWN,UNKNOWN,UNKNOWN,UNKNOWN,UNKNOWN,UNKNOWN,Y,UNKNOWN,UNKNOWN,UNKNOWN,Y,UNKNOWN,UNKNOWN,UNKNOWN,UNKNOWN,N,UNKNOWN,N,,,,,전라남도,순천시,,2026-05-23 19:35:48
A2600008,A2600008,순천제일병원,전라남도 순천시 기적의도서관1길 3 (조례동),전라남도,순천시,G007,지역응급의료기관,061-720-3413,061-720-3800,34.95422459893048,127.52385648056844,순천제일병원,061-720-3800,,,,,,,,,1.0,,,,Y,,Y,N1,N1,Y,9.0,N1,0.0,N1,20260523193336,N1,Y,,2.0,N1,9.0,,,1.0,,,,,,2.0,,1.0,1.0,,1.0,,,,,,,200.0,,,Y,N1,A2600008,,,,,,,,,,,전라남도,순천시,,,,,,,,,,,,,,,,,,,,,,,,,,,,,,,,,,,,,,,,,,,,,,,,,2026-05-23 19:35:48,순천제일병원,UNKNOWN,UNKNOWN,UNKNOWN,UNKNOWN,UNKNOWN,UNKNOWN,UNKNOWN,UNKNOWN,UNKNOWN,UNKNOWN,UNKNOWN,UNKNOWN,UNKNOWN,UNKNOWN,UNKNOWN,UNKNOWN,UNKNOWN,UNKNOWN,UNKNOWN,UNKNOWN,Y,UNKNOWN,UNKNOWN,UNKNOWN,UNKNOWN,UNKNOWN,UNKNOWN,UNKNOWN,,,,,전라남도,순천시,,2026-05-23 19:35:48
A2600066,A2600066,의료법인삼호의료재단벌교삼호병원,전라남도 보성군 벌교읍 남하로 12,전라남도,보성군,G007,지역응급의료기관,061-859-5000,061-859-5119,34.833846754024535,127.34573228719375,의료법인삼호의료재단벌교삼호병원,061-859-5119,,,,,,,,,1.0,,,,Y,,Y,N1,N1,Y,6.0,N1,32.0,N1,20260523192644,N1,N1,,1.0,N1,6.0,,,1.0,,,,,,1.0,,1.0,,,1.0,,,,,,,80.0,,,Y,N1,A2600066,,75.0,,,,261.0,,,,,전라남도,보성군,,,,,,,,,,,,,,,,,,,,,,,,,,,,,,,,,,,,,,,,,,,,,,,,,2026-05-23 19:35:48,의료법인삼호의료재단벌교삼호병원,UNKNOWN,UNKNOWN,UNKNOWN,UNKNOWN,UNKNOWN,UNKNOWN,UNKNOWN,UNKNOWN,UNKNOWN,UNKNOWN,UNKNOWN,UNKNOWN,UNKNOWN,UNKNOWN,UNKNOWN,UNKNOWN,UNKNOWN,UNKNOWN,UNKNOWN,UNKNOWN,Y,UNKNOWN,UNKNOWN,UNKNOWN,UNKNOWN,UNKNOWN,UNKNOWN,UNKNOWN,,,,,전라남도,보성군,,2026-05-23 19:35:48
A2600052,A2600052,보성아산병원,전라남도 보성군 미력면 가평길 36-17,전라남도,보성군,G007,지역응급의료기관,061-850-3410,061-850-3119,34.775470518786,127.104284083365,보성아산병원,061-850-3119,,,,,,,,,1.0,,,,Y,,Y,N1,N1,Y,6.0,N1,45.0,N1,20260523193001,N1,N1,,2.0,N1,8.0,,,1.0,,,,,,2.0,,1.0,,,2.0,,,,,,,100.0,,,Y,N1,A2600052,,,,,,,,,,,전라남도,보성군,,,,,,,,,,,,,,,,,,,,,,,,,,,,,,,,,,,,,,,,,,,,,,,,,2026-05-23 19:35:48,보성아산병원,UNKNOWN,UNKNOWN,UNKNOWN,UNKNOWN,UNKNOWN,UNKNOWN,UNKNOWN,UNKNOWN,UNKNOWN,UNKNOWN,UNKNOWN,UNKNOWN,UNKNOWN,UNKNOWN,UNKNOWN,UNKNOWN,UNKNOWN,UNKNOWN,UNKNOWN,UNKNOWN,Y,UNKNOWN,UNKNOWN,UNKNOWN,UNKNOWN,UNKNOWN,UNKNOWN,UNKNOWN,,,,,전라남도,보성군,,2026-05-23 19:35:48
A2600003,A2600003,대송의료재단무안병원,전라남도 무안군 무안읍 몽탄로 65,전라남도,무안군,G007,지역응급의료기관,061-450-3000,061-450-3119,34.99175918279295,126.48926066040336,대송의료재단무안병원,061-450-3119,,,,,,,,,1.0,,,,Y,,Y,N1,Y,Y,4.0,N1,75.0,N1,20260523193453,N1,Y,,2.0,N1,4.0,,,1.0,,,,,,2.0,,1.0,1.0,,1.0,,,1.0,,,,171.0,,,Y,N1,A2600003,,15.0,6.0,13.0,,105.0,,,,,전라남도,무안군,,,,,,,,,,,,,,,,,,,,,,,,,,,,,,,,,,,,,,,,,,,,,,,,,2026-05-23 19:35:48,대송의료재단무안병원,UNKNOWN,UNKNOWN,UNKNOWN,UNKNOWN,UNKNOWN,UNKNOWN,UNKNOWN,UNKNOWN,UNKNOWN,UNKNOWN,UNKNOWN,UNKNOWN,UNKNOWN,UNKNOWN,Y,Y,Y,UNKNOWN,UNKNOWN,UNKNOWN,Y,UNKNOWN,UNKNOWN,UNKNOWN,UNKNOWN,UNKNOWN,UNKNOWN,UNKNOWN,,,,,전라남도,무안군,,2026-05-23 19:35:48
A2600022,A2600022,목포시의료원,"전라남도 목포시 이로로 18 (용해동, (용해동))",전라남도,목포시,G007,지역응급의료기관,061-260-6500,061-260-6400,34.80395500792446,126.40538707879496,목포시의료원,061-260-6400,,,,,,,,,1.0,,,,Y,,Y,N1,N1,Y,7.0,N1,46.0,N1,20260523193001,N1,Y,,3.0,N1,9.0,,,1.0,,,,,,3.0,,1.0,1.0,,1.0,,,,,,,254.0,,,Y,N1,A2600022,,9.0,,,,45.0,,,,,전라남도,목포시,,,,,,,,,,,,,,,,,,,,,,,,,,,,,,,,,,,,,,,,,,,,,,,,,2026-05-23 19:35:48,목포시의료원,UNKNOWN,UNKNOWN,UNKNOWN,UNKNOWN,UNKNOWN,UNKNOWN,UNKNOWN,UNKNOWN,UNKNOWN,UNKNOWN,UNKNOWN,UNKNOWN,UNKNOWN,UNKNOWN,UNKNOWN,UNKNOWN,UNKNOWN,UNKNOWN,UNKNOWN,UNKNOWN,Y,UNKNOWN,UNKNOWN,UNKNOWN,UNKNOWN,UNKNOWN,UNKNOWN,UNKNOWN,,,,,전라남도,목포시,,2026-05-23 19:35:48
A2600017,A2600017,의료법인목포구암의료재단목포중앙병원,전라남도 목포시 영산로 627 (석현동),전라남도,목포시,G006,지역응급의료센터,061-280-3000,061-280-3119,34.8208073192579,126.421380872161,의료법인목포구암의료재단목포중앙병원,061-280-3119,,,,,,,2.0,,2.0,,,,Y,Y,Y,Y,Y,Y,-1.0,N1,91.0,Y,20260523193422,N1,Y,,4.0,N1,16.0,,2.0,2.0,,,,,,4.0,,2.0,1.0,2.0,10.0,,,1.0,,1.0,,275.0,,,Y,N1,A2600017,2.0,0.0,8.0,16.0,2.0,49.0,,,,,전라남도,목포시,,,,,,,,,,,,,,,,,,,,,,,,,,,,,,,,,,,,,,,,,,,,,,,,,2026-05-23 19:35:48,의료법인목포구암의료재단목포중앙병원,UNKNOWN,UNKNOWN,Y,UNKNOWN,UNKNOWN,UNKNOWN,UNKNOWN,UNKNOWN,UNKNOWN,Y,UNKNOWN,Y,UNKNOWN,UNKNOWN,Y,UNKNOWN,Y,UNKNOWN,UNKNOWN,UNKNOWN,Y,Y,Y,UNKNOWN,UNKNOWN,Y,UNKNOWN,Y,,,,,전라남도,목포시,,2026-05-23 19:35:48
A2600011,A2600011,목포한국병원,전라남도 목포시 영산로 483 (상동),전라남도,목포시,G001,권역응급의료센터,061-270-5500,061-270-5666,34.8092145829474,126.4163391650001,목포한국병원,061-270-5666,Y,Y,,0.0,,3.0,2.0,,3.0,2.0,4.0,Y,Y,Y,Y,Y,Y,Y,9.0,Y,97.0,Y,20260523193131,Y,Y,,6.0,Y,16.0,3.0,2.0,3.0,20.0,,,,42.0,6.0,1.0,4.0,2.0,3.0,47.0,1.0,1.0,14.0,2.0,3.0,1.0,418.0,,1.0,Y,Y,A2600011,0.0,,11.0,27.0,1.0,,,1.0,2.0,,전라남도,목포시,,,,,4.0,2.0,,2.0,3.0,6.0,,20.0,40.0,2.0,,,2.0,6.0,,,,,,,,,,,,,,,,,,,,,,,,,,,,,,,2026-05-23 19:35:48,목포한국병원,Y,Y,Y,Y,UNKNOWN,UNKNOWN,UNKNOWN,UNKNOWN,UNKNOWN,UNKNOWN,UNKNOWN,UNKNOWN,UNKNOWN,UNKNOWN,Y,Y,UNKNOWN,UNKNOWN,Y,Y,Y,UNKNOWN,Y,UNKNOWN,UNKNOWN,Y,Y,Y,,,,,전라남도,목포시,,2026-05-23 19:35:48
A2600020,A2600020,목포기독병원,전라남도 목포시 백년대로 303 (상동),전라남도,목포시,G007,지역응급의료기관,061-280-7500,061-280-7119,34.80450726279005,126.4204245807054,목포기독병원,061-280-7119,,,,,,,,,1.0,,,,Y,,Y,N1,Y,Y,7.0,N1,66.0,N1,20260523193445,N1,Y,,4.0,N1,17.0,,,1.0,,,,,,4.0,,1.0,2.0,,9.0,,,1.0,,,,340.0,,,Y,N1,A2600020,2.0,,3.0,14.0,3.0,,,,,,전라남도,목포시,2.0,2.0,,,,,,,,,,,,,,,,,,,,,,,,,,,,,,,,,,,,,,,,,,,,,,,2026-05-23 19:35:48,목포기독병원,UNKNOWN,UNKNOWN,N,N,UNKNOWN,UNKNOWN,UNKNOWN,UNKNOWN,UNKNOWN,Y,Y,UNKNOWN,UNKNOWN,UNKNOWN,N,N,UNKNOWN,UNKNOWN,UNKNOWN,UNKNOWN,Y,UNKNOWN,Y,UNKNOWN,UNKNOWN,Y,UNKNOWN,UNKNOWN,,,,,전라남도,목포시,,2026-05-23 19:35:48
A2600007,A2600007,의료법인해민의료재단 세안종합병원,전라남도 목포시 고하대로 795-2 (연산동),전라남도,목포시,G007,지역응급의료기관,061-260-6700,061-260-6666,34.817030098221025,126.380339415525,의료법인해민의료재단 세안종합병원,061-260-6666,,,,,,,,,2.0,,,,Y,,Y,N1,Y,Y,7.0,N1,58.0,N1,20260523193456,N1,Y,,2.0,N1,7.0,,,2.0,,,,,,2.0,,1.0,1.0,,7.0,,,1.0,,,,149.0,,,Y,N1,A2600007,1.0,29.0,2.0,17.0,2.0,208.0,,,,,전라남도,목포시,,,,,,,,,,,,,,,,,,,,,,,,,,,,,,,,,,,,,,,,,,,,,,,,,2026-05-23 19:35:48,의료법인해민의료재단 세안종합병원,UNKNOWN,UNKNOWN,UNKNOWN,UNKNOWN,UNKNOWN,UNKNOWN,UNKNOWN,UNKNOWN,UNKNOWN,UNKNOWN,UNKNOWN,UNKNOWN,UNKNOWN,UNKNOWN,UNKNOWN,UNKNOWN,UNKNOWN,UNKNOWN,UNKNOWN,UNKNOWN,Y,UNKNOWN,UNKNOWN,UNKNOWN,UNKNOWN,UNKNOWN,UNKNOWN,UNKNOWN,,,,,전라남도,목포시,,2026-05-23 19:35:48
A2600054,A2600054,담양사랑병원,전라남도 담양군 담양읍 천변7길 19,전라남도,담양군,G007,지역응급의료기관,061-380-9000,061-380-9119,35.31524596036869,126.98263077003996,담양사랑병원,061-380-9119,,,,,,,,,2.0,,,,Y,,Y,N1,N1,Y,6.0,N1,34.0,N1,20260523193446,N1,N1,,2.0,N1,6.0,,,2.0,,,,,,2.0,,1.0,,,1.0,,,,,,,86.0,,,Y,N1,A2600054,,,,,,,,,,,전라남도,담양군,,,,,,,,,,,,,,,,,,,,,,,,,,,,,,,,,,,,,,,,,,,,,,,,,2026-05-23 19:35:48,담양사랑병원,UNKNOWN,UNKNOWN,UNKNOWN,UNKNOWN,UNKNOWN,UNKNOWN,UNKNOWN,UNKNOWN,UNKNOWN,UNKNOWN,UNKNOWN,UNKNOWN,UNKNOWN,UNKNOWN,UNKNOWN,UNKNOWN,UNKNOWN,UNKNOWN,UNKNOWN,UNKNOWN,Y,UNKNOWN,UNKNOWN,UNKNOWN,UNKNOWN,UNKNOWN,UNKNOWN,UNKNOWN,,,,,전라남도,담양군,,2026-05-23 19:35:48
A2602211,A2602211,빛가람종합병원,전라남도 나주시 정보화길 49-0 (빛가람동),전라남도,나주시,G007,지역응급의료기관,061-820-0820,061-820-0909,35.024204844204,126.798747430459,빛가람종합병원,061-820-0909,,,,,,,,,1.0,,,,Y,,Y,N1,N1,Y,4.0,N1,27.0,N1,20260523193338,N1,Y,,4.0,N1,9.0,,,1.0,,,,,,4.0,,1.0,1.0,,2.0,,,,,,,192.0,,,Y,N1,A2602211,,,,,,,,,,,전라남도,나주시,,,,,,,,,,,,,,,,,,,,,,,,,,,,,,,,,,,,,,,,,,,,,,,,,2026-05-23 19:35:48,빛가람종합병원,UNKNOWN,UNKNOWN,UNKNOWN,UNKNOWN,UNKNOWN,UNKNOWN,UNKNOWN,UNKNOWN,UNKNOWN,UNKNOWN,UNKNOWN,UNKNOWN,UNKNOWN,UNKNOWN,UNKNOWN,UNKNOWN,UNKNOWN,UNKNOWN,UNKNOWN,UNKNOWN,Y,UNKNOWN,UNKNOWN,UNKNOWN,UNKNOWN,UNKNOWN,UNKNOWN,UNKNOWN,,,,,전라남도,나주시,,2026-05-23 19:35:48
A2600016,A2600016,나주종합병원,전라남도 나주시 영산로 5419 (성북동),전라남도,나주시,G007,지역응급의료기관,061-330-6114,061-330-6112,35.03640277777778,126.72143611111112,나주종합병원,061-330-6112,,,,,,,,,,,,,Y,,Y,N1,N1,Y,4.0,N1,53.0,N1,20260523193430,N1,Y,,3.0,N1,10.0,,,,,,,,,3.0,,1.0,1.0,,2.0,,,,,,,178.0,,,Y,N1,A2600016,,,,,,,,,,,전라남도,나주시,,,,,,,,,,,,,,,,,,,,,,,,,,,,,,,,,,,,,,,,,,,,,,,,,2026-05-23 19:35:48,나주종합병원,UNKNOWN,UNKNOWN,UNKNOWN,UNKNOWN,UNKNOWN,UNKNOWN,UNKNOWN,UNKNOWN,UNKNOWN,UNKNOWN,UNKNOWN,UNKNOWN,UNKNOWN,UNKNOWN,UNKNOWN,UNKNOWN,UNKNOWN,UNKNOWN,UNKNOWN,UNKNOWN,Y,UNKNOWN,UNKNOWN,UNKNOWN,UNKNOWN,Y,UNKNOWN,Y,,,,,전라남도,나주시,,2026-05-23 19:35:48
A2600061,A2600061,구례병원,전라남도 구례군 구례읍 동편제길 4,전라남도,구례군,G007,지역응급의료기관,061780-3300,061-780-3200,35.215900947788214,127.46406009751604,구례병원,061-780-3200,,,,,,,,,0.0,,,,Y,,Y,N1,N1,Y,9.0,N1,30.0,N1,20260523193347,N1,N1,,1.0,N1,10.0,,,0.0,,,,,,1.0,,1.0,,,1.0,,,,,,,97.0,,,Y,N1,A2600061,,,,,,,,,,,전라남도,구례군,,,,,,,,,,,,,,,,,,,,,,,,,,,,,,,,,,,,,,,,,,,,,,,,,2026-05-23 19:35:48,구례병원,UNKNOWN,UNKNOWN,UNKNOWN,UNKNOWN,UNKNOWN,UNKNOWN,UNKNOWN,UNKNOWN,UNKNOWN,UNKNOWN,UNKNOWN,UNKNOWN,UNKNOWN,UNKNOWN,UNKNOWN,UNKNOWN,UNKNOWN,UNKNOWN,UNKNOWN,UNKNOWN,Y,UNKNOWN,UNKNOWN,UNKNOWN,UNKNOWN,UNKNOWN,UNKNOWN,UNKNOWN,,,,,전라남도,구례군,,2026-05-23 19:35:48
A2600024,A2600024,의료법인현경의료재단광양서울병원,전라남도 광양시 진등길 93 (마동),전라남도,광양시,G007,지역응급의료기관,061-798-9800,061-798-9819,34.957912006875524,127.69055714590516,의료법인현경의료재단광양서울병원,061-798-9819,,,,,,,,,1.0,,,,Y,,Y,N1,Y,Y,7.0,N1,58.0,N1,20260523193511,N1,Y,,3.0,N1,9.0,,,1.0,,,,,,3.0,,1.0,1.0,,3.0,,,1.0,,,,208.0,,,Y,N1,A2600024,,,,,,,,,,,전라남도,광양시,,,,,,,,,,,,,,,,,,,,,,,,,,,,,,,,,,,,,,,,,,,,,,,,,2026-05-23 19:35:48,의료법인현경의료재단광양서울병원,UNKNOWN,UNKNOWN,UNKNOWN,UNKNOWN,UNKNOWN,UNKNOWN,UNKNOWN,UNKNOWN,UNKNOWN,UNKNOWN,UNKNOWN,UNKNOWN,UNKNOWN,UNKNOWN,UNKNOWN,UNKNOWN,UNKNOWN,UNKNOWN,UNKNOWN,UNKNOWN,Y,UNKNOWN,UNKNOWN,UNKNOWN,UNKNOWN,UNKNOWN,UNKNOWN,UNKNOWN,,,,,전라남도,광양시,,2026-05-23 19:35:48
A2600006,A2600006,광양사랑병원,"전라남도 광양시 공영로 71 (중동, (중동))",전라남도,광양시,G007,지역응급의료기관,061797-7000,061-797-7119,34.93614549410383,127.6969510970332,광양사랑병원,061-797-7119,,,,,,,,,1.0,,,,Y,,Y,N1,Y,Y,3.0,N1,54.0,N1,20260523193324,N1,Y,,0.0,N1,9.0,,,1.0,,,,,,2.0,,1.0,1.0,,5.0,,,1.0,,,,149.0,,,Y,N1,A2600006,,,4.0,10.0,,,,,,,전라남도,광양시,,,,,,,,,,,,,,,,,,,,,,,,,,,,,,,,,,,,,,,,,,,,,,,,,2026-05-23 19:35:48,광양사랑병원,UNKNOWN,UNKNOWN,Y,UNKNOWN,UNKNOWN,UNKNOWN,UNKNOWN,UNKNOWN,UNKNOWN,UNKNOWN,Y,UNKNOWN,UNKNOWN,UNKNOWN,Y,UNKNOWN,UNKNOWN,UNKNOWN,UNKNOWN,UNKNOWN,Y,UNKNOWN,UNKNOWN,UNKNOWN,UNKNOWN,UNKNOWN,UNKNOWN,Y,,,,,전라남도,광양시,,2026-05-23 19:35:48
A2600029,A2600029,곡성사랑병원,전라남도 곡성군 곡성읍 곡성로 761,전라남도,곡성군,G007,지역응급의료기관,061-360-6000,061-360-6008,35.27628370526432,127.2879760334259,곡성사랑병원,061-360-6008,,,,,,,,,1.0,,,,Y,,Y,N1,N1,Y,4.0,N1,7.0,N1,20260523193248,N1,N1,,1.0,N1,5.0,,,1.0,,,,,,1.0,,1.0,,,1.0,,,,,,,46.0,,,Y,N1,A2600029,,11.0,,,,45.0,,,,,전라남도,곡성군,,,,,,,,,,,,,,,,,,,,,,,,,,,,,,,,,,,,,,,,,,,,,,,,,2026-05-23 19:35:48,곡성사랑병원,UNKNOWN,UNKNOWN,UNKNOWN,UNKNOWN,UNKNOWN,UNKNOWN,UNKNOWN,UNKNOWN,UNKNOWN,UNKNOWN,UNKNOWN,UNKNOWN,UNKNOWN,UNKNOWN,UNKNOWN,UNKNOWN,UNKNOWN,UNKNOWN,UNKNOWN,UNKNOWN,Y,UNKNOWN,UNKNOWN,UNKNOWN,UNKNOWN,UNKNOWN,UNKNOWN,UNKNOWN,,,,,전라남도,곡성군,,2026-05-23 19:35:48
A2600068,A2600068,의료법인장호의료재단녹동현대병원,전라남도 고흥군 도양읍 차경구렁목길 215,전라남도,고흥군,G007,지역응급의료기관,061-840-1200,061-840-1119,34.5461939078177,127.14569777683867,의료법인장호의료재단녹동현대병원,061-840-1119,,,,,,,,,2.0,,,,Y,,Y,N1,N1,Y,-3.0,N1,39.0,N1,20260523192536,N1,Y,,2.0,N1,3.0,,,2.0,,,,,,2.0,,1.0,1.0,,3.0,,,,,,,118.0,,,Y,N1,A2600068,,,,,,,,,,,전라남도,고흥군,,,,,,,,,,,,,,,,,,,,,,,,,,,,,,,,,,,,,,,,,,,,,,,,,2026-05-23 19:35:48,의료법인장호의료재단녹동현대병원,UNKNOWN,UNKNOWN,UNKNOWN,UNKNOWN,UNKNOWN,UNKNOWN,UNKNOWN,UNKNOWN,UNKNOWN,UNKNOWN,UNKNOWN,UNKNOWN,UNKNOWN,UNKNOWN,UNKNOWN,UNKNOWN,UNKNOWN,UNKNOWN,UNKNOWN,UNKNOWN,Y,UNKNOWN,UNKNOWN,UNKNOWN,UNKNOWN,UNKNOWN,UNKNOWN,UNKNOWN,,,,,전라남도,고흥군,,2026-05-23 19:35:48
A2600018,A2600018,의료법인영성의료재단고흥종합병원,전라남도 고흥군 고흥읍 고흥로 1935,전라남도,고흥군,G007,지역응급의료기관,061-832-1911,061-830-3118,34.620393082853,127.293713733344,의료법인영성의료재단고흥종합병원,061-830-3118,Y,Y,,,,,,,,,,Y,Y,,Y,N1,N1,Y,4.0,N1,157.0,N1,20260523192949,Y,Y,,2.0,N1,10.0,,,,,,,,,2.0,1.0,1.0,1.0,,4.0,1.0,1.0,,,,,271.0,,,Y,Y,A2600018,,,2.0,12.0,,,,,,,전라남도,고흥군,,,,,,,,,,,,,,,,,,,,,,,,,,,,,,,,,,,,,,,,,,,,,,,,,2026-05-23 19:35:48,의료법인영성의료재단고흥종합병원,UNKNOWN,UNKNOWN,UNKNOWN,UNKNOWN,UNKNOWN,UNKNOWN,UNKNOWN,Y,UNKNOWN,UNKNOWN,UNKNOWN,UNKNOWN,UNKNOWN,UNKNOWN,UNKNOWN,UNKNOWN,UNKNOWN,UNKNOWN,UNKNOWN,UNKNOWN,Y,UNKNOWN,UNKNOWN,UNKNOWN,UNKNOWN,UNKNOWN,UNKNOWN,Y,,,,,전라남도,고흥군,,2026-05-23 19:35:48
A2600050,A2600050,전라남도강진의료원,전라남도 강진군 강진읍 탐진로 5,전라남도,강진군,G007,지역응급의료기관,061-433-2167,061-430-1109,34.63681860822126,126.75789950922356,전라남도강진의료원,061-430-1109,,Y,,,,,,,2.0,,,Y,Y,,Y,N1,N1,Y,5.0,N1,121.0,N1,20260523193002,Y,Y,,3.0,N1,10.0,,,2.0,,,,,,3.0,1.0,1.0,1.0,,2.0,,2.0,,,,,171.0,,,Y,N1,A2600050,,,,,,,,,,,전라남도,강진군,,,,7.0,,,,,,,,,,,,7.0,,,,,,,,,,,,,,,,,,,,,,,,,,,,,,,,,2026-05-23 19:35:48,전라남도강진의료원,UNKNOWN,UNKNOWN,UNKNOWN,UNKNOWN,UNKNOWN,UNKNOWN,UNKNOWN,UNKNOWN,UNKNOWN,UNKNOWN,UNKNOWN,UNKNOWN,UNKNOWN,UNKNOWN,UNKNOWN,UNKNOWN,UNKNOWN,UNKNOWN,UNKNOWN,UNKNOWN,Y,UNKNOWN,UNKNOWN,UNKNOWN,UNKNOWN,UNKNOWN,UNKNOWN,UNKNOWN,,,,,전라남도,강진군,,2026-05-23 19:35:48
A2700005,A2700005,경상북도포항의료원,"경상북도 포항시 북구 용흥로 36 (용흥동, (용흥동))",경상북도,포항시,G007,지역응급의료기관,054-247-0551,054-245-0129,36.03462413480262,129.3549930430143,경상북도포항의료원,054-245-0129,,,,,,,1.0,,1.0,,,,Y,,Y,N1,N1,Y,5.0,N1,0.0,N1,20260523193502,N1,Y,,3.0,N1,8.0,,1.0,1.0,,,,,,3.0,,1.0,1.0,,4.0,,,,,,,142.0,,,Y,N1,A2700005,1.0,37.0,11.0,19.0,1.0,86.0,,5.0,7.0,,경상북도,포항시,,,,,,,,,,,,,,,,,,,,,,,,,,,,,,,,,,,,,,,,,,,,,,,,,2026-05-23 19:35:48,경상북도포항의료원,UNKNOWN,UNKNOWN,UNKNOWN,UNKNOWN,UNKNOWN,UNKNOWN,UNKNOWN,UNKNOWN,UNKNOWN,UNKNOWN,UNKNOWN,UNKNOWN,UNKNOWN,UNKNOWN,UNKNOWN,UNKNOWN,UNKNOWN,UNKNOWN,UNKNOWN,UNKNOWN,Y,UNKNOWN,UNKNOWN,UNKNOWN,UNKNOWN,UNKNOWN,UNKNOWN,UNKNOWN,,,,,경상북도,포항시,,2026-05-23 19:35:48
A2702563,A2702563,의료법인은성의료재단좋은선린병원,경상북도 포항시 북구 대신로 43 (대신동),경상북도,포항시,G007,지역응급의료기관,054-245-5000,054-245-5200,36.04808906149477,129.36704339734024,의료법인은성의료재단좋은선린병원,054-245-5200,,,,,,,,,2.0,,,,Y,N,Y,N,N1,Y,9.0,N1,105.0,N1,20260523193519,N1,Y,,4.0,N,10.0,,,2.0,,,,,,4.0,,1.0,1.0,2.0,7.0,,,,,,14.0,281.0,,,N,N1,A2702563,1.0,,2.0,17.0,1.0,,2.0,,,2.0,경상북도,포항시,,,,,,,,,,,,,,,,,,,,,,,,,,,,,,,,,,,,,,,,,,,,,,,,,2026-05-23 19:35:48,의료법인은성의료재단좋은선린병원,N,UNKNOWN,Y,UNKNOWN,UNKNOWN,UNKNOWN,UNKNOWN,UNKNOWN,UNKNOWN,UNKNOWN,UNKNOWN,UNKNOWN,UNKNOWN,UNKNOWN,Y,Y,UNKNOWN,UNKNOWN,UNKNOWN,UNKNOWN,Y,UNKNOWN,N,UNKNOWN,UNKNOWN,Y,UNKNOWN,Y,,,,,경상북도,포항시,,2026-05-23 19:35:48
A2700008,A2700008,에스포항병원,"경상북도 포항시 남구 희망대로 352 (이동, 에스포항병원)",경상북도,포항시,G007,지역응급의료기관,054-289-9000,054-289-9120,36.0348228983,129.3314002552,에스포항병원,054-289-9120,Y,,,,,,,,1.0,,,,Y,Y,Y,Y,Y,Y,5.0,N1,115.0,N1,20260523193316,N1,Y,,4.0,N1,6.0,,,1.0,,,,,,4.0,,2.0,2.0,3.0,9.0,9.0,,1.0,,,,239.0,,,Y,Y,A2700008,1.0,,3.0,14.0,1.0,,,,,,경상북도,포항시,,,,,,,,,,,,,,,,,,,,,,,,,,,,,,,,,,,,,,,,,,,,,,,,,2026-05-23 19:35:48,에스포항병원,UNKNOWN,UNKNOWN,UNKNOWN,UNKNOWN,UNKNOWN,UNKNOWN,UNKNOWN,UNKNOWN,UNKNOWN,UNKNOWN,UNKNOWN,UNKNOWN,UNKNOWN,UNKNOWN,UNKNOWN,UNKNOWN,UNKNOWN,UNKNOWN,UNKNOWN,UNKNOWN,Y,UNKNOWN,UNKNOWN,UNKNOWN,UNKNOWN,UNKNOWN,UNKNOWN,UNKNOWN,,,,,경상북도,포항시,,2026-05-23 19:35:48
A2700002,A2700002,포항세명기독병원,경상북도 포항시 남구 포스코대로 351 (대도동),경상북도,포항시,G006,지역응급의료센터,054-275-0005,054-289-1711,36.0181008246,129.3615706051,포항세명기독병원,054-289-1711,,,,,,,1.0,,1.0,,,,Y,Y,Y,Y,Y,Y,3.0,Y,155.0,Y,20260523193450,N1,Y,,14.0,Y,15.0,,1.0,3.0,,,,,,14.0,,6.0,5.0,4.0,25.0,,,5.0,1.0,1.0,1.0,665.0,,,Y,N1,A2700002,0.0,,9.0,54.0,1.0,,,1.0,6.0,,경상북도,포항시,5.0,6.0,,,,,,,,,,,,,,,,,,,,,,,,,,,,,,,,,,,,,,,,,,,,,,,2026-05-23 19:35:48,포항세명기독병원,Y,UNKNOWN,Y,UNKNOWN,UNKNOWN,UNKNOWN,UNKNOWN,UNKNOWN,UNKNOWN,UNKNOWN,Y,Y,UNKNOWN,UNKNOWN,Y,Y,UNKNOWN,UNKNOWN,UNKNOWN,UNKNOWN,Y,Y,Y,UNKNOWN,UNKNOWN,Y,Y,Y,,,,,경상북도,포항시,,2026-05-23 19:35:48
A2700016,A2700016,포항성모병원,경상북도 포항시 남구 대잠동길 17 (대잠동),경상북도,포항시,G001,권역응급의료센터,054-272-0151,054-260-8600,36.01585627687779,129.33981334567275,포항성모병원,054-260-8600,Y,Y,,5.0,,11.0,,,,6.0,5.0,Y,Y,Y,Y,Y,Y,Y,10.0,Y,125.0,Y,20260523193306,Y,Y,,9.0,Y,20.0,11.0,,,15.0,,,,17.0,9.0,1.0,3.0,2.0,2.0,25.0,1.0,6.0,4.0,1.0,2.0,3.0,468.0,,5.0,Y,Y,A2700016,1.0,,4.0,16.0,1.0,,,1.0,1.0,,경상북도,포항시,,,,,,,,,,,,,,,,,,,,,2.0,3.0,,,2.0,3.0,,,,,,5.0,,,,,13.0,,,,,,,,,,,,2026-05-23 19:35:48,포항성모병원,Y,Y,Y,Y,UNKNOWN,UNKNOWN,UNKNOWN,Y,Y,Y,UNKNOWN,Y,UNKNOWN,UNKNOWN,Y,Y,UNKNOWN,UNKNOWN,UNKNOWN,UNKNOWN,Y,Y,Y,UNKNOWN,UNKNOWN,Y,Y,Y,,,,,경상북도,포항시,,2026-05-23 19:35:48
A2700066,A2700066,의료법인왜관병원,경상북도 칠곡군 왜관읍 군청2길 10,경상북도,칠곡군,G009,응급실운영신고기관,054-971-1002,054-971-1004,35.99606388888889,128.4015222222222,,,,,,,,,,,,,,,,,,,,,,,,,,,,,,,,,,,,,,,,,,,,,,,,,,,,,,,,,,,,,,,,,,,,,,,,,,,,,,,,,,,,,,,,,,,,,,,,,,,,,,,,,,,,,,,,,,,,,,,,,,,,,,,,,,,,,,,,,,,,,,,,,,,,,,,,,,,
E2700554,E2700554,청송군보건의료원,경상북도 청송군 청송읍 의료원길 19,경상북도,청송군,G007,지역응급의료기관,054-870-7100,054-870-7119,36.43104059070308,129.0526608512385,청송군보건의료원,054-870-7119,,,,,,,,,1.0,,,,,,Y,N1,N1,N1,5.0,N1,54.0,N1,20260523193500,N1,N1,,,N1,5.0,,,1.0,,,,,,,,,,,1.0,,,,,,,45.0,,,Y,N1,E2700554,,,,,,,,,,,경상북도,청송군,,,,,,,,,,,,,,,,,,,,,,,,,,,,,,,,,,,,,,,,,,,,,,,,,2026-05-23 19:35:48,청송군보건의료원,UNKNOWN,UNKNOWN,UNKNOWN,UNKNOWN,UNKNOWN,UNKNOWN,UNKNOWN,UNKNOWN,UNKNOWN,UNKNOWN,UNKNOWN,UNKNOWN,UNKNOWN,UNKNOWN,UNKNOWN,UNKNOWN,UNKNOWN,UNKNOWN,UNKNOWN,UNKNOWN,Y,UNKNOWN,UNKNOWN,UNKNOWN,UNKNOWN,UNKNOWN,UNKNOWN,UNKNOWN,,,,,경상북도,청송군,,2026-05-23 19:35:48
A2700038,A2700038,의료법인대남의료재단청도대남병원,경상북도 청도군 화양읍 청화로 79-7,경상북도,청도군,G007,지역응급의료기관,054-373-0606,054-370-5112,35.64871261648798,128.73711323398672,의료법인대남의료재단청도대남병원,054-370-5112,,,,,,,,,,,,,Y,,Y,N1,N1,Y,9.0,N1,89.0,N1,20260523193423,N1,Y,,1.0,N1,10.0,,,,,,,,,1.0,,1.0,1.0,,1.0,,,,,,,115.0,,,Y,N1,A2700038,,,,,,,,,,,경상북도,청도군,,,,,,,,,,,,,,,,,,,,,,,,,,,,,,,,,,,,,,,,,,,,,,,,,2026-05-23 19:35:48,의료법인대남의료재단청도대남병원,UNKNOWN,UNKNOWN,UNKNOWN,UNKNOWN,UNKNOWN,UNKNOWN,UNKNOWN,UNKNOWN,UNKNOWN,UNKNOWN,UNKNOWN,UNKNOWN,UNKNOWN,UNKNOWN,UNKNOWN,UNKNOWN,UNKNOWN,UNKNOWN,UNKNOWN,UNKNOWN,Y,UNKNOWN,UNKNOWN,UNKNOWN,UNKNOWN,UNKNOWN,UNKNOWN,UNKNOWN,,,,,경상북도,청도군,,2026-05-23 19:35:48
A2700063,A2700063,의료법인영제의료재단영남제일병원,경상북도 의성군 안계면 용기4길 36,경상북도,의성군,G007,지역응급의료기관,054-861-9111,054-861-9111,36.38925516777733,128.43429486266444,의료법인영제의료재단영남제일병원,054-861-9111,,,,,,,,,1.0,,,,Y,,Y,N1,N1,Y,4.0,N1,27.0,N1,20260523191502,N1,N1,,1.0,N1,,,,,,,,,,,,,,,,,,,,,,,,,Y,N1,A2700063,,,,,,,,,,,경상북도,의성군,,,,,,,,,,,,,,,,,,,,,,,,,,,,,,,,,,,,,,,,,,,,,,,,,2026-05-23 19:35:48,의료법인영제의료재단영남제일병원,UNKNOWN,UNKNOWN,UNKNOWN,UNKNOWN,UNKNOWN,UNKNOWN,UNKNOWN,UNKNOWN,UNKNOWN,UNKNOWN,UNKNOWN,UNKNOWN,UNKNOWN,UNKNOWN,UNKNOWN,UNKNOWN,UNKNOWN,UNKNOWN,UNKNOWN,UNKNOWN,Y,UNKNOWN,UNKNOWN,UNKNOWN,UNKNOWN,UNKNOWN,UNKNOWN,UNKNOWN,,,,,경상북도,의성군,,2026-05-23 19:35:48
A2700052,A2700052,울진군의료원,경상북도 울진군 울진읍 현내항길 71,경상북도,울진군,G007,지역응급의료기관,054-785-7000,054-785-7119,36.99264955966117,129.40949155236495,울진군의료원,054-785-7119,,,,,,,2.0,,,,,,Y,,Y,N1,N1,Y,5.0,N1,25.0,N1,20260523193102,N1,Y,,3.0,N1,8.0,,2.0,,,,,,,3.0,,1.0,1.0,,1.0,,,,,,,91.0,,,Y,N1,A2700052,,,,,,,,2.0,2.0,,경상북도,울진군,,,,,,,,,,,,,,,,,,,,,,,,,,,,,,,,,,,,,,,,,,,,,,,,,2026-05-23 19:35:48,울진군의료원,UNKNOWN,UNKNOWN,UNKNOWN,UNKNOWN,UNKNOWN,UNKNOWN,UNKNOWN,UNKNOWN,UNKNOWN,UNKNOWN,UNKNOWN,UNKNOWN,UNKNOWN,UNKNOWN,UNKNOWN,UNKNOWN,UNKNOWN,UNKNOWN,UNKNOWN,UNKNOWN,Y,UNKNOWN,UNKNOWN,UNKNOWN,UNKNOWN,UNKNOWN,UNKNOWN,UNKNOWN,,,,,경상북도,울진군,,2026-05-23 19:35:48
E2700553,E2700553,울릉군보건의료원,경상북도 울릉군 울릉읍 울릉순환로 396-18,경상북도,울릉군,G007,지역응급의료기관,054-790-6871,054-790-6911,37.48588602454544,130.89947707708177,울릉군보건의료원,054-790-6911,,,,,,,,,,,,,Y,,Y,N1,N1,Y,5.0,N1,26.0,N1,20260523193501,N1,N1,,1.0,N1,5.0,,,,,,,,,1.0,,1.0,,,1.0,,,,,,,27.0,,,Y,N1,E2700553,,,,,,,,,,,경상북도,울릉군,,,,,,,,,,,,,,,,,,,,,,,,,,,,,,,,,,,,,,,,,,,,,,,,,2026-05-23 19:35:48,울릉군보건의료원,UNKNOWN,UNKNOWN,UNKNOWN,UNKNOWN,UNKNOWN,UNKNOWN,UNKNOWN,UNKNOWN,UNKNOWN,UNKNOWN,UNKNOWN,UNKNOWN,UNKNOWN,UNKNOWN,UNKNOWN,UNKNOWN,UNKNOWN,UNKNOWN,UNKNOWN,UNKNOWN,Y,UNKNOWN,UNKNOWN,UNKNOWN,UNKNOWN,UNKNOWN,UNKNOWN,UNKNOWN,,,,,경상북도,울릉군,,2026-05-23 19:35:48
A2700023,A2700023,의료법인서준의료재단예천권병원,경상북도 예천군 예천읍 시장로 136,경상북도,예천군,G007,지역응급의료기관,054-654-6611,054-650-2119,36.65741644988633,128.45890491333589,의료법인서준의료재단예천권병원,054-650-2119,,Y,,,,,1.0,,0.0,,,Y,Y,,Y,N1,N1,Y,5.0,N1,81.0,N1,20260523193039,Y,Y,,2.0,N1,6.0,,1.0,0.0,,,,,,2.0,1.0,1.0,1.0,,3.0,,2.0,,,,,173.0,,,Y,N1,A2700023,,,,,,,,0.0,0.0,,경상북도,예천군,,,,,,,,,,,,,,,,,,,,,,,,,,,,,,,,,,,,,,,,,,,,,,,,,2026-05-23 19:35:48,의료법인서준의료재단예천권병원,UNKNOWN,UNKNOWN,UNKNOWN,UNKNOWN,UNKNOWN,UNKNOWN,UNKNOWN,UNKNOWN,UNKNOWN,UNKNOWN,UNKNOWN,UNKNOWN,UNKNOWN,UNKNOWN,UNKNOWN,UNKNOWN,UNKNOWN,UNKNOWN,UNKNOWN,UNKNOWN,Y,UNKNOWN,UNKNOWN,UNKNOWN,UNKNOWN,UNKNOWN,UNKNOWN,UNKNOWN,,,,,경상북도,예천군,,2026-05-23 19:35:48
A2700017,A2700017,영남대학교의과대학부속영천병원,경상북도 영천시 오수1길 10 (오수동),경상북도,영천시,G007,지역응급의료기관,0543389000,054-330-7575,35.957320739100794,128.91305328332228,영남대학교의과대학부속영천병원,054-330-7575,,,,,,,1.0,,2.0,,,,Y,,Y,N1,N1,Y,9.0,N1,65.0,N1,20260523193419,N1,Y,,4.0,N1,10.0,,1.0,2.0,,,,,,4.0,,1.0,1.0,,1.0,,,,,,,190.0,,,Y,N1,A2700017,,,2.0,10.0,,,,,,,경상북도,영천시,,,,,,,,,,,,,,,,,,,,,,,,,,,,,,,,,,,,,,,,,,,,,,,,,2026-05-23 19:35:48,영남대학교의과대학부속영천병원,UNKNOWN,UNKNOWN,UNKNOWN,UNKNOWN,UNKNOWN,UNKNOWN,UNKNOWN,UNKNOWN,UNKNOWN,UNKNOWN,UNKNOWN,UNKNOWN,UNKNOWN,UNKNOWN,UNKNOWN,UNKNOWN,UNKNOWN,UNKNOWN,UNKNOWN,UNKNOWN,Y,UNKNOWN,UNKNOWN,UNKNOWN,UNKNOWN,Y,Y,UNKNOWN,,,,,경상북도,영천시,,2026-05-23 19:35:48
A2702752,A2702752,영주적십자병원,"경상북도 영주시 대학로 327-0 (가흥동,영주적십자병원)",경상북도,영주시,G007,지역응급의료기관,054-630-0100,054-630-0112,36.8252579707,128.6040034927,영주적십자병원,054-630-0112,,,,,,,1.0,,,,,,Y,,Y,N1,Y,Y,7.0,N1,68.0,N1,20260523193222,N1,Y,,3.0,N1,10.0,,1.0,,,,,,,3.0,,1.0,1.0,,4.0,,,1.0,,,,140.0,,,Y,N1,A2702752,,,1.0,10.0,,,,,,,경상북도,영주시,,,,,,,,,,,,,,,,,,,,,,,,,,,,,,,,,,,,,,,,,,,,,,,,,2026-05-23 19:35:48,영주적십자병원,UNKNOWN,UNKNOWN,UNKNOWN,UNKNOWN,UNKNOWN,UNKNOWN,UNKNOWN,UNKNOWN,UNKNOWN,UNKNOWN,UNKNOWN,UNKNOWN,UNKNOWN,UNKNOWN,UNKNOWN,UNKNOWN,UNKNOWN,UNKNOWN,UNKNOWN,UNKNOWN,Y,UNKNOWN,UNKNOWN,UNKNOWN,UNKNOWN,UNKNOWN,UNKNOWN,UNKNOWN,,,,,경상북도,영주시,,2026-05-23 19:35:48
A2700020,A2700020,영주자인병원,경상북도 영주시 대동로31번길 9 (가흥동),경상북도,영주시,G007,지역응급의료기관,054-633-1131,070-7335-5229,36.815947445861305,128.60561041705353,영주자인병원,070-7335-5229,,,,,,,,,1.0,,,,Y,,Y,N1,N1,Y,1.0,N1,28.0,N1,20260523193532,N1,Y,,,N1,4.0,,,1.0,,,,,,2.0,,1.0,1.0,,,,,,,,,133.0,,,N1,N1,A2700020,,,,,,,,,,,경상북도,영주시,,,,,,,,,,,,,,,,,,,,,,,,,,,,,,,,,,,,,,,,,,,,,,,,,2026-05-23 19:35:48,영주자인병원,UNKNOWN,UNKNOWN,UNKNOWN,UNKNOWN,UNKNOWN,UNKNOWN,UNKNOWN,UNKNOWN,UNKNOWN,UNKNOWN,UNKNOWN,UNKNOWN,UNKNOWN,UNKNOWN,UNKNOWN,UNKNOWN,UNKNOWN,UNKNOWN,UNKNOWN,UNKNOWN,Y,UNKNOWN,UNKNOWN,UNKNOWN,UNKNOWN,UNKNOWN,UNKNOWN,UNKNOWN,,,,,경상북도,영주시,,2026-05-23 19:35:48
A2700031,A2700031,영주기독병원,경상북도 영주시 구성로 380 (영주동),경상북도,영주시,G007,지역응급의료기관,054-635-6161,054-635-3050,36.82516126894279,128.62114810991983,영주기독병원,054-635-3050,,Y,,,,,,,1.0,,,Y,Y,,Y,N1,N1,Y,3.0,N1,10.0,N1,20260523193529,Y,N1,,1.0,N1,4.0,,,1.0,,,,,,1.0,1.0,1.0,,,1.0,,2.0,,,,,70.0,,,Y,N1,A2700031,,,,,,,,,,,경상북도,영주시,,,,,,,,,,,,,,,,,,,,,,,,,,,,,,,,,,,,,,,,,,,,,,,,,2026-05-23 19:35:48,영주기독병원,UNKNOWN,UNKNOWN,UNKNOWN,UNKNOWN,UNKNOWN,UNKNOWN,UNKNOWN,UNKNOWN,UNKNOWN,UNKNOWN,UNKNOWN,UNKNOWN,UNKNOWN,UNKNOWN,UNKNOWN,UNKNOWN,UNKNOWN,UNKNOWN,UNKNOWN,UNKNOWN,Y,UNKNOWN,UNKNOWN,UNKNOWN,UNKNOWN,UNKNOWN,UNKNOWN,UNKNOWN,,,,,경상북도,영주시,,2026-05-23 19:35:48
A2700026,A2700026,의료법인명성의료재단영양병원,경상북도 영양군 영양읍 동서대로 75,경상북도,영양군,G009,응급실운영신고기관,054-682-0727,054-682-3866,36.66257764096643,129.1173135291313,,,,,,,,,,,,,,,,,,,,,,,,,,,,,,,,,,,,,,,,,,,,,,,,,,,,,,,,,,,,,,,,,,,,,,,,,,,,,,,,,,,,,,,,,,,,,,,,,,,,,,,,,,,,,,,,,,,,,,,,,,,,,,,,,,,,,,,,,,,,,,,,,,,,,,,,,,,
A2700073,A2700073,영덕아산병원,경상북도 영덕군 영해면 영덕로 1621,경상북도,영덕군,G009,응급실운영신고기관,054-730-0152,054-730-0119,36.52464784739123,129.4022978175491,,,,,,,,,,,,,,,,,,,,,,,,,,,,,,,,,,,,,,,,,,,,,,,,,,,,,,,,,,,,,,,,,,,,,,,,,,,,,,,,,,,,,,,,,,,,,,,,,,,,,,,,,,,,,,,,,,,,,,,,,,,,,,,,,,,,,,,,,,,,,,,,,,,,,,,,,,,
A2700001,A2700001,경상북도안동의료원,경상북도 안동시 태사2길 55 (북문동),경상북도,안동시,G007,지역응급의료기관,054-850-6000,054-850-6100,36.56826733448251,128.73213342858523,경상북도안동의료원,054-850-6100,,,,,,,,,2.0,,,,Y,,Y,N1,N1,Y,6.0,N1,128.0,N1,20260523193501,N1,Y,,5.0,N1,6.0,,,2.0,,,,,,5.0,,1.0,1.0,,8.0,,,,,,,238.0,,,Y,N1,A2700001,,,6.0,10.0,,,,,,,경상북도,안동시,,,,,,,,,,,,,,,,,,,,,,,,,,,,,,,,,,,,,,,,,,,,,,,,,2026-05-23 19:35:48,경상북도안동의료원,UNKNOWN,UNKNOWN,UNKNOWN,UNKNOWN,UNKNOWN,UNKNOWN,UNKNOWN,UNKNOWN,UNKNOWN,UNKNOWN,UNKNOWN,UNKNOWN,UNKNOWN,UNKNOWN,UNKNOWN,UNKNOWN,UNKNOWN,UNKNOWN,UNKNOWN,UNKNOWN,Y,UNKNOWN,UNKNOWN,UNKNOWN,UNKNOWN,UNKNOWN,UNKNOWN,UNKNOWN,,,,,경상북도,안동시,,2026-05-23 19:35:48
A2700014,A2700014,의료법인안동병원,경상북도 안동시 앙실로 11 (수상동),경상북도,안동시,G001,권역응급의료센터,054-840-1004,054-840-0119,36.54691448006022,128.70097021920307,의료법인안동병원,054-840-0119,Y,Y,0.0,,0.0,0.0,,,,3.0,21.0,Y,Y,Y,Y,Y,Y,Y,1.0,Y,126.0,Y,20260523193200,Y,Y,10.0,11.0,Y,15.0,3.0,,,19.0,20.0,,10.0,30.0,11.0,3.0,6.0,3.0,5.0,67.0,3.0,12.0,14.0,4.0,13.0,1.0,775.0,1.0,,Y,Y,A2700014,3.0,0.0,13.0,13.0,3.0,34.0,,4.0,6.0,,경상북도,안동시,,,,,3.0,2.0,,1.0,6.0,3.0,,20.0,40.0,2.0,,,2.0,6.0,,1.0,2.0,3.0,,,2.0,3.0,,,,,,,,,,,,,,,,,,,,,,,2026-05-23 19:35:48,의료법인안동병원,Y,Y,Y,UNKNOWN,N,UNKNOWN,Y,Y,Y,Y,UNKNOWN,Y,UNKNOWN,UNKNOWN,Y,Y,Y,N,Y,Y,Y,Y,Y,N,N,Y,Y,Y,,,,,경상북도,안동시,,2026-05-23 19:35:48
A2700004,A2700004,안동성소병원,경상북도 안동시 서동문로 99 (금곡동),경상북도,안동시,G006,지역응급의료센터,054-857-2321,054-850-8282,36.56712693337398,128.72245351866204,안동성소병원,054-850-8282,,Y,,,,,1.0,,1.0,,,Y,Y,Y,Y,Y,Y,Y,9.0,N1,137.0,N1,20260523193516,Y,Y,,6.0,N1,12.0,,1.0,2.0,,,,,,6.0,1.0,2.0,2.0,2.0,21.0,,4.0,1.0,,,,396.0,,,Y,N1,A2700004,1.0,23.0,12.0,18.0,3.0,186.0,,1.0,2.0,,경상북도,안동시,5.0,5.0,,,,,,,,,,,,,,,,,,,,,,,,,,,,,,,,,,,,,,,,,,,,,,,2026-05-23 19:35:48,안동성소병원,Y,Y,Y,UNKNOWN,UNKNOWN,UNKNOWN,UNKNOWN,Y,Y,Y,Y,UNKNOWN,UNKNOWN,UNKNOWN,Y,Y,Y,UNKNOWN,Y,UNKNOWN,Y,UNKNOWN,Y,UNKNOWN,UNKNOWN,Y,Y,Y,,,,,경상북도,안동시,,2026-05-23 19:35:48
A2700030,A2700030,의료법인석촌의료재단성주병원,경상북도 성주군 성주읍 성주읍3길 5-3,경상북도,성주군,G009,응급실운영신고기관,054-932-1212,054-932-1909,35.91869489182473,128.28669967111344,,,,,,,,,,,,,,,,,,,,,,,,,,,,,,,,,,,,,,,,,,,,,,,,,,,,,,,,,,,,,,,,,,,,,,,,,,,,,,,,,,,,,,,,,,,,,,,,,,,,,,,,,,,,,,,,,,,,,,,,,,,,,,,,,,,,,,,,,,,,,,,,,,,,,,,,,,,
A2700011,A2700011,상주적십자병원,경상북도 상주시 상서문로 53 (남성동),경상북도,상주시,G007,지역응급의료기관,054-534-3501,054-530-3171,36.414640776098,128.15560122041242,상주적십자병원,054-530-3171,,Y,,,,,1.0,,,,,Y,Y,,Y,N1,Y,Y,7.0,N1,64.0,N1,20260523193449,Y,Y,,3.0,N1,9.0,,1.0,,,,,,,3.0,1.0,1.0,1.0,,7.0,,2.0,1.0,,,,164.0,,,Y,N1,A2700011,,,4.0,10.0,,,,,,,경상북도,상주시,,,,,,,,,,,,,,,,,,,,,,,,,,,,,,,,,,,,,,,,,,,,,,,,,2026-05-23 19:35:48,상주적십자병원,UNKNOWN,UNKNOWN,Y,UNKNOWN,UNKNOWN,UNKNOWN,UNKNOWN,Y,UNKNOWN,UNKNOWN,UNKNOWN,UNKNOWN,UNKNOWN,UNKNOWN,UNKNOWN,UNKNOWN,UNKNOWN,UNKNOWN,UNKNOWN,UNKNOWN,Y,UNKNOWN,UNKNOWN,UNKNOWN,UNKNOWN,Y,UNKNOWN,Y,,,,,경상북도,상주시,,2026-05-23 19:35:48
A2700009,A2700009,의료법인삼백의료재단상주성모병원,경상북도 상주시 냉림서성길 7 (냉림동),경상북도,상주시,G007,지역응급의료기관,054-532-5001,054-530-7811,36.42029125774357,128.15973341130405,의료법인삼백의료재단상주성모병원,054-530-7811,,,,,,,,,1.0,,,,Y,,Y,N1,N1,Y,9.0,N1,33.0,N1,20260523193431,N1,Y,,3.0,N1,9.0,,,1.0,,,,,,3.0,,1.0,1.0,,1.0,,,,,,,172.0,,,Y,N1,A2700009,,,2.0,10.0,,,,,,,경상북도,상주시,,,,,,,,,,,,,,,,,,,,,,,,,,,,,,,,,,,,,,,,,,,,,,,,,2026-05-23 19:35:48,의료법인삼백의료재단상주성모병원,UNKNOWN,UNKNOWN,Y,UNKNOWN,UNKNOWN,UNKNOWN,UNKNOWN,UNKNOWN,UNKNOWN,Y,UNKNOWN,UNKNOWN,UNKNOWN,UNKNOWN,Y,UNKNOWN,UNKNOWN,UNKNOWN,UNKNOWN,UNKNOWN,Y,UNKNOWN,Y,UNKNOWN,UNKNOWN,Y,UNKNOWN,Y,,,,,경상북도,상주시,,2026-05-23 19:35:48
A2700071,A2700071,봉화해성병원,경상북도 봉화군 봉화읍 보밑길 3,경상북도,봉화군,G009,응급실운영신고기관,054-673-1331,054-679-1331,36.89170700324608,128.73350079244224,,,,,,,,,,,,,,,,,,,,,,,,,,,,,,,,,,,,,,,,,,,,,,,,,,,,,,,,,,,,,,,,,,,,,,,,,,,,,,,,,,,,,,,,,,,,,,,,,,,,,,,,,,,,,,,,,,,,,,,,,,,,,,,,,,,,,,,,,,,,,,,,,,,,,,,,,,,
A2700006,A2700006,의료법인동춘의료재단문경제일병원,경상북도 문경시 당교3길 25 (모전동),경상북도,문경시,G006,지역응급의료센터,054-550-7700,054-550-7777,36.5848214366,128.189771534,의료법인동춘의료재단문경제일병원,054-550-7777,,,,,,,1.0,,0.0,,,,Y,,Y,N1,N1,Y,15.0,N1,62.0,N1,20260523193500,N1,Y,,2.0,N1,17.0,,1.0,2.0,,,,,,3.0,,2.0,1.0,,8.0,,,,,,,309.0,,,Y,N1,A2700006,1.0,58.0,16.0,31.0,1.0,162.0,,4.0,4.0,,경상북도,문경시,,,,,,,,,,,,,,,,,,,,,,,,,,,,,,,,,,,,,,,,,,,,,,,,,2026-05-23 19:35:48,의료법인동춘의료재단문경제일병원,UNKNOWN,UNKNOWN,UNKNOWN,UNKNOWN,UNKNOWN,UNKNOWN,UNKNOWN,UNKNOWN,UNKNOWN,UNKNOWN,UNKNOWN,UNKNOWN,UNKNOWN,UNKNOWN,Y,UNKNOWN,UNKNOWN,UNKNOWN,UNKNOWN,UNKNOWN,Y,UNKNOWN,Y,UNKNOWN,UNKNOWN,UNKNOWN,UNKNOWN,UNKNOWN,,,,,경상북도,문경시,,2026-05-23 19:35:48
A2700012,A2700012,의료법인덕산의료재단김천제일병원,경상북도 김천시 신음1길 12 (신음동),경상북도,김천시,G006,지역응급의료센터,054-420-9300,054-420-9500,36.13534199566352,128.11882383545816,의료법인덕산의료재단김천제일병원,054-420-9500,,,,,,,1.0,,3.0,,,Y,Y,Y,Y,Y,N1,Y,12.0,N1,99.0,N1,20260523193328,N1,Y,,4.0,N1,16.0,,1.0,3.0,,,,,,4.0,3.0,1.0,1.0,1.0,10.0,,,,,,,279.0,,,Y,N1,A2700012,,,4.0,18.0,,,,,,,경상북도,김천시,,,,,,,,,,,,,,,,,,,,,,,,,,,,,,,,,,,,,,,,,,,,,,,,,2026-05-23 19:35:48,의료법인덕산의료재단김천제일병원,N,UNKNOWN,Y,UNKNOWN,UNKNOWN,UNKNOWN,UNKNOWN,Y,Y,Y,UNKNOWN,UNKNOWN,UNKNOWN,UNKNOWN,Y,UNKNOWN,UNKNOWN,UNKNOWN,UNKNOWN,UNKNOWN,Y,UNKNOWN,Y,UNKNOWN,UNKNOWN,Y,Y,Y,,,,,경상북도,김천시,,2026-05-23 19:35:48
A2700018,A2700018,경상북도김천의료원,경상북도 김천시 모암길 24 (모암동),경상북도,김천시,G007,지역응급의료기관,054-432-8901,054-429-8234,36.12249076001089,128.12649330522635,경상북도김천의료원,054-429-8234,,,,,,,1.0,,,,,,Y,,Y,N1,N1,Y,14.0,N1,41.0,N1,20260523193502,N1,Y,,5.0,N1,17.0,,1.0,,,,,,,5.0,,1.0,2.0,,7.0,,,,,,,274.0,,,Y,N1,A2700018,1.0,,3.0,22.0,3.0,,,,,,경상북도,김천시,,,,,,,,,,,,,,,,,,,,,,,,,,,,,,,,,,,,,,,,,,,,,,,,,2026-05-23 19:35:48,경상북도김천의료원,UNKNOWN,UNKNOWN,Y,UNKNOWN,UNKNOWN,UNKNOWN,UNKNOWN,UNKNOWN,UNKNOWN,UNKNOWN,UNKNOWN,UNKNOWN,UNKNOWN,UNKNOWN,UNKNOWN,UNKNOWN,UNKNOWN,UNKNOWN,UNKNOWN,UNKNOWN,Y,UNKNOWN,Y,UNKNOWN,UNKNOWN,Y,UNKNOWN,Y,,,,,경상북도,김천시,,2026-05-23 19:35:48
A2700015,A2700015,구미강동병원,경상북도 구미시 인동20길 46 (진평동),경상북도,구미시,G007,지역응급의료기관,054-453-7575,054-478-9521,36.096198858616575,128.42297791647263,구미강동병원,054-478-9521,,,,,,,1.0,,2.0,,,,Y,Y,Y,Y,N1,Y,6.0,N1,64.0,N1,20260523193421,N1,Y,,5.0,N1,7.0,,1.0,2.0,,,,,,5.0,,1.0,1.0,1.0,3.0,,,,,,,191.0,,,Y,N1,A2700015,,,5.0,12.0,,,9.0,,,9.0,경상북도,구미시,,,,,,,,,,,,,,,,,,,,,,,,,,,,,,,,,,,,,,,,,,,,,,,,,2026-05-23 19:35:48,구미강동병원,UNKNOWN,UNKNOWN,UNKNOWN,UNKNOWN,UNKNOWN,UNKNOWN,UNKNOWN,UNKNOWN,UNKNOWN,UNKNOWN,UNKNOWN,UNKNOWN,UNKNOWN,UNKNOWN,UNKNOWN,UNKNOWN,UNKNOWN,UNKNOWN,UNKNOWN,UNKNOWN,Y,Y,Y,UNKNOWN,UNKNOWN,UNKNOWN,UNKNOWN,UNKNOWN,,,,,경상북도,구미시,,2026-05-23 19:35:48
A2700007,A2700007,차의과학대학교부속구미차병원,경상북도 구미시 신시로10길 12 (형곡동),경상북도,구미시,G001,권역응급의료센터,054-450-9700,054-450-9998,36.11452808183706,128.34054647885029,차의과학대학교부속구미차병원,054-450-9998,Y,Y,0.0,,,4.0,3.0,,3.0,7.0,10.0,Y,Y,Y,Y,Y,Y,Y,11.0,Y,79.0,Y,20260523193505,Y,Y,3.0,7.0,N1,20.0,5.0,3.0,3.0,25.0,,,8.0,30.0,8.0,3.0,3.0,2.0,2.0,21.0,3.0,13.0,2.0,1.0,2.0,,301.0,3.0,,Y,Y,A2700007,,,1.0,18.0,,,,,,,경상북도,구미시,,,,,,,,,,,,,,,,,,,,1.0,,,,,,,,,,,,,,,,,,,,,,,,,,,,,2026-05-23 19:35:48,차의과학대학교부속구미차병원,Y,Y,Y,UNKNOWN,Y,UNKNOWN,Y,Y,Y,Y,Y,Y,UNKNOWN,UNKNOWN,Y,Y,UNKNOWN,Y,Y,Y,Y,Y,Y,UNKNOWN,Y,Y,Y,Y,,,,,경상북도,구미시,,2026-05-23 19:35:48
A2700013,A2700013,순천향대학교부속구미병원,"경상북도 구미시 1공단로 179 (공단동, (공단동))",경상북도,구미시,G006,지역응급의료센터,054-468-9114,054-468-9119,36.10286857919866,128.38265476387454,순천향대학교부속구미병원,054-468-9119,,Y,,,,0.0,1.0,,2.0,0.0,2.0,Y,Y,Y,Y,Y,Y,Y,9.0,N1,66.0,N1,20260523193120,Y,Y,,6.0,N1,13.0,4.0,1.0,2.0,2.0,,,,3.0,6.0,1.0,2.0,2.0,2.0,21.0,,1.0,2.0,,,,263.0,,,Y,N1,A2700013,2.0,,2.0,31.0,2.0,,,0.0,1.0,,경상북도,구미시,,,,,,,,,,,,,,,,,,,,,,,,,,,,,,,,,,,,,,,,,,,,,,,,,2026-05-23 19:35:48,순천향대학교부속구미병원,Y,UNKNOWN,Y,UNKNOWN,Y,UNKNOWN,UNKNOWN,Y,Y,Y,UNKNOWN,Y,Y,UNKNOWN,Y,Y,UNKNOWN,UNKNOWN,UNKNOWN,UNKNOWN,Y,Y,Y,UNKNOWN,UNKNOWN,Y,Y,Y,,,,,경상북도,구미시,,2026-05-23 19:35:48
A2700070,A2700070,의료법인영암의료재단고령영생병원,경상북도 고령군 대가야읍 중앙로 33 (영생병원),경상북도,고령군,G007,지역응급의료기관,054-955-2661,070-4700-0728,35.72995531573922,128.27201138885076,의료법인영암의료재단고령영생병원,070-4700-0728,,,,,,,,,1.0,,,,Y,,Y,N1,N1,Y,3.0,N1,36.0,N1,20260523193452,N1,N1,,1.0,N1,5.0,,,1.0,,,,,,1.0,,1.0,,,1.0,,,,,,,59.0,,,Y,N1,A2700070,,,,,,,,,,,경상북도,고령군,,,,,,,,,,,,,,,,,,,,,,,,,,,,,,,,,,,,,,,,,,,,,,,,,2026-05-23 19:35:48,의료법인영암의료재단고령영생병원,UNKNOWN,UNKNOWN,UNKNOWN,UNKNOWN,UNKNOWN,UNKNOWN,UNKNOWN,UNKNOWN,UNKNOWN,UNKNOWN,UNKNOWN,UNKNOWN,UNKNOWN,UNKNOWN,UNKNOWN,UNKNOWN,UNKNOWN,UNKNOWN,UNKNOWN,UNKNOWN,Y,UNKNOWN,UNKNOWN,UNKNOWN,UNKNOWN,UNKNOWN,UNKNOWN,UNKNOWN,,,,,경상북도,고령군,,2026-05-23 19:35:48
A2700097,A2700097,계명대학교경주동산병원,경상북도 경주시 봉황로 65 (서부동),경상북도,경주시,G007,지역응급의료기관,054-770-9500,054-770-9420,35.84545696334947,129.20964031186756,계명대학교경주동산병원,054-770-9420,,,,,,,,,1.0,,,,Y,,Y,N1,N1,Y,6.0,N1,49.0,N1,20260523193511,N1,Y,,2.0,N1,9.0,,,1.0,,,,,,2.0,,1.0,1.0,,1.0,,,,,,,88.0,,,Y,N1,A2700097,,,,,,,,,,,경상북도,경주시,,,,,,,,,,,,,,,,,,,,,,,,,,,,,,,,,,,,,,,,,,,,,,,,,2026-05-23 19:35:48,계명대학교경주동산병원,UNKNOWN,UNKNOWN,UNKNOWN,UNKNOWN,UNKNOWN,UNKNOWN,UNKNOWN,UNKNOWN,UNKNOWN,UNKNOWN,UNKNOWN,UNKNOWN,UNKNOWN,UNKNOWN,UNKNOWN,UNKNOWN,UNKNOWN,UNKNOWN,UNKNOWN,UNKNOWN,Y,UNKNOWN,UNKNOWN,UNKNOWN,UNKNOWN,UNKNOWN,UNKNOWN,UNKNOWN,,,,,경상북도,경주시,,2026-05-23 19:35:48
A2700003,A2700003,동국대학교의과대학경주병원,경상북도 경주시 동대로 87 (석장동),경상북도,경주시,G006,지역응급의료센터,054-748-9300,054-770-8306,35.85839884416154,129.19669937927446,동국대학교의과대학경주병원,054-770-8306,Y,Y,,,1.0,0.0,2.0,2.0,5.0,,,Y,Y,Y,Y,Y,Y,Y,4.0,N1,63.0,N1,20260523193042,Y,Y,,6.0,N1,16.0,3.0,2.0,5.0,,11.0,17.0,,,7.0,1.0,2.0,2.0,2.0,26.0,2.0,6.0,2.0,,,,278.0,,,Y,Y,A2700003,4.0,8.0,0.0,7.0,4.0,17.0,,3.0,3.0,,경상북도,경주시,,,,,,,,,,,,,,,,,,,,,,,,,,,,,,,,,,,,,,,,,,,,,,,,,2026-05-23 19:35:48,동국대학교의과대학경주병원,UNKNOWN,UNKNOWN,Y,UNKNOWN,UNKNOWN,UNKNOWN,UNKNOWN,UNKNOWN,UNKNOWN,UNKNOWN,UNKNOWN,Y,UNKNOWN,UNKNOWN,UNKNOWN,UNKNOWN,UNKNOWN,Y,UNKNOWN,UNKNOWN,Y,Y,Y,UNKNOWN,UNKNOWN,Y,UNKNOWN,Y,,,,,경상북도,경주시,,2026-05-23 19:35:48
A2700036,A2700036,의료법인서명의료재단세명종합병원,경상북도 경산시 경안로 208 (중방동),경상북도,경산시,G007,지역응급의료기관,053-819-8803,053-819-8500,35.82621911080917,128.7374074375532,의료법인서명의료재단세명종합병원,053-819-8500,,,,,,,,,2.0,,,,Y,,Y,N1,N1,Y,8.0,N1,62.0,N1,20260523193233,N1,Y,,4.0,N1,13.0,,,2.0,,,,,,4.0,,1.0,1.0,,6.0,,,,,,,264.0,,,Y,N1,A2700036,,4.0,0.0,14.0,,22.0,,,,,경상북도,경산시,,,,,,,,,,,,,,,,,,,,,,,,,,,,,,,,,,,,,,,,,,,,,,,,,2026-05-23 19:35:48,의료법인서명의료재단세명종합병원,UNKNOWN,UNKNOWN,UNKNOWN,UNKNOWN,UNKNOWN,UNKNOWN,UNKNOWN,UNKNOWN,UNKNOWN,UNKNOWN,UNKNOWN,UNKNOWN,UNKNOWN,UNKNOWN,UNKNOWN,UNKNOWN,UNKNOWN,UNKNOWN,UNKNOWN,UNKNOWN,Y,UNKNOWN,UNKNOWN,UNKNOWN,UNKNOWN,UNKNOWN,UNKNOWN,UNKNOWN,,,,,경상북도,경산시,,2026-05-23 19:35:48
A2700019,A2700019,의)근원의료재단경산중앙병원,경상북도 경산시 경안로 11 (백천동),경상북도,경산시,G007,지역응급의료기관,053-715-0100,053-715-0119,35.80882731345708,128.7401572913474,의)근원의료재단경산중앙병원,053-715-0119,,,,,,,,,2.0,,,,Y,,Y,N1,N1,Y,3.0,N1,81.0,N1,20260523193505,N1,Y,,4.0,N1,10.0,,,2.0,,,,,,4.0,,1.0,1.0,,9.0,,,,,,,303.0,,,Y,N1,A2700019,0.0,32.0,3.0,11.0,2.0,116.0,,,,,경상북도,경산시,,,,,,,,,,,,,,,,,,,,,,,,,,,,,,,,,,,,,,,,,,,,,,,,,2026-05-23 19:35:48,의)근원의료재단경산중앙병원,UNKNOWN,UNKNOWN,UNKNOWN,UNKNOWN,UNKNOWN,UNKNOWN,UNKNOWN,UNKNOWN,UNKNOWN,UNKNOWN,UNKNOWN,UNKNOWN,UNKNOWN,UNKNOWN,UNKNOWN,UNKNOWN,UNKNOWN,UNKNOWN,UNKNOWN,UNKNOWN,Y,UNKNOWN,UNKNOWN,UNKNOWN,UNKNOWN,UNKNOWN,UNKNOWN,UNKNOWN,,,,,경상북도,경산시,,2026-05-23 19:35:48
A2800055,A2800055,삼성합천병원,경상남도 합천군 합천읍 대야로 876,경상남도,합천군,G007,지역응급의료기관,055-933-2200,070-5125-5030,35.56635668398722,128.16327169035327,삼성합천병원,070-5125-5030,,,,,,,,,1.0,,,,Y,,Y,N1,N1,Y,-1.0,N1,12.0,N1,20260523193501,N1,Y,,2.0,N1,4.0,,,1.0,,,,,,2.0,,1.0,1.0,,1.0,,,,,,,141.0,,,Y,N1,A2800055,,,,,,,,,,,경상남도,합천군,,,,,,,,,,,,,,,,,,,,,,,,,,,,,,,,,,,,,,,,,,,,,,,,,2026-05-23 19:35:48,삼성합천병원,UNKNOWN,UNKNOWN,UNKNOWN,UNKNOWN,UNKNOWN,UNKNOWN,UNKNOWN,UNKNOWN,UNKNOWN,UNKNOWN,UNKNOWN,UNKNOWN,UNKNOWN,UNKNOWN,UNKNOWN,UNKNOWN,UNKNOWN,UNKNOWN,UNKNOWN,UNKNOWN,Y,UNKNOWN,UNKNOWN,UNKNOWN,UNKNOWN,UNKNOWN,UNKNOWN,UNKNOWN,,,,,경상남도,합천군,,2026-05-23 19:35:48
A2800080,A2800080,함양성심병원,경상남도 함양군 함양읍 고운로 70,경상남도,함양군,G007,지역응급의료기관,055-963-4322,055-964-4322,35.52046827900683,127.72924773802184,함양성심병원,055-964-4322,,,,,,,,,1.0,,,,Y,,Y,N1,N1,Y,2.0,N1,29.0,N1,20260523193229,N1,Y,,2.0,N1,4.0,,,1.0,,,,,,2.0,,1.0,1.0,,1.0,,,,,,,121.0,,,Y,N1,A2800080,,,,,,,,,,,경상남도,함양군,,,,,,,,,,,,,,,,,,,,,,,,,,,,,,,,,,,,,,,,,,,,,,,,,2026-05-23 19:35:48,,,,,,,,,,,,,,,,,,,,,,,,,,,,,,,,,,,,,
A2800138,A2800138,시영의료재단 영동병원,경상남도 함안군 칠원읍 용산2길 45-13,경상남도,함안군,G009,응급실운영신고기관,055-586-2000,055-586-2000,35.308982637512486,128.51554361153526,,,,,,,,,,,,,,,,,,,,,,,,,,,,,,,,,,,,,,,,,,,,,,,,,,,,,,,,,,,,,,,,,,,,,,,,,,,,,,,,,,,,,,,,,,,,,,,,,,,,,,,,,,,,,,,,,,,,,,,,,,,,,,,,,,,,,,,,,,,,,,,,,,,,,,,,,,,
A2800826,A2800826,하동중앙의원,경상남도 하동군 하동읍 연화길 6,경상남도,하동군,G009,응급실운영신고기관,055-883-0222,055-883-0222,35.07144347237017,127.75322730361016,,,,,,,,,,,,,,,,,,,,,,,,,,,,,,,,,,,,,,,,,,,,,,,,,,,,,,,,,,,,,,,,,,,,,,,,,,,,,,,,,,,,,,,,,,,,,,,,,,,,,,,,,,,,,,,,,,,,,,,,,,,,,,,,,,,,,,,,,,,,,,,,,,,,,,,,,,,
A2800092,A2800092,새통영병원,경상남도 통영시 무전7길 192 (무전동),경상남도,통영시,G007,지역응급의료기관,055-646-6000,055-640-4119,34.86535758722789,128.4206525557243,새통영병원,055-640-4119,,,,,,,,,1.0,,,,Y,,Y,N1,N1,Y,2.0,N1,77.0,N1,20260523193523,N1,Y,,3.0,N1,9.0,,,1.0,,,,,,3.0,,1.0,2.0,,3.0,,,,,,,256.0,,,Y,N1,A2800092,,,,,,,,,,,경상남도,통영시,,,,,,,,,,,,,,,,,,,,,,,,,,,,,,,,,,,,,,,,,,,,,,,,,2026-05-23 19:35:48,새통영병원,UNKNOWN,UNKNOWN,UNKNOWN,UNKNOWN,UNKNOWN,UNKNOWN,UNKNOWN,UNKNOWN,UNKNOWN,UNKNOWN,UNKNOWN,UNKNOWN,UNKNOWN,UNKNOWN,UNKNOWN,UNKNOWN,UNKNOWN,UNKNOWN,UNKNOWN,UNKNOWN,Y,UNKNOWN,UNKNOWN,UNKNOWN,UNKNOWN,UNKNOWN,UNKNOWN,UNKNOWN,,,,,경상남도,통영시,,2026-05-23 19:35:48
A2800021,A2800021,연세에스병원,경상남도 창원시 진해구 해원로32번길 13 (이동),경상남도,창원시,G007,지역응급의료기관,055-548-7700,055-548-7789,35.1547321003,128.6983352518,연세에스병원,055-548-7789,,,,,,,,,1.0,,,,Y,Y,Y,Y,N1,Y,5.0,N1,132.0,N1,20260523193412,N1,Y,,3.0,N1,9.0,,,1.0,,,,,,3.0,,2.0,2.0,1.0,5.0,,,,,,,255.0,,,Y,N1,A2800021,,,6.0,10.0,,,,,,,경상남도,창원시,,,,,,,,,,,,,,,,,,,,,,,,,,,,,,,,,,,,,,,,,,,,,,,,,2026-05-23 19:35:48,연세에스병원,UNKNOWN,UNKNOWN,UNKNOWN,UNKNOWN,UNKNOWN,UNKNOWN,UNKNOWN,UNKNOWN,UNKNOWN,UNKNOWN,UNKNOWN,N,UNKNOWN,UNKNOWN,UNKNOWN,UNKNOWN,UNKNOWN,UNKNOWN,UNKNOWN,UNKNOWN,Y,N,N,UNKNOWN,UNKNOWN,UNKNOWN,UNKNOWN,UNKNOWN,,,,,경상남도,창원시,,2026-05-23 19:35:48
A2800004,A2800004,창원파티마병원,경상남도 창원시 의창구 창이대로 45 (명서동),경상남도,창원시,G006,지역응급의료센터,055-270-1000,055-270-1119,35.2372418321,128.6444852768,창원파티마병원,055-270-1119,Y,Y,,,4.0,,1.0,3.0,2.0,,,Y,Y,Y,Y,Y,Y,Y,2.0,N1,181.0,Y,20260523193105,Y,Y,2.0,7.0,N1,17.0,,1.0,2.0,,13.0,14.0,2.0,,7.0,2.0,4.0,3.0,3.0,16.0,3.0,6.0,3.0,,3.0,,447.0,,,Y,Y,A2800004,0.0,,,,2.0,,,6.0,6.0,,경상남도,창원시,,,,,,,,,,,,,,,,,,,,1.0,,,,,,,,,,,,,,,,,,,,,,,,,,,,,2026-05-23 19:35:48,창원파티마병원,Y,UNKNOWN,UNKNOWN,UNKNOWN,UNKNOWN,UNKNOWN,UNKNOWN,UNKNOWN,UNKNOWN,Y,UNKNOWN,Y,UNKNOWN,UNKNOWN,Y,Y,UNKNOWN,UNKNOWN,UNKNOWN,UNKNOWN,Y,Y,Y,UNKNOWN,UNKNOWN,Y,Y,Y,,,,,경상남도,창원시,,2026-05-23 19:35:48
A2800007,A2800007,창원한마음병원,경상남도 창원시 의창구 용동로57번길 8 (사림동),경상남도,창원시,G006,지역응급의료센터,055-225-0000,055-225-0350,35.2379796340839,128.699059273138,창원한마음병원,055-225-0350,Y,Y,,,0.0,,1.0,2.0,3.0,,,Y,Y,Y,Y,Y,Y,Y,4.0,Y,113.0,Y,20260523193310,Y,Y,10.0,13.0,Y,21.0,,1.0,3.0,,25.0,37.0,10.0,,13.0,2.0,4.0,4.0,4.0,29.0,3.0,11.0,6.0,1.0,2.0,2.0,688.0,,,Y,Y,A2800007,1.0,,,,1.0,,,0.0,6.0,,경상남도,창원시,,,,,,,,,,,,,,,,,,,,,,,,,,,,,,,,,,,,,,,,,,,,,,,,,2026-05-23 19:35:48,창원한마음병원,Y,Y,Y,UNKNOWN,UNKNOWN,UNKNOWN,Y,Y,Y,Y,Y,Y,UNKNOWN,Y,Y,Y,UNKNOWN,UNKNOWN,Y,UNKNOWN,Y,Y,Y,UNKNOWN,Y,Y,Y,Y,,,,,경상남도,창원시,,2026-05-23 19:35:48
A2800012,A2800012,근로복지공단 창원병원,경상남도 창원시 성산구 창원대로 721 (중앙동),경상남도,창원시,G009,응급실운영신고기관,055-280-7619,055-280-0400,35.21861866618743,128.6715437456084,,,,,,,,,,,,,,,,,,,,,,,,,,,,,,,,,,,,,,,,,,,,,,,,,,,,,,,,,,,,,,,,,,,,,,,,,,,,,,,,,,,,,,,,,,,,,,,,,,,,,,,,,,,,,,,,,,,,,,,,,,,,,,,,,,,,,,,,,,,,,,,,,,,,,,,,,,,
A2803505,A2803505,창원경상국립대학교병원,"경상남도 창원시 성산구 삼정자로 11 (성주동, 창원경상대학교병원)",경상남도,창원시,G006,지역응급의료센터,055-214-2000,055-214-1339,35.19921298418469,128.7078072393552,창원경상국립대학교병원,055-214-1339,Y,Y,,,,,1.0,,2.0,,,Y,Y,Y,Y,Y,Y,Y,10.0,Y,196.0,Y,20260523193300,Y,Y,0.0,13.0,N1,18.0,,1.0,2.0,,,,17.0,,13.0,9.0,3.0,2.0,5.0,52.0,9.0,22.0,6.0,7.0,14.0,,437.0,,,Y,Y,A2803505,2.0,10.0,13.0,34.0,2.0,22.0,,6.0,6.0,,경상남도,창원시,,,5.0,0.0,,,,,,,,,,,5.0,0.0,,,,,,,,,,,,,,,,,,,,,,,,,,,,,,,,,2026-05-23 19:35:48,창원경상국립대학교병원,Y,Y,N,Y,N,UNKNOWN,Y,Y,Y,N,Y,UNKNOWN,UNKNOWN,UNKNOWN,Y,Y,Y,N,Y,Y,Y,Y,Y,Y,Y,Y,Y,Y,,,,,경상남도,창원시,,2026-05-23 19:35:48
A2800020,A2800020,학교법인성균관대학삼성창원병원,"경상남도 창원시 마산회원구 팔용로 158 (합성동, 삼성창원병원)",경상남도,창원시,G001,권역응급의료센터,055-233-8899,055-233-6119,35.242599227316994,128.592430520838,학교법인성균관대학삼성창원병원,055-233-6119,Y,Y,,1.0,1.0,3.0,2.0,12.0,3.0,9.0,21.0,Y,Y,Y,Y,Y,Y,Y,6.0,Y,276.0,Y,20260523193451,Y,Y,5.0,15.0,N1,18.0,3.0,2.0,3.0,19.0,15.0,20.0,12.0,30.0,15.0,7.0,4.0,3.0,4.0,45.0,8.0,20.0,5.0,3.0,3.0,,645.0,,1.0,Y,Y,A2800020,0.0,,,,3.0,,,2.0,5.0,,경상남도,창원시,,,,,,,,,,,,,,,,,,,,,,,,,,,,,,,,,,,,,,,,,,,,,,,,,2026-05-23 19:35:48,학교법인성균관대학삼성창원병원,Y,Y,Y,UNKNOWN,UNKNOWN,UNKNOWN,Y,N,N,N,UNKNOWN,Y,N,UNKNOWN,Y,N,UNKNOWN,UNKNOWN,Y,UNKNOWN,Y,Y,Y,Y,Y,Y,Y,Y,,,,,경상남도,창원시,,2026-05-23 19:35:48
A2800009,A2800009,의료법인청아의료재단청아병원,경상남도 창원시 마산회원구 내서읍 광려천서로 67 (청아병원),경상남도,창원시,G007,지역응급의료기관,055-230-1500,055-230-1700,35.24798366104159,128.50971731844322,의료법인청아의료재단청아병원,055-230-1700,,,,,,,,,1.0,,,,Y,,Y,N1,N1,Y,8.0,N1,87.0,N1,20260523193344,N1,Y,,4.0,N1,9.0,,,1.0,,,,,,4.0,,2.0,2.0,,4.0,,,,,,,274.0,,,Y,N1,A2800009,,,,,,,,,,,경상남도,창원시,,,,,,,,,,,,,,,,,,,,,,,,,,,,,,,,,,,,,,,,,,,,,,,,,2026-05-23 19:35:48,의료법인청아의료재단청아병원,UNKNOWN,UNKNOWN,UNKNOWN,UNKNOWN,UNKNOWN,UNKNOWN,UNKNOWN,UNKNOWN,UNKNOWN,UNKNOWN,UNKNOWN,UNKNOWN,UNKNOWN,UNKNOWN,UNKNOWN,UNKNOWN,UNKNOWN,UNKNOWN,UNKNOWN,UNKNOWN,Y,UNKNOWN,UNKNOWN,UNKNOWN,UNKNOWN,UNKNOWN,UNKNOWN,UNKNOWN,,,,,경상남도,창원시,,2026-05-23 19:35:48
A2800017,A2800017,의료법인합포의료재단에스엠지연세병원,"경상남도 창원시 마산합포구 3·15대로 76 (월남동2가, 합포의료재단)",경상남도,창원시,G006,지역응급의료센터,055-243-0100,055-240-7777,35.18635329986849,128.56163160027907,의료법인합포의료재단에스엠지연세병원,055-240-7777,,,,,,,1.0,,2.0,,,,Y,Y,Y,Y,Y,Y,11.0,N1,79.0,N1,20260523193507,N1,Y,,4.0,N1,17.0,,1.0,2.0,,,,,,4.0,,1.0,2.0,1.0,7.0,,,1.0,,,,286.0,,,Y,N1,A2800017,1.0,,3.0,11.0,1.0,,,,,,경상남도,창원시,,,,,,,,,,,,,,,,,,,,,,,,,,,,,,,,,,,,,,,,,,,,,,,,,2026-05-23 19:35:48,의료법인합포의료재단에스엠지연세병원,Y,UNKNOWN,Y,UNKNOWN,UNKNOWN,UNKNOWN,UNKNOWN,UNKNOWN,UNKNOWN,UNKNOWN,UNKNOWN,Y,UNKNOWN,UNKNOWN,Y,Y,UNKNOWN,UNKNOWN,Y,UNKNOWN,Y,Y,UNKNOWN,UNKNOWN,UNKNOWN,Y,Y,Y,,,,,경상남도,창원시,,2026-05-23 19:35:48
A2800018,A2800018,의료법인석영의료재단창원제일종합병원,경상남도 창원시 마산합포구 3·15대로 238 (중앙동3가),경상남도,창원시,G009,응급실운영신고기관,055-223-9000,055-249-7777,35.199036071110854,128.56772923734115,,,,,,,,,,,,,,,,,,,,,,,,,,,,,,,,,,,,,,,,,,,,,,,,,,,,,,,,,,,,,,,,,,,,,,,,,,,,,,,,,,,,,,,,,,,,,,,,,,,,,,,,,,,,,,,,,,,,,,,,,,,,,,,,,,,,,,,,,,,,,,,,,,,,,,,,,,,
A2800025,A2800025,경상남도마산의료원,경상남도 창원시 마산합포구 3·15대로 231 (중앙동3가),경상남도,창원시,G007,지역응급의료기관,055-249-1000,055-249-1119,35.19906819846745,128.56551976148475,경상남도마산의료원,055-249-1119,,,,,,,1.0,,1.0,,,,Y,,Y,N1,Y,Y,11.0,N1,116.0,N1,20260523193502,N1,Y,,5.0,N1,13.0,,1.0,1.0,,,,,,5.0,,1.0,1.0,,17.0,,,2.0,,,,263.0,,,Y,N1,A2800025,1.0,,5.0,6.0,2.0,,,21.0,27.0,,경상남도,창원시,,,,,,,,,,,,,,,,,,,,,,,,,,,,,,,,,,,,,,,,,,,,,,,,,2026-05-23 19:35:48,경상남도마산의료원,UNKNOWN,UNKNOWN,UNKNOWN,UNKNOWN,UNKNOWN,UNKNOWN,UNKNOWN,UNKNOWN,UNKNOWN,UNKNOWN,UNKNOWN,UNKNOWN,UNKNOWN,UNKNOWN,UNKNOWN,UNKNOWN,UNKNOWN,UNKNOWN,UNKNOWN,UNKNOWN,Y,UNKNOWN,UNKNOWN,UNKNOWN,UNKNOWN,UNKNOWN,UNKNOWN,UNKNOWN,,,,,경상남도,창원시,,2026-05-23 19:35:48
A2800062,A2800062,태황의료재단한성병원,경상남도 창녕군 창녕읍 교리1길 2,경상남도,창녕군,G007,지역응급의료기관,0555305000,055-530-5119,35.5421522771,128.4934147264,태황의료재단한성병원,055-530-5119,,,,,,,,,1.0,,,,,,Y,N1,N1,N1,5.0,N1,62.0,N1,20260523193437,N1,N1,,,N1,9.0,,,1.0,,,,,,,,,,,,,,,,,,167.0,,,N1,N1,A2800062,,,,,,,,,,,경상남도,창녕군,,,,,,,,,,,,,,,,,,,,,,,,,,,,,,,,,,,,,,,,,,,,,,,,,2026-05-23 19:35:48,태황의료재단한성병원,UNKNOWN,UNKNOWN,UNKNOWN,UNKNOWN,UNKNOWN,UNKNOWN,UNKNOWN,UNKNOWN,UNKNOWN,UNKNOWN,UNKNOWN,UNKNOWN,UNKNOWN,UNKNOWN,UNKNOWN,UNKNOWN,UNKNOWN,UNKNOWN,UNKNOWN,UNKNOWN,Y,UNKNOWN,UNKNOWN,UNKNOWN,UNKNOWN,UNKNOWN,UNKNOWN,UNKNOWN,,,,,경상남도,창녕군,,2026-05-23 19:35:48
A2800003,A2800003,제일병원,경상남도 진주시 진주대로 885 (강남동),경상남도,진주시,G006,지역응급의료센터,055-750-7123,055-750-7119,35.1793997485,128.0899464997,제일병원,055-750-7119,,,,,,,1.0,,2.0,,,,Y,Y,Y,Y,N1,Y,12.0,N1,75.0,N1,20260523193410,N1,Y,,5.0,Y,17.0,,1.0,2.0,,,,,,7.0,,2.0,2.0,1.0,4.0,,,,,,1.0,258.0,,,Y,N1,A2800003,,,6.0,9.0,,,,,,,경상남도,진주시,,,,,,,,,,,,,,,,,,,,1.0,,,,,,,,,,,,,,,,,,,,,,,,,,,,,2026-05-23 19:35:48,제일병원,Y,UNKNOWN,UNKNOWN,UNKNOWN,UNKNOWN,UNKNOWN,UNKNOWN,UNKNOWN,UNKNOWN,UNKNOWN,Y,UNKNOWN,UNKNOWN,UNKNOWN,Y,UNKNOWN,UNKNOWN,UNKNOWN,UNKNOWN,UNKNOWN,Y,UNKNOWN,UNKNOWN,UNKNOWN,UNKNOWN,Y,Y,Y,,,,,경상남도,진주시,,2026-05-23 19:35:48
A2800044,A2800044,진주세란병원,경상남도 진주시 진주대로 829 (주약동),경상남도,진주시,G009,응급실운영신고기관,055-760-7578,055-760-7575,35.17448762105697,128.09295064588534,,,,,,,,,,,,,,,,,,,,,,,,,,,,,,,,,,,,,,,,,,,,,,,,,,,,,,,,,,,,,,,,,,,,,,,,,,,,,,,,,,,,,,,,,,,,,,,,,,,,,,,,,,,,,,,,,,,,,,,,,,,,,,,,,,,,,,,,,,,,,,,,,,,,,,,,,,,
A2800037,A2800037,진주복음병원,경상남도 진주시 진양호로 370 (신안동),경상남도,진주시,G007,지역응급의료기관,055-749-7110,055-749-7119,35.185376569664825,128.06939115519654,진주복음병원,055-749-7119,,,,,,,,,1.0,,,,Y,,Y,N1,N1,Y,9.0,N1,31.0,N1,20260523193511,N1,N,,3.0,N1,9.0,,,1.0,,,,,,3.0,,1.0,1.0,,1.0,,,,,,,131.0,,,N,N1,A2800037,,,,,,,,,,,경상남도,진주시,,,,,,,,,,,,,,,,,,,,,,,,,,,,,,,,,,,,,,,,,,,,,,,,,2026-05-23 19:35:48,진주복음병원,UNKNOWN,UNKNOWN,UNKNOWN,UNKNOWN,UNKNOWN,UNKNOWN,UNKNOWN,UNKNOWN,UNKNOWN,UNKNOWN,UNKNOWN,UNKNOWN,UNKNOWN,UNKNOWN,UNKNOWN,UNKNOWN,UNKNOWN,UNKNOWN,UNKNOWN,UNKNOWN,Y,UNKNOWN,UNKNOWN,UNKNOWN,UNKNOWN,UNKNOWN,UNKNOWN,UNKNOWN,,,,,경상남도,진주시,,2026-05-23 19:35:48
A2800043,A2800043,한일병원,"경상남도 진주시 범골로 17, 한일병원 지하1 1~7층 (충무공동)",경상남도,진주시,G006,지역응급의료센터,055-759-7777,055-750-1333,35.16696519825003,128.128547657113,한일병원,055-750-1333,,,,,,,1.0,,2.0,,,,Y,Y,Y,Y,Y,Y,12.0,N1,50.0,N1,20260523193513,N1,Y,,4.0,Y,17.0,,1.0,2.0,,,,,,4.0,,2.0,2.0,1.0,6.0,,,1.0,,,1.0,282.0,,,Y,N1,A2800043,1.0,,5.0,15.0,1.0,,,,,,경상남도,진주시,,,,,,,,,,,,,,,,,,,,,,,,,,,,,,,,,,,,,,,,,,,,,,,,,2026-05-23 19:35:48,한일병원,UNKNOWN,UNKNOWN,UNKNOWN,UNKNOWN,UNKNOWN,UNKNOWN,UNKNOWN,UNKNOWN,UNKNOWN,UNKNOWN,UNKNOWN,Y,UNKNOWN,UNKNOWN,N,UNKNOWN,UNKNOWN,UNKNOWN,UNKNOWN,UNKNOWN,Y,Y,Y,UNKNOWN,UNKNOWN,Y,Y,Y,,,,,경상남도,진주시,,2026-05-23 19:35:48
A2800045,A2800045,의료법인 바른의료재단 바른병원,경상남도 진주시 동진로 7 (칠암동),경상남도,진주시,G009,응급실운영신고기관,055-790-3000,055-790-3651,35.179208158439586,128.09170475475878,,,,,,,,,,,,,,,,,,,,,,,,,,,,,,,,,,,,,,,,,,,,,,,,,,,,,,,,,,,,,,,,,,,,,,,,,,,,,,,,,,,,,,,,,,,,,,,,,,,,,,,,,,,,,,,,,,,,,,,,,,,,,,,,,,,,,,,,,,,,,,,,,,,,,,,,,,,
A2800015,A2800015,의료법인 문병욱의료재단 진주고려병원,"경상남도 진주시 동진로 2 (칠암동, 진주고려병원)",경상남도,진주시,G007,지역응급의료기관,055-751-2500,055-751-2525,35.17849131749577,128.09223855742437,의료법인 문병욱의료재단 진주고려병원,055-751-2525,,,,,,,,,1.0,,,,Y,Y,Y,Y,N1,Y,10.0,N1,84.0,N1,20260523193517,N1,Y,,4.0,Y,10.0,,,1.0,,,,,,4.0,,2.0,2.0,1.0,4.0,,,,,,1.0,229.0,,,Y,N1,A2800015,,,2.0,9.0,,,,,,,경상남도,진주시,,,,,,,,,,,,,,,,,,,,,,,,,,,,,,,,,,,,,,,,,,,,,,,,,2026-05-23 19:35:48,의료법인 문병욱의료재단 진주고려병원,Y,UNKNOWN,Y,UNKNOWN,UNKNOWN,UNKNOWN,UNKNOWN,UNKNOWN,UNKNOWN,UNKNOWN,UNKNOWN,UNKNOWN,UNKNOWN,UNKNOWN,UNKNOWN,UNKNOWN,UNKNOWN,UNKNOWN,UNKNOWN,UNKNOWN,Y,UNKNOWN,UNKNOWN,UNKNOWN,UNKNOWN,UNKNOWN,UNKNOWN,UNKNOWN,,,,,경상남도,진주시,,2026-05-23 19:35:48
A2800084,A2800084,반도병원,경상남도 진주시 남강로 701 (장대동),경상남도,진주시,G007,지역응급의료기관,0557476000,055-749-0200,35.19175352096591,128.08828232510143,반도병원,055-749-0200,,,,,,,,,1.0,,,,Y,,Y,N1,N1,Y,5.0,N1,80.0,N1,20260523193004,N1,Y,,3.0,N1,7.0,,,1.0,,,,,,3.0,,1.0,1.0,,3.0,,,,,,,165.0,,,Y,N1,A2800084,,,,,,,,,,,경상남도,진주시,,,,,,,,,,,,,,,,,,,,,,,,,,,,,,,,,,,,,,,,,,,,,,,,,2026-05-23 19:35:48,반도병원,UNKNOWN,UNKNOWN,UNKNOWN,UNKNOWN,UNKNOWN,UNKNOWN,UNKNOWN,UNKNOWN,UNKNOWN,UNKNOWN,Y,UNKNOWN,UNKNOWN,UNKNOWN,Y,UNKNOWN,UNKNOWN,UNKNOWN,UNKNOWN,UNKNOWN,Y,UNKNOWN,UNKNOWN,UNKNOWN,UNKNOWN,Y,UNKNOWN,Y,,,,,경상남도,진주시,,2026-05-23 19:35:48
A2800001,A2800001,경상국립대학교병원,경상남도 진주시 강남로 79 (칠암동),경상남도,진주시,G001,권역응급의료센터,055-750-8000,055-750-8282,35.17634016550792,128.09564813723503,경상국립대학교병원,055-750-8282,Y,Y,,2.0,2.0,3.0,2.0,1.0,3.0,1.0,16.0,Y,Y,Y,Y,Y,Y,Y,21.0,Y,299.0,Y,20260523193303,Y,Y,8.0,15.0,N1,34.0,3.0,2.0,3.0,14.0,8.0,9.0,15.0,30.0,15.0,7.0,3.0,3.0,5.0,15.0,9.0,20.0,6.0,4.0,17.0,,655.0,,6.0,Y,Y,A2800001,0.0,5.0,,,3.0,23.0,,5.0,7.0,,경상남도,진주시,,,,,25.0,2.0,,2.0,5.0,18.0,,20.0,40.0,2.0,,,2.0,6.0,,,,,,,,,,2.0,,6.0,,,,,,,,,,,,,,,,,,,2026-05-23 19:35:48,경상국립대학교병원,Y,N,Y,Y,Y,UNKNOWN,Y,Y,Y,Y,UNKNOWN,Y,UNKNOWN,UNKNOWN,Y,N,Y,Y,N,N,Y,N,Y,N,N,Y,Y,Y,,,,,경상남도,진주시,,2026-05-23 19:35:48
A2800090,A2800090,의령병원,경상남도 의령군 의령읍 의병로14길 10,경상남도,의령군,G007,지역응급의료기관,055-573-4100,055-573-6806,35.31860563079656,128.2586798056445,의령병원,055-573-6806,,,,,,,,,0.0,,,,Y,,Y,N1,N1,Y,2.0,N1,29.0,N1,20260523193153,N1,N1,,,N1,4.0,,,1.0,,,,,,,,1.0,,,1.0,,,,,,,58.0,,,Y,N1,A2800090,,,,,,,,,,,경상남도,의령군,,,,,,,,,,,,,,,,,,,,,,,,,,,,,,,,,,,,,,,,,,,,,,,,,2026-05-23 19:35:48,의령병원,UNKNOWN,UNKNOWN,UNKNOWN,UNKNOWN,UNKNOWN,UNKNOWN,UNKNOWN,UNKNOWN,UNKNOWN,UNKNOWN,UNKNOWN,UNKNOWN,UNKNOWN,UNKNOWN,UNKNOWN,UNKNOWN,UNKNOWN,UNKNOWN,UNKNOWN,UNKNOWN,Y,UNKNOWN,UNKNOWN,UNKNOWN,UNKNOWN,UNKNOWN,UNKNOWN,UNKNOWN,,,,,경상남도,의령군,,2026-05-23 19:35:48
A2800019,A2800019,베데스다복음병원,경상남도 양산시 신기로 28 (신기동),경상남도,양산시,G007,지역응급의료기관,055-384-9901,055-781-9911,35.3532221786617,129.04356811738057,베데스다복음병원,055-781-9911,,,,,,,,,1.0,,,,Y,,Y,N1,N1,Y,9.0,N1,22.0,N1,20260523193523,N1,Y,,3.0,N1,9.0,,,1.0,,,,,,3.0,,1.0,1.0,,1.0,,,,,,,110.0,,,Y,N1,A2800019,,,,,,,,,,,경상남도,양산시,,,,,,,,,,,,,,,,,,,,,,,,,,,,,,,,,,,,,,,,,,,,,,,,,2026-05-23 19:35:48,베데스다복음병원,UNKNOWN,UNKNOWN,UNKNOWN,UNKNOWN,UNKNOWN,UNKNOWN,UNKNOWN,UNKNOWN,UNKNOWN,UNKNOWN,UNKNOWN,UNKNOWN,UNKNOWN,UNKNOWN,UNKNOWN,UNKNOWN,UNKNOWN,UNKNOWN,UNKNOWN,UNKNOWN,Y,UNKNOWN,UNKNOWN,UNKNOWN,UNKNOWN,UNKNOWN,UNKNOWN,UNKNOWN,,,,,경상남도,양산시,,2026-05-23 19:35:48
A2804593,A2804593,양산성모병원,경상남도 양산시 서창로 59 (명동),경상남도,양산시,G007,지역응급의료기관,1600-7582,055-912-9785,35.4063127806528,129.164516842928,양산성모병원,055-912-9785,,,,,,,1.0,,,,,,Y,,Y,N1,N1,Y,11.0,N1,129.0,N1,20260523193440,N1,Y,,2.0,N1,13.0,,1.0,,,,,,,4.0,,1.0,2.0,,1.0,,,,,,,214.0,,,Y,N1,A2804593,,,5.0,5.0,,,,,,,경상남도,양산시,,,,,,,,,,,,,,,,,,,,,,,,,,,,,,,,,,,,,,,,,,,,,,,,,2026-05-23 19:35:48,양산성모병원,UNKNOWN,UNKNOWN,UNKNOWN,UNKNOWN,UNKNOWN,UNKNOWN,UNKNOWN,UNKNOWN,UNKNOWN,UNKNOWN,UNKNOWN,UNKNOWN,UNKNOWN,UNKNOWN,UNKNOWN,UNKNOWN,UNKNOWN,UNKNOWN,UNKNOWN,UNKNOWN,Y,UNKNOWN,UNKNOWN,UNKNOWN,UNKNOWN,UNKNOWN,UNKNOWN,UNKNOWN,,,,,경상남도,양산시,,2026-05-23 19:35:48
A2803867,A2803867,본바른병원,"경상남도 양산시 물금읍 청운로 343, 양산바른빌딩 1층일부, 4층~10층",경상남도,양산시,G009,응급실운영신고기관,055-785-3117,055-785-3117,35.3269948206,129.0152648627,,,,,,,,,,,,,,,,,,,,,,,,,,,,,,,,,,,,,,,,,,,,,,,,,,,,,,,,,,,,,,,,,,,,,,,,,,,,,,,,,,,,,,,,,,,,,,,,,,,,,,,,,,,,,,,,,,,,,,,,,,,,,,,,,,,,,,,,,,,,,,,,,,,,,,,,,,,
A2800011,A2800011,양산부산대학교병원,경상남도 양산시 물금읍 금오로 20,경상남도,양산시,G001,권역응급의료센터,055-360-1000,055-360-1463,35.32781996751182,129.00588613550423,양산부산대학교병원,055-360-1463,Y,Y,2.0,2.0,6.0,6.0,,8.0,1.0,7.0,23.0,Y,Y,Y,Y,Y,Y,Y,11.0,Y,304.0,Y,20260523193327,Y,Y,15.0,25.0,N1,23.0,8.0,,1.0,16.0,16.0,11.0,38.0,30.0,25.0,4.0,6.0,5.0,6.0,92.0,24.0,23.0,19.0,12.0,2.0,,766.0,2.0,2.0,Y,Y,A2800011,0.0,11.0,,,0.0,33.0,,4.0,4.0,,경상남도,양산시,,,,4.0,,,1.0,,,,9.0,,,,,4.0,,,,,2.0,3.0,,,2.0,3.0,7.0,,11.0,,1.0,,,0.0,0.0,1.0,,,0.0,0.0,4.0,10.0,1.0,1.0,5.0,2.0,6.0,1.0,2026-05-23 19:35:48,양산부산대학교병원,Y,Y,Y,Y,Y,Y,Y,N,N,N,UNKNOWN,N,UNKNOWN,UNKNOWN,Y,Y,UNKNOWN,N,N,Y,Y,Y,Y,Y,N,N,N,N,,,,,경상남도,양산시,,2026-05-23 19:35:48
E2800380,E2800380,산청군보건의료원,경상남도 산청군 산청읍 중앙로 97,경상남도,산청군,G007,지역응급의료기관,055-970-7500,055-970-7582,35.4160463200281,127.88419591621032,산청군보건의료원,055-970-7582,,,,,,,,,1.0,,,,,,Y,N1,N1,N1,5.0,N1,20.0,N1,20260523193501,N1,N1,,,N1,5.0,,,1.0,,,,,,,,,,,1.0,,,,,,,20.0,,,Y,N1,E2800380,,,,,,,,,,,경상남도,산청군,,,,,,,,,,,,,,,,,,,,,,,,,,,,,,,,,,,,,,,,,,,,,,,,,2026-05-23 19:35:48,산청군보건의료원,UNKNOWN,UNKNOWN,UNKNOWN,UNKNOWN,UNKNOWN,UNKNOWN,UNKNOWN,UNKNOWN,UNKNOWN,UNKNOWN,UNKNOWN,UNKNOWN,UNKNOWN,UNKNOWN,UNKNOWN,UNKNOWN,UNKNOWN,UNKNOWN,UNKNOWN,UNKNOWN,Y,UNKNOWN,UNKNOWN,UNKNOWN,UNKNOWN,UNKNOWN,UNKNOWN,UNKNOWN,,,,,경상남도,산청군,,2026-05-23 19:35:48
A2800101,A2800101,삼천포제일병원,"경상남도 사천시 중앙로 136, 삼천포제일병원 (벌리동)",경상남도,사천시,G007,지역응급의료기관,055-833-4400,055-830-3099,34.9375392862,128.0795128117,삼천포제일병원,055-830-3099,,,,,,,,,2.0,,,,Y,,Y,N1,N1,Y,8.0,N1,63.0,N1,20260523193346,N1,Y,,2.0,N,8.0,,,2.0,,,,,,2.0,,1.0,1.0,,1.0,,,,,,1.0,214.0,,,Y,N1,A2800101,,,,,,,,,,,경상남도,사천시,,,,,,,,,,,,,,,,,,,,,,,,,,,,,,,,,,,,,,,,,,,,,,,,,2026-05-23 19:35:48,삼천포제일병원,UNKNOWN,UNKNOWN,UNKNOWN,UNKNOWN,UNKNOWN,UNKNOWN,UNKNOWN,UNKNOWN,UNKNOWN,UNKNOWN,UNKNOWN,UNKNOWN,UNKNOWN,UNKNOWN,Y,UNKNOWN,UNKNOWN,UNKNOWN,UNKNOWN,UNKNOWN,Y,UNKNOWN,UNKNOWN,UNKNOWN,UNKNOWN,UNKNOWN,UNKNOWN,UNKNOWN,,,,,경상남도,사천시,,2026-05-23 19:35:48
A2804216,A2804216,하나병원,"경상남도 사천시 사천읍 진삼로 1468-8, 하나병원",경상남도,사천시,G009,응급실운영신고기관,055-855-1112,070-4567-9611,35.0822158154719,128.086480599028,,,,,,,,,,,,,,,,,,,,,,,,,,,,,,,,,,,,,,,,,,,,,,,,,,,,,,,,,,,,,,,,,,,,,,,,,,,,,,,,,,,,,,,,,,,,,,,,,,,,,,,,,,,,,,,,,,,,,,,,,,,,,,,,,,,,,,,,,,,,,,,,,,,,,,,,,,,
A2800068,A2800068,의료법인승연의료재단 삼천포서울병원,경상남도 사천시 남일로 33 (동금동),경상남도,사천시,G007,지역응급의료기관,055-835-9900,055-830-9019,34.93302179207928,128.08012015415227,의료법인승연의료재단 삼천포서울병원,055-830-9019,,,,,,,,,1.0,,,,Y,,Y,N1,N1,Y,7.0,N1,22.0,N1,20260523193016,N1,Y,,3.0,Y,9.0,,,1.0,,,,,,3.0,,1.0,2.0,,4.0,,,,,,1.0,279.0,,,Y,N1,A2800068,,,,,,,,,,,경상남도,사천시,,,,,,,,,,,,,,,,,,,,,,,,,,,,,,,,,,,,,,,,,,,,,,,,,2026-05-23 19:35:48,의료법인승연의료재단 삼천포서울병원,UNKNOWN,UNKNOWN,UNKNOWN,UNKNOWN,UNKNOWN,UNKNOWN,UNKNOWN,UNKNOWN,UNKNOWN,UNKNOWN,UNKNOWN,UNKNOWN,UNKNOWN,UNKNOWN,Y,UNKNOWN,UNKNOWN,UNKNOWN,UNKNOWN,UNKNOWN,Y,UNKNOWN,UNKNOWN,UNKNOWN,UNKNOWN,UNKNOWN,UNKNOWN,UNKNOWN,,,,,경상남도,사천시,,2026-05-23 19:35:48
A2800042,A2800042,행복한병원,경상남도 밀양시 하남읍 수산중앙로 56-2,경상남도,밀양시,G009,응급실운영신고기관,055-391-0090,,35.37461994215032,128.7114865036199,,,,,,,,,,,,,,,,,,,,,,,,,,,,,,,,,,,,,,,,,,,,,,,,,,,,,,,,,,,,,,,,,,,,,,,,,,,,,,,,,,,,,,,,,,,,,,,,,,,,,,,,,,,,,,,,,,,,,,,,,,,,,,,,,,,,,,,,,,,,,,,,,,,,,,,,,,,
A2800057,A2800057,의료법인 생명사랑의료재단 밀양윤병원,경상남도 밀양시 삼문중앙로 32 (삼문동),경상남도,밀양시,G009,응급실운영신고기관,055-354-2200,,35.48468031922943,128.75564526263582,,,,,,,,,,,,,,,,,,,,,,,,,,,,,,,,,,,,,,,,,,,,,,,,,,,,,,,,,,,,,,,,,,,,,,,,,,,,,,,,,,,,,,,,,,,,,,,,,,,,,,,,,,,,,,,,,,,,,,,,,,,,,,,,,,,,,,,,,,,,,,,,,,,,,,,,,,,
A2800113,A2800113,밀양병원,경상남도 밀양시 밀양대로 1823 (삼문동),경상남도,밀양시,G007,지역응급의료기관,055-351-3993,055-356-9119,35.48717798967958,128.7485700045556,밀양병원,055-356-9119,,,,,,,,,1.0,,,,Y,,Y,N1,N1,Y,7.0,N1,53.0,N1,20260523193519,N1,Y,,0.0,N1,8.0,,,1.0,,,,,,0.0,,1.0,1.0,,1.0,,,,,,,200.0,,,Y,N1,A2800113,,,,,,,,,,,경상남도,밀양시,,,,,,,,,,,,,,,,,,,,,,,,,,,,,,,,,,,,,,,,,,,,,,,,,2026-05-23 19:35:48,밀양병원,UNKNOWN,UNKNOWN,UNKNOWN,UNKNOWN,UNKNOWN,UNKNOWN,UNKNOWN,UNKNOWN,UNKNOWN,UNKNOWN,UNKNOWN,UNKNOWN,UNKNOWN,UNKNOWN,UNKNOWN,UNKNOWN,UNKNOWN,UNKNOWN,UNKNOWN,UNKNOWN,Y,UNKNOWN,UNKNOWN,UNKNOWN,UNKNOWN,UNKNOWN,UNKNOWN,UNKNOWN,,,,,경상남도,밀양시,,2026-05-23 19:35:48
A2800094,A2800094,의료법인 이도의료재단 남해병원,경상남도 남해군 남해읍 화전로 169,경상남도,남해군,G007,지역응급의료기관,055-863-2201,055-860-6630,34.84640603127717,127.89425156305388,의료법인 이도의료재단 남해병원,055-860-6630,N,N,,,,,1.0,,1.0,,,N,Y,N,Y,N,N,Y,7.0,N,67.0,N,20260523190840,N,Y,,2.0,N,,,,,,,,,,,,,,,,,,,,,,,,,N,N,A2800094,,,,,,,,,,,경상남도,남해군,,,,,,,,,,,,,,,,,,,,,,,,,,,,,,,,,,,,,,,,,,,,,,,,,2026-05-23 19:35:48,의료법인 이도의료재단 남해병원,UNKNOWN,UNKNOWN,UNKNOWN,UNKNOWN,UNKNOWN,UNKNOWN,UNKNOWN,UNKNOWN,UNKNOWN,UNKNOWN,UNKNOWN,UNKNOWN,UNKNOWN,UNKNOWN,UNKNOWN,UNKNOWN,UNKNOWN,UNKNOWN,UNKNOWN,UNKNOWN,Y,UNKNOWN,UNKNOWN,UNKNOWN,UNKNOWN,UNKNOWN,UNKNOWN,UNKNOWN,,,,,경상남도,남해군,,2026-05-23 19:35:48
A2800006,A2800006,의료법인숭인의료재단 김해복음병원,경상남도 김해시 활천로 33 (삼정동),경상남도,김해시,G006,지역응급의료센터,055-330-8888,055-330-8844,35.2304897832,128.8935457971,의료법인숭인의료재단 김해복음병원,055-330-8844,,,,,,,1.0,,3.0,,,,Y,Y,Y,Y,Y,Y,14.0,N1,18.0,N1,20260523193256,N1,Y,,5.0,N1,16.0,,1.0,3.0,,,,,,5.0,,2.0,3.0,1.0,3.0,,,3.0,,,,359.0,,,Y,N1,A2800006,0.0,,8.0,18.0,1.0,,,,,,경상남도,김해시,,,,,,,,,,,,,,,,,,,,,,,,,,,,,,,,,,,,,,,,,,,,,,,,,2026-05-23 19:35:48,의료법인숭인의료재단 김해복음병원,Y,UNKNOWN,UNKNOWN,UNKNOWN,UNKNOWN,UNKNOWN,UNKNOWN,UNKNOWN,UNKNOWN,UNKNOWN,UNKNOWN,Y,UNKNOWN,UNKNOWN,Y,Y,UNKNOWN,UNKNOWN,UNKNOWN,UNKNOWN,Y,UNKNOWN,Y,UNKNOWN,UNKNOWN,Y,UNKNOWN,Y,,,,,경상남도,김해시,,2026-05-23 19:35:48
A2800014,A2800014,의료법인갑을의료재단 갑을장유병원,경상남도 김해시 장유로 167-13 (부곡동),경상남도,김해시,G007,지역응급의료기관,055-310-6000,055-310-6119,35.208667155880995,128.80564300531228,의료법인갑을의료재단 갑을장유병원,055-310-6119,,,,,,,1.0,,,,,,Y,,Y,N1,N1,Y,3.0,N1,46.0,N1,20260523193433,N1,Y,,4.0,N1,9.0,,1.0,,,,,,,4.0,,1.0,1.0,,1.0,,,,,,,210.0,,,Y,N1,A2800014,,,,,,,,,,,경상남도,김해시,,,,,,,,,,,,,,,,,,,,,,,,,,,,,,,,,,,,,,,,,,,,,,,,,2026-05-23 19:35:48,의료법인갑을의료재단 갑을장유병원,UNKNOWN,UNKNOWN,UNKNOWN,UNKNOWN,UNKNOWN,UNKNOWN,UNKNOWN,UNKNOWN,UNKNOWN,UNKNOWN,UNKNOWN,UNKNOWN,UNKNOWN,UNKNOWN,UNKNOWN,UNKNOWN,UNKNOWN,UNKNOWN,UNKNOWN,UNKNOWN,Y,UNKNOWN,UNKNOWN,UNKNOWN,UNKNOWN,UNKNOWN,UNKNOWN,UNKNOWN,,,,,경상남도,김해시,,2026-05-23 19:35:48
A2800146,A2800146,의료법인신의료재단김해삼승병원,경상남도 김해시 김해대로 2335 (부원동),경상남도,김해시,G009,응급실운영신고기관,055-310-7700,055-310-7777,35.226730571,128.8821901808,,,,,,,,,,,,,,,,,,,,,,,,,,,,,,,,,,,,,,,,,,,,,,,,,,,,,,,,,,,,,,,,,,,,,,,,,,,,,,,,,,,,,,,,,,,,,,,,,,,,,,,,,,,,,,,,,,,,,,,,,,,,,,,,,,,,,,,,,,,,,,,,,,,,,,,,,,,
A2800010,A2800010,의료법인환명의료재단 조은금강병원,경상남도 김해시 김해대로 1814-37 (삼계동),경상남도,김해시,G006,지역응급의료센터,055-330-0300,055-330-0200,35.2623038386,128.8615781975,의료법인환명의료재단 조은금강병원,055-330-0200,,,,,,,1.0,,2.0,,,,Y,Y,Y,Y,N1,Y,8.0,N1,84.0,N1,20260523193110,N1,Y,,4.0,Y,17.0,,1.0,2.0,,,,,,4.0,,1.0,2.0,1.0,7.0,,,,,,2.0,305.0,,,Y,N1,A2800010,1.0,4.0,10.0,23.0,1.0,96.0,,,,,경상남도,김해시,,,,,,,,,,,,,,,,,,,,,,,,,,,,,,,,,,,,,,,,,,,,,,,,,2026-05-23 19:35:48,의료법인환명의료재단 조은금강병원,Y,UNKNOWN,UNKNOWN,UNKNOWN,UNKNOWN,UNKNOWN,UNKNOWN,UNKNOWN,UNKNOWN,Y,UNKNOWN,UNKNOWN,UNKNOWN,UNKNOWN,UNKNOWN,UNKNOWN,UNKNOWN,UNKNOWN,UNKNOWN,UNKNOWN,Y,UNKNOWN,UNKNOWN,UNKNOWN,UNKNOWN,Y,Y,Y,,,,,경상남도,김해시,,2026-05-23 19:35:48
A2800063,A2800063,의료법인 지평의료재단 메가병원,경상남도 김해시 계동로 237 (대청동),경상남도,김해시,G009,응급실운영신고기관,055-903-9000,055-903-9079,35.19136230343627,128.80394805433366,,,,,,,,,,,,,,,,,,,,,,,,,,,,,,,,,,,,,,,,,,,,,,,,,,,,,,,,,,,,,,,,,,,,,,,,,,,,,,,,,,,,,,,,,,,,,,,,,,,,,,,,,,,,,,,,,,,,,,,,,,,,,,,,,,,,,,,,,,,,,,,,,,,,,,,,,,,
A2803677,A2803677,강일병원,경상남도 김해시 가락로 359 (구산동),경상남도,김해시,G007,지역응급의료기관,055-822-0100,055-822-0119,35.2567043538,128.869611099,강일병원,055-822-0119,,,,,,,1.0,,2.0,,,,Y,Y,Y,Y,N1,Y,8.0,N1,133.0,N1,20260523193521,N1,Y,,5.0,N1,8.0,,1.0,2.0,,,,,,5.0,,1.0,2.0,1.0,1.0,,,,,,,276.0,,,Y,N1,A2803677,,,13.0,15.0,,,,,,,경상남도,김해시,,,,,,,,,,,,,,,,,,,,,,,,,,,,,,,,,,,,,,,,,,,,,,,,,2026-05-23 19:35:48,강일병원,N,UNKNOWN,UNKNOWN,UNKNOWN,UNKNOWN,UNKNOWN,UNKNOWN,UNKNOWN,UNKNOWN,UNKNOWN,UNKNOWN,UNKNOWN,UNKNOWN,UNKNOWN,UNKNOWN,UNKNOWN,UNKNOWN,UNKNOWN,UNKNOWN,UNKNOWN,Y,UNKNOWN,UNKNOWN,UNKNOWN,UNKNOWN,UNKNOWN,UNKNOWN,UNKNOWN,,,,,경상남도,김해시,,2026-05-23 19:35:48
A2800032,A2800032,강병원,경상남도 고성군 고성읍 중앙로 49,경상남도,고성군,G007,지역응급의료기관,055-673-0101,055-673-4848,34.97415924940364,128.32528942283565,강병원,055-673-4848,,,,,,,,,1.0,,,,Y,,Y,N1,N1,Y,9.0,N1,35.0,N1,20260523193336,N1,Y,,1.0,N1,9.0,,,1.0,,,,,,1.0,,1.0,1.0,,1.0,,,,,,,99.0,,,Y,N1,A2800032,,,,,,,,,,,경상남도,고성군,,,,,,,,,,,,,,,,,,,,,,,,,,,,,,,,,,,,,,,,,,,,,,,,,2026-05-23 19:35:48,강병원,UNKNOWN,UNKNOWN,UNKNOWN,UNKNOWN,UNKNOWN,UNKNOWN,UNKNOWN,UNKNOWN,UNKNOWN,UNKNOWN,UNKNOWN,UNKNOWN,UNKNOWN,UNKNOWN,UNKNOWN,UNKNOWN,UNKNOWN,UNKNOWN,UNKNOWN,UNKNOWN,Y,UNKNOWN,UNKNOWN,UNKNOWN,UNKNOWN,UNKNOWN,UNKNOWN,UNKNOWN,,,,,경상남도,고성군,,2026-05-23 19:35:48
A2803447,A2803447,더조은병원,경상남도 고성군 고성읍 동외로 142,경상남도,고성군,G009,응급실운영신고기관,055-672-1111,055-804-8888,34.97372179164495,128.3262148441529,,,,,,,,,,,,,,,,,,,,,,,,,,,,,,,,,,,,,,,,,,,,,,,,,,,,,,,,,,,,,,,,,,,,,,,,,,,,,,,,,,,,,,,,,,,,,,,,,,,,,,,,,,,,,,,,,,,,,,,,,,,,,,,,,,,,,,,,,,,,,,,,,,,,,,,,,,,
A2800076,A2800076,거창적십자병원,경상남도 거창군 거창읍 중앙로 91,경상남도,거창군,G007,지역응급의료기관,0559443251,055-949-3359,35.686801911628535,127.90877080146284,거창적십자병원,055-949-3359,,Y,,,,,,,1.0,,,Y,Y,,Y,N1,N1,Y,5.0,N1,39.0,N1,20260523193524,Y,Y,,2.0,N1,9.0,,,1.0,,,,,,2.0,1.0,1.0,1.0,,2.0,,2.0,,,,,91.0,,,Y,N1,A2800076,,,,,,,,,,,경상남도,거창군,,,,,,,,,,,,,,,,,,,,,,,,,,,,,,,,,,,,,,,,,,,,,,,,,2026-05-23 19:35:48,거창적십자병원,UNKNOWN,UNKNOWN,UNKNOWN,UNKNOWN,UNKNOWN,UNKNOWN,UNKNOWN,UNKNOWN,UNKNOWN,UNKNOWN,UNKNOWN,UNKNOWN,UNKNOWN,UNKNOWN,UNKNOWN,UNKNOWN,UNKNOWN,UNKNOWN,UNKNOWN,UNKNOWN,Y,UNKNOWN,UNKNOWN,UNKNOWN,UNKNOWN,UNKNOWN,UNKNOWN,UNKNOWN,,,,,경상남도,거창군,,2026-05-23 19:35:48
A2800022,A2800022,의료법인 성념의료재단맑은샘병원,경상남도 거제시 연초면 거제대로 4477,경상남도,거제시,G007,지역응급의료기관,055-731-1240,055-736-0119,34.89793483097861,128.64371778461182,의료법인 성념의료재단맑은샘병원,055-736-0119,,,,,,,,,1.0,,,,Y,,Y,N1,N1,Y,7.0,N1,17.0,N1,20260523192540,N1,Y,,2.0,N1,9.0,,,1.0,,,,,,2.0,,1.0,1.0,,4.0,,,,,,,200.0,,,Y,N1,A2800022,,,,,,,,,,,경상남도,거제시,,,,,,,,,,,,,,,,,,,,,,,,,,,,,,,,,,,,,,,,,,,,,,,,,2026-05-23 19:35:48,의료법인 성념의료재단맑은샘병원,UNKNOWN,UNKNOWN,UNKNOWN,UNKNOWN,UNKNOWN,UNKNOWN,UNKNOWN,UNKNOWN,UNKNOWN,UNKNOWN,UNKNOWN,UNKNOWN,UNKNOWN,UNKNOWN,Y,UNKNOWN,UNKNOWN,UNKNOWN,UNKNOWN,UNKNOWN,Y,UNKNOWN,UNKNOWN,UNKNOWN,UNKNOWN,Y,UNKNOWN,Y,,,,,경상남도,거제시,,2026-05-23 19:35:48
A2800005,A2800005,의료법인 대우의료재단대우병원,경상남도 거제시 두모길 16 (두모동),경상남도,거제시,G007,지역응급의료기관,055-680-8114,055-680-8119,34.87222152119712,128.72216421007292,의료법인 대우의료재단대우병원,055-680-8119,,,,,,,,,1.0,,,,Y,,Y,N1,N1,Y,0.0,N1,42.0,N1,20260523193244,N1,Y,,4.0,N1,9.0,,,1.0,,,,,,4.0,,2.0,1.0,,5.0,,,,,,,231.0,,,Y,N1,A2800005,,,3.0,10.0,,,,,,,경상남도,거제시,,,,,,,,,,,,,,,,,,,,,,,,,,,,,,,,,,,,,,,,,,,,,,,,,2026-05-23 19:35:48,의료법인 대우의료재단대우병원,UNKNOWN,UNKNOWN,Y,UNKNOWN,UNKNOWN,UNKNOWN,UNKNOWN,UNKNOWN,UNKNOWN,Y,UNKNOWN,UNKNOWN,UNKNOWN,UNKNOWN,Y,UNKNOWN,UNKNOWN,UNKNOWN,UNKNOWN,UNKNOWN,Y,UNKNOWN,Y,UNKNOWN,UNKNOWN,Y,UNKNOWN,Y,,,,,경상남도,거제시,,2026-05-23 19:35:48
A2800008,A2800008,의료법인 거붕 백병원,경상남도 거제시 계룡로5길 14 (상동동),경상남도,거제시,G007,지역응급의료기관,055-733-0000,055-733-0180,34.873675809023304,128.62605696825915,의료법인 거붕 백병원,055-733-0180,,,,,,,,,1.0,,,,Y,,Y,N1,N1,Y,1.0,N1,51.0,N1,20260523193441,N1,Y,,4.0,N1,9.0,,,1.0,,,,,,4.0,,2.0,2.0,,12.0,,,,,,,365.0,,,Y,N1,A2800008,,,3.0,20.0,,,,,,,경상남도,거제시,,,,,,,,,,,,,,,,,,,,,,,,,,,,,,,,,,,,,,,,,,,,,,,,,2026-05-23 19:35:48,의료법인 거붕 백병원,UNKNOWN,UNKNOWN,Y,UNKNOWN,UNKNOWN,UNKNOWN,UNKNOWN,UNKNOWN,UNKNOWN,Y,UNKNOWN,UNKNOWN,UNKNOWN,UNKNOWN,UNKNOWN,UNKNOWN,UNKNOWN,UNKNOWN,UNKNOWN,UNKNOWN,Y,UNKNOWN,Y,UNKNOWN,UNKNOWN,Y,UNKNOWN,Y,,,,,경상남도,거제시,,2026-05-23 19:35:48
A2900006,A2900006,의료법인중앙의료재단중앙병원,"제주특별자치도 제주시 월랑로 91-0 (이호이동,중앙병원)",제주특별자치도,제주시,G006,지역응급의료센터,064-786-7000,064-786-7777,33.49234614827984,126.47058708143308,의료법인중앙의료재단중앙병원,064-786-7777,,,,,,1.0,1.0,,2.0,,,,Y,Y,Y,Y,Y,Y,8.0,Y,109.0,N1,20260523193459,N1,Y,,3.0,N1,16.0,1.0,1.0,2.0,,,,,,3.0,,1.0,1.0,2.0,10.0,,,2.0,1.0,,,281.0,,,Y,N1,A2900006,1.0,,10.0,16.0,1.0,,,,,,제주특별자치도,제주시,,,,,,,,,,,,,,,,,,,,,,,,,,,,,,,,,,,,,,,,,,,,,,,,,2026-05-23 19:35:48,의료법인중앙의료재단중앙병원,Y,UNKNOWN,Y,UNKNOWN,UNKNOWN,UNKNOWN,UNKNOWN,UNKNOWN,UNKNOWN,Y,UNKNOWN,Y,UNKNOWN,UNKNOWN,Y,Y,UNKNOWN,UNKNOWN,N,UNKNOWN,Y,Y,Y,UNKNOWN,UNKNOWN,Y,UNKNOWN,Y,,,,,제주특별자치도,제주시,,2026-05-23 19:35:48
A2900005,A2900005,한마음병원,제주특별자치도 제주시 연신로 52   (이도이동),제주특별자치도,제주시,G006,지역응급의료센터,064-750-9000,064-750-9119,33.4962612399279,126.54622454609036,한마음병원,064-750-9119,,,,,,,1.0,,0.0,,,,Y,Y,Y,Y,Y,Y,2.0,N1,80.0,N1,20260523193519,N1,Y,,4.0,N1,17.0,,1.0,2.0,,,,,,4.0,,1.0,1.0,1.0,6.0,,,2.0,,,,216.0,,,Y,N1,A2900005,,,5.0,12.0,,,,,,,제주특별자치도,제주시,,,,,,,,,,,,,,,,,,,,,,,,,,,,,,,,,,,,,,,,,,,,,,,,,2026-05-23 19:35:48,한마음병원,UNKNOWN,UNKNOWN,Y,UNKNOWN,Y,UNKNOWN,UNKNOWN,UNKNOWN,Y,Y,UNKNOWN,UNKNOWN,UNKNOWN,UNKNOWN,Y,Y,UNKNOWN,UNKNOWN,UNKNOWN,UNKNOWN,Y,UNKNOWN,Y,UNKNOWN,UNKNOWN,Y,UNKNOWN,Y,,,,,제주특별자치도,제주시,,2026-05-23 19:35:48
A2900007,A2900007,제주대학교병원,"제주특별자치도 제주시 아란13길 15-  (아라일동,제주대학교병원 (아라일동))",제주특별자치도,제주시,G006,지역응급의료센터,064-717-1114,064-717-1903,33.46727330825531,126.54525733713078,제주대학교병원,064-717-1903,Y,Y,,,5.0,,1.0,2.0,4.0,,,Y,Y,Y,Y,Y,Y,Y,0.0,Y,153.0,Y,20260523193500,Y,Y,7.0,12.0,N1,20.0,,1.0,5.0,,12.0,12.0,16.0,,12.0,3.0,2.0,2.0,4.0,45.0,8.0,17.0,10.0,5.0,3.0,,458.0,,,Y,Y,A2900007,,4.0,,,,20.0,,1.0,9.0,,제주특별자치도,제주시,,,,,,,,,,,,,,,,,,,,,,,,,,,1.0,1.0,3.0,6.0,,,,,,,,,,,,,,,,,,,2026-05-23 19:35:48,제주대학교병원,N,UNKNOWN,UNKNOWN,Y,Y,Y,Y,N,N,Y,UNKNOWN,Y,Y,Y,Y,Y,Y,Y,Y,Y,Y,Y,Y,UNKNOWN,UNKNOWN,Y,Y,Y,,,,,제주특별자치도,제주시,,2026-05-23 19:35:48
A2900003,A2900003,의료법인 혜인의료재단 한국병원,제주특별자치도 제주시 서광로 193 (삼도일동),제주특별자치도,제주시,G007,지역응급의료기관,064-750-0000,064-750-0160,33.500185921027,126.51698873048466,의료법인 혜인의료재단 한국병원,064-750-0160,,,,,,,,,0.0,,,,Y,,Y,N1,N1,Y,3.0,N1,71.0,N1,20260523193432,N1,Y,,3.0,N1,9.0,,,1.0,,,,,,3.0,,1.0,1.0,,6.0,,,,,,,209.0,,,Y,N1,A2900003,,,6.0,10.0,,,,,,,제주특별자치도,제주시,,,,,,,,,,,,,,,,,,,,,,,,,,,,,,,,,,,,,,,,,,,,,,,,,2026-05-23 19:35:48,의료법인 혜인의료재단 한국병원,UNKNOWN,UNKNOWN,UNKNOWN,UNKNOWN,UNKNOWN,UNKNOWN,UNKNOWN,UNKNOWN,UNKNOWN,UNKNOWN,UNKNOWN,UNKNOWN,UNKNOWN,UNKNOWN,UNKNOWN,Y,UNKNOWN,UNKNOWN,UNKNOWN,UNKNOWN,Y,UNKNOWN,UNKNOWN,UNKNOWN,UNKNOWN,Y,UNKNOWN,Y,,,,,제주특별자치도,제주시,,2026-05-23 19:35:48
A2900001,A2900001,제주한라병원,"제주특별자치도 제주시 도령로 65 (연동, (연동))",제주특별자치도,제주시,G001,권역응급의료센터,064740-5000,064-740-5159,33.489946745300735,126.48507635686154,제주한라병원,064-740-5159,Y,Y,0.0,0.0,,3.0,2.0,,3.0,5.0,15.0,Y,Y,Y,Y,Y,Y,Y,0.0,Y,166.0,Y,20260523193556,Y,Y,2.0,6.0,N1,15.0,3.0,2.0,3.0,14.0,,,7.0,30.0,6.0,2.0,3.0,2.0,3.0,47.0,4.0,8.0,9.0,4.0,2.0,,414.0,4.0,2.0,Y,Y,A2900001,,,13.0,15.0,,,,,,,제주특별자치도,제주시,,,,,6.0,2.0,,2.0,6.0,12.0,,20.0,40.0,2.0,,,2.0,6.0,,,,,,,,,,,,,,,4.0,,,,,4.0,,,,,,,,,,,2026-05-23 19:35:48,제주한라병원,N,Y,Y,UNKNOWN,UNKNOWN,UNKNOWN,Y,UNKNOWN,UNKNOWN,UNKNOWN,Y,Y,UNKNOWN,UNKNOWN,Y,Y,UNKNOWN,UNKNOWN,Y,UNKNOWN,Y,Y,Y,N,Y,Y,Y,Y,,,,,제주특별자치도,제주시,,2026-05-23 19:35:48
A2900002,A2900002,제주특별자치도서귀포의료원,제주특별자치도 서귀포시 장수로 47 (동홍동),제주특별자치도,서귀포시,G006,지역응급의료센터,064-730-3000,064-730-3001,33.255354935811724,126.5642013167026,제주특별자치도서귀포의료원,064-730-3001,,Y,,,,4.0,1.0,,4.0,,,Y,Y,Y,Y,Y,Y,Y,2.0,N1,85.0,N1,20260523193402,Y,Y,,4.0,Y,16.0,4.0,1.0,4.0,,,,,,4.0,1.0,2.0,1.0,1.0,16.0,,4.0,3.0,,,1.0,252.0,,,Y,N1,A2900002,3.0,1.0,9.0,15.0,3.0,26.0,,,,,제주특별자치도,서귀포시,,,,,,,,,,,,,,,,,,,,,,,,,,,,,,,,,,,,,,,,,,,,,,,,,2026-05-23 19:35:48,제주특별자치도서귀포의료원,Y,Y,Y,UNKNOWN,UNKNOWN,UNKNOWN,UNKNOWN,Y,Y,Y,UNKNOWN,UNKNOWN,UNKNOWN,UNKNOWN,Y,Y,Y,UNKNOWN,UNKNOWN,UNKNOWN,Y,UNKNOWN,Y,UNKNOWN,UNKNOWN,Y,UNKNOWN,Y,,,,,제주특별자치도,서귀포시,,2026-05-23 19:35:48
