realtime_hospital_name,realtime_emergency_tel,hpid,pediatric_ventilator_status,incubator_status,avail_er_dedicated_icu_negative_pressure,avail_er_dedicated_icu_general_isolation,avail_icu_internal_medicine,avail_pediatric_beds,avail_er_negative_pressure_isolation_beds,avail_icu_surgery,avail_er_general_isolation_beds,avail_er_dedicated_icu,avail_er_dedicated_inpatient_beds,delivery_room_status,ct_status,angio_status,available_ambulance_yn,available_angio_yn,available_crrt_yn,available_ct_yn,avail_er_general_beds,available_ecmo_yn,avail_inpatient_general_beds,available_targeted_temperature_management_yn,realtime_updated_at,available_incubator_yn,available_mri_yn,avail_icu_neonatal,avail_operating_rooms,available_hyperbaric_oxygen_yn,standard_er_general_beds,standard_pediatric_beds,standard_er_negative_pressure_isolation_beds,standard_er_general_isolation_beds,standard_er_dedicated_icu,standard_icu_internal_medicine,standard_icu_surgery,standard_icu_neonatal,standard_er_dedicated_inpatient_beds,standard_operating_rooms,standard_delivery_rooms,standard_ct,standard_mri,standard_angio,standard_ventilator_general,standard_ventilator_premature,standard_incubator,standard_crrt,standard_ecmo,standard_targeted_temperature_management,standard_hyperbaric_oxygen,standard_inpatient_general_beds,standard_er_dedicated_icu_negative_pressure,standard_er_dedicated_icu_general_isolation,available_ventilator_yn,available_ventilator_premature_yn,old_hpid,avail_icu_negative_pressure_isolation,avail_psychiatric_closed_ward_beds,avail_icu_general,standard_icu_general,standard_icu_negative_pressure_isolation,standard_psychiatric_closed_ward_beds,avail_infection_moderate_beds,avail_inpatient_negative_pressure_isolation,standard_inpatient_negative_pressure_isolation,standard_infection_moderate_beds,query_sido,query_sigungu,avail_cohort_isolation,standard_cohort_isolation,avail_infection_severe_beds,avail_infection_semi_severe_beds,avail_trauma_dedicated_inpatient_beds,avail_trauma_dedicated_operating_rooms,avail_icu_neurosurgery,avail_trauma_resuscitation_room,avail_trauma_patient_care_area,avail_icu_trauma,standard_icu_neurosurgery,standard_icu_trauma,standard_trauma_dedicated_inpatient_beds,standard_trauma_dedicated_operating_rooms,standard_infection_severe_beds,standard_infection_semi_severe_beds,standard_trauma_resuscitation_room,standard_trauma_patient_care_area,avail_burn_treatment_room,standard_burn_treatment_room,avail_isolation_negative_pressure_area_beds,avail_isolation_general_area_beds,avail_icu_neurology,standard_icu_neurology,standard_isolation_negative_pressure_area_beds,standard_isolation_general_area_beds,avail_icu_pediatric,avail_icu_cardiology,standard_icu_pediatric,standard_icu_cardiology,avail_pediatric_general_isolation,avail_er_dedicated_inpatient_negative_pressure,avail_er_dedicated_inpatient_general_isolation,avail_infectious_disease_icu_beds,avail_infectious_disease_icu_negative_pressure_beds,standard_pediatric_general_isolation,standard_er_dedicated_inpatient_negative_pressure,standard_er_dedicated_inpatient_general_isolation,standard_infectious_disease_icu_beds,standard_infectious_disease_icu_negative_pressure_beds,avail_icu_thoracic_surgery,standard_icu_thoracic_surgery,avail_pediatric_negative_pressure_isolation,avail_er_dedicated_pediatric_icu,avail_er_dedicated_pediatric_inpatient_beds,standard_er_dedicated_pediatric_icu,standard_er_dedicated_pediatric_inpatient_beds,standard_pediatric_negative_pressure_isolation,collected_at
강릉아산병원,033-610-3333,A2200008,Y,Y,0.0,1.0,4.0,3.0,2.0,5.0,3.0,6.0,21.0,Y,Y,Y,Y,Y,Y,Y,8,Y,170.0,Y,20260523193415,Y,Y,0.0,14.0,Y,23.0,3.0,2.0,3.0,18.0,14.0,16.0,13.0,38.0,15.0,2.0,4.0,3.0,4.0,33.0,8.0,12.0,8.0,5.0,1.0,2.0,596.0,1.0,6.0,Y,Y,A2200008,,,,,,,,,,,강원특별자치도,강릉시,,,,,,,,,,,,,,,,,,,,,,,,,,,,,,,,,,,,,,,,,,,,,,,,,2026-05-23 19:35:48
의료법인강릉동인병원,033-650-6105,A2200005,,,,,2.0,,1.0,,2.0,,,,Y,Y,Y,Y,Y,Y,14,N1,95.0,N1,20260523193444,N1,Y,,5.0,N1,17.0,,1.0,2.0,,12.0,,,,5.0,,2.0,1.0,1.0,14.0,,,1.0,,,,248.0,,,Y,N1,A2200005,2.0,9.0,1.0,12.0,2.0,101.0,,,,,강원특별자치도,강릉시,,,,,,,,,,,,,,,,,,,,,,,,,,,,,,,,,,,,,,,,,,,,,,,,,2026-05-23 19:35:48
강원특별자치도강릉의료원,033-610-1234,A2200011,,,,,,,,,1.0,,,,Y,,Y,N1,N1,Y,0,N1,33.0,N1,20260523193501,N1,Y,,2.0,N1,5.0,,,1.0,,,,,,2.0,,1.0,1.0,,4.0,,,,,,,122.0,,,Y,N1,A2200011,,,3.0,8.0,,,20.0,5.0,5.0,20.0,강원특별자치도,강릉시,,,,,,,,,,,,,,,,,,,,,,,,,,,,,,,,,,,,,,,,,,,,,,,,,2026-05-23 19:35:48
의료법인동해동인병원,033-530-0129,A2200003,,,,,,,,,1.0,,,,Y,,Y,N1,N1,Y,7,N1,38.0,N1,20260523193451,N1,Y,,2.0,N1,10.0,,,1.0,,,,,,2.0,,1.0,1.0,,7.0,,,,,,,178.0,,,Y,N1,A2200003,1.0,56.0,7.0,19.0,1.0,110.0,,,,,강원특별자치도,동해시,,,,,,,,,,,,,,,,,,,,,,,,,,,,,,,,,,,,,,,,,,,,,,,,,2026-05-23 19:35:48
강원특별자치도삼척의료원,033-571-0431,A2200007,,Y,,,,1.0,2.0,,1.0,,,Y,Y,,Y,N1,Y,Y,14,N1,95.0,N1,20260523193502,Y,Y,,4.0,Y,16.0,1.0,2.0,1.0,,,,,,4.0,1.0,1.0,1.0,,3.0,,3.0,1.0,,,3.0,192.0,,,Y,N1,A2200007,,,1.0,10.0,,,,4.0,4.0,,강원특별자치도,삼척시,,,,,,,,,,,,,,,,,,,,,,,,,,,,,,,,,,,,,,,,,,,,,,,,,2026-05-23 19:35:48
강원특별자치도속초의료원,033-630-6036,A2200012,Y,Y,,,,,2.0,,1.0,,,Y,Y,,Y,N1,N1,Y,16,N1,53.0,N1,20260523193502,Y,Y,,3.0,N1,17.0,,2.0,1.0,,,,,,3.0,2.0,1.0,1.0,,7.0,1.0,1.0,,,,,154.0,,,Y,Y,A2200012,,,0.0,8.0,,,,,,,강원특별자치도,속초시,,,,,,,,,,,,,,,,,,,,,,,,,,,,,,,,,,,,,,,,,,,,,,,,,2026-05-23 19:35:48
의료법인온세움의료재단온재병원,033-639-8988,A2200046,,,,,,,,,1.0,,,,Y,,Y,N1,N1,Y,9,N1,87.0,N1,20260523193449,N1,Y,,4.0,N1,9.0,,,1.0,,,,,,4.0,,1.0,1.0,,4.0,,,,,,,219.0,,,Y,N1,A2200046,,29.0,1.0,15.0,,59.0,,,,,강원특별자치도,속초시,,,,,,,,,,,,,,,,,,,,,,,,,,,,,,,,,,,,,,,,,,,,,,,,,2026-05-23 19:35:48
의료법인성심의료재단양구성심병원,033-480-8816,A2200037,,Y,,,,,1.0,,,,,Y,Y,,Y,N1,N1,Y,4,N1,29.0,N1,20260523193445,Y,N1,,,N1,5.0,,1.0,,,,,,,,1.0,1.0,,,1.0,,1.0,,,,,52.0,,,Y,N1,A2200037,,,,,,,,,,,강원특별자치도,양구군,,,,,,,,,,,,,,,,,,,,,,,,,,,,,,,,,,,,,,,,,,,,,,,,,2026-05-23 19:35:48
강원특별자치도영월의료원,033-370-9129,A2200002,,Y,,,,,,,,,,Y,Y,,Y,N1,N1,Y,9,N1,38.0,N1,20260523193001,Y,Y,,2.0,N1,9.0,,,,,,,,,2.0,1.0,1.0,1.0,,7.0,,3.0,,,,,174.0,,,Y,N1,A2200002,0.0,,2.0,10.0,2.0,,,1.0,2.0,,강원특별자치도,영월군,1.0,1.0,,,,,,,,,,,,,,,,,,,,,,,,,,,,,,,,,,,,,,,,,,,,,,,2026-05-23 19:35:48
연세대학교원주세브란스기독병원,033-741-1641,A2200001,Y,Y,2.0,,7.0,2.0,2.0,6.0,3.0,5.0,17.0,Y,Y,Y,Y,Y,Y,Y,15,Y,245.0,Y,20260523192501,Y,Y,7.0,13.0,Y,29.0,3.0,2.0,3.0,20.0,15.0,12.0,19.0,30.0,15.0,2.0,5.0,4.0,7.0,100.0,12.0,25.0,16.0,7.0,13.0,4.0,618.0,2.0,,Y,Y,A2200001,,15.0,,,,24.0,,,,,강원특별자치도,원주시,,,3.0,8.0,4.0,2.0,3.0,2.0,6.0,2.0,15.0,20.0,40.0,2.0,4.0,8.0,2.0,6.0,,,,,,,,,,,,,,,,,,,,,,,,,,,,,,,2026-05-23 19:35:48
강원특별자치도원주의료원,033-760-4701,A2200015,,,,,,,,,2.0,,,,Y,,Y,N1,N1,Y,3,N1,7.0,N1,20260523193501,N1,Y,,3.0,N1,8.0,,,2.0,,,,,,3.0,,1.0,1.0,,7.0,,,,,,,163.0,,,Y,N1,A2200015,,,3.0,11.0,,,,,,,강원특별자치도,원주시,,,,,,,,,,,,,,,,,,,,,,,,,,,,,,,,,,,,,,,,,,,,,,,,,2026-05-23 19:35:48
의료법인성지의료재단성지병원,033-760-3119,A2200024,,,,,,,,,1.0,,,,Y,,Y,N1,N1,Y,2,N1,-66.0,N1,20260523193510,N1,Y,,4.0,N1,7.0,,,1.0,,,,,,4.0,,1.0,2.0,,4.0,,,,,,,135.0,,,Y,N1,A2200024,,,9.0,9.0,,,13.0,,,13.0,강원특별자치도,원주시,,,,,,,,,,,,,,,,,,,,,,,,,,,,,,,,,,,,,,,,,,,,,,,,,2026-05-23 19:35:48
근로복지공단정선병원,033-560-7150,A2200048,,,,,,,,,1.0,,,,Y,,Y,N1,N1,Y,5,N1,44.0,N1,20260523193300,N1,N1,,,N1,5.0,,,1.0,,,,,,,,1.0,,,3.0,,,,,,,149.0,,,Y,N1,A2200048,,,,,,,,,,,강원특별자치도,정선군,,,,,,,,,,,,,,,,,,,,,,,,,,,,,,,,,,,,,,,,,,,,,,,,,2026-05-23 19:35:48
철원병원,033-452-5012,A2201730,N,Y,,,,,1.0,,,,,Y,Y,N,Y,N,N,Y,4,N,38.0,N,20260523193001,Y,Y,,2.0,N,5.0,,1.0,,,,,,,2.0,1.0,1.0,1.0,0.0,1.0,0.0,1.0,0.0,0.0,0.0,0.0,68.0,,,Y,N,A2201730,,,,,,,,,,,강원특별자치도,철원군,,,,,,,,,,,,,,,,,,,,0.0,,,,,,,,,,,,,,,,,,,,,,,,,,,,,2026-05-23 19:35:48
한림대학교춘천성심병원,033-240-5219,A2200013,Y,Y,,0.0,,2.0,,,,1.0,18.0,Y,Y,Y,Y,Y,Y,Y,10,Y,101.0,Y,20260523193327,Y,Y,,9.0,Y,22.0,3.0,,,20.0,,,,45.0,9.0,1.0,2.0,2.0,3.0,33.0,1.0,4.0,6.0,2.0,1.0,1.0,252.0,,2.0,Y,Y,A2200013,1.0,,3.0,20.0,2.0,,,1.0,2.0,,강원특별자치도,춘천시,,,,,,,,,,,,,,,,,,,,1.0,2.0,3.0,0.0,8.0,2.0,3.0,,,,,,,,,,,,,,,,,,,,,,,2026-05-23 19:35:48
강원대학교병원,033-258-2293,A2200009,Y,Y,0.0,,5.0,2.0,2.0,,3.0,5.0,,Y,Y,Y,Y,Y,Y,Y,0,Y,256.0,Y,20260523193500,Y,Y,8.0,11.0,Y,15.0,6.0,2.0,3.0,5.0,10.0,,15.0,,11.0,3.0,4.0,2.0,4.0,43.0,13.0,24.0,12.0,3.0,10.0,0.0,508.0,0.0,,Y,Y,A2200009,2.0,4.0,,,2.0,16.0,,14.0,14.0,,강원특별자치도,춘천시,,,,,,,4.0,,,,8.0,,,,,,,,,0.0,,,,,,,7.0,7.0,8.0,8.0,,,,,,,,,,,,,,,,,,,2026-05-23 19:35:48
근로복지공단태백병원,033-580-3119,A2200004,,,,,,,1.0,,,,,Y,Y,,Y,N1,N1,Y,6,N1,69.0,N1,20260523193400,N1,Y,,2.0,N1,9.0,,1.0,,,,,,,2.0,1.0,1.0,1.0,,8.0,,,,,,,223.0,,,Y,N1,A2200004,1.0,,3.0,9.0,1.0,,,,,,강원특별자치도,태백시,,,,,,,,,,,,,,,,,,,,,,,,,,,,,,,,,,,,,,,,,,,,,,,,,2026-05-23 19:35:48
평창군보건의료원,033-330-4812,E2200026,,,,,,,,,1.0,,,,Y,,Y,N1,N1,Y,5,N1,20.0,N1,20260523193501,N1,N1,,,N1,6.0,,,1.0,,,,,,,,1.0,,,1.0,,,,,,,20.0,,,Y,N1,E2200026,,,,,,,,,,,강원특별자치도,평창군,,,,,,,,,,,,,,,,,,,,,,,,,,,,,,,,,,,,,,,,,,,,,,,,,2026-05-23 19:35:48
홍천아산병원,033-430-5119,A2200014,,,,,,,,,,,,,Y,,Y,N1,N1,Y,6,N1,23.0,N1,20260523193001,N1,Y,,2.0,N1,10.0,,,,,,,,,2.0,,1.0,1.0,,4.0,,,,,,,128.0,,,Y,N1,A2200014,,,0.0,7.0,,,,,,,강원특별자치도,홍천군,,,,,,,,,,,,,,,,,,,,,,,,,,,,,,,,,,,,,,,,,,,,,,,,,2026-05-23 19:35:48
화천군보건의료원,033-440-2880,E2200025,,,,,,,,,1.0,,,,,,Y,N1,N1,N1,7,N1,16.0,N1,20260523193500,N1,N1,,,N1,7.0,,,1.0,,,,,,,,,,,1.0,,,,,,,16.0,,,Y,N1,E2200025,,,,,,,,,,,강원특별자치도,화천군,,,,,,,,,,,,,,,,,,,,,,,,,,,,,,,,,,,,,,,,,,,,,,,,,2026-05-23 19:35:48
횡성대성병원,033-345-1191,A2200016,,,,,,,,,1.0,,,,Y,,Y,N1,N1,Y,6,N1,41.0,N1,20260523193441,N1,Y,,1.0,N1,9.0,,,1.0,,,,,,1.0,,1.0,1.0,,1.0,,,,,,,114.0,,,Y,N1,A2200016,,,,,,,,,,,강원특별자치도,횡성군,,,,,,,,,,,,,,,,,,,,,,,,,,,,,,,,,,,,,,,,,,,,,,,,,2026-05-23 19:35:48
의료법인명지의료재단명지병원,031-810-7119,A2100042,Y,Y,0.0,0.0,,0.0,0.0,,1.0,5.0,18.0,Y,Y,Y,Y,Y,Y,Y,9,Y,202.0,Y,20260523193500,Y,Y,3.0,13.0,Y,15.0,0.0,0.0,3.0,16.0,,,3.0,28.0,13.0,2.0,6.0,3.0,5.0,49.0,4.0,5.0,8.0,5.0,2.0,2.0,443.0,4.0,3.0,Y,Y,A2100042,4.0,0.0,9.0,31.0,4.0,0.0,0.0,0.0,0.0,0.0,경기도,고양시,,,0.0,0.0,,,,,,,,,,,0.0,0.0,,,,1.0,3.0,2.0,,,3.0,2.0,,,,,2.0,1.0,0.0,0.0,0.0,3.0,2.0,0.0,0.0,0.0,,,,,,,,,2026-05-23 19:35:48
국민건강보험공단일산병원,031-900-0761,A2100033,Y,Y,1.0,,2.0,3.0,2.0,9.0,3.0,7.0,10.0,Y,Y,Y,Y,Y,Y,Y,6,Y,180.0,N1,20260523193003,Y,Y,0.0,1.0,N1,23.0,5.0,2.0,3.0,19.0,10.0,16.0,20.0,29.0,2.0,2.0,4.0,3.0,3.0,60.0,8.0,28.0,13.0,5.0,,,648.0,1.0,,Y,Y,A2100033,8.0,11.0,,,11.0,28.0,0.0,2.0,4.0,0.0,경기도,고양시,,,,0.0,,,,,,,,,,,,0.0,,,,,,,,,,,,6.0,,6.0,,1.0,,0.0,0.0,,1.0,,0.0,0.0,,,,,,,,,2026-05-23 19:35:48
동국대학교일산불교병원,031-961-7777,A2100047,Y,Y,,,4.0,3.0,1.0,17.0,3.0,,,Y,Y,Y,Y,Y,Y,Y,8,Y,275.0,Y,20260523193446,Y,Y,10.0,12.0,N1,19.0,3.0,1.0,3.0,,16.0,20.0,13.0,,12.0,8.0,2.0,2.0,2.0,19.0,13.0,25.0,4.0,2.0,1.0,,522.0,,,Y,Y,A2100047,0.0,8.0,,,4.0,15.0,,0.0,0.0,,경기도,고양시,3.0,3.0,,,,,,,,,,,,,,,,,,,,,,,,,,,,,,,,,,,,,,,,,,,,,,,2026-05-23 19:35:48
인제대학교일산백병원,031-910-7114,A2100038,N,N,,,2.0,,3.0,2.0,3.0,,,Y,Y,Y,Y,Y,Y,Y,16,Y,217.0,Y,20260523193420,N,Y,,16.0,N1,34.0,,3.0,3.0,,25.0,32.0,,,17.0,3.0,3.0,3.0,4.0,53.0,18.0,22.0,7.0,3.0,1.0,,534.0,,,Y,N,A2100038,2.0,6.0,,,4.0,16.0,,1.0,2.0,,경기도,고양시,,,,,,,,,,,,,,,,,,,,,,,,,,,,,,,,,,,,,,,,,2.0,4.0,,,,,,,2026-05-23 19:35:48
의료법인자인의료재단(더자인병원),031-930-3119,A2100290,,,,,,,2.0,,2.0,,,,Y,Y,Y,Y,N1,Y,15,N1,90.0,N1,20260523193451,N1,N,,5.0,N1,16.0,,2.0,2.0,,,,,,5.0,,2.0,2.0,1.0,15.0,,,,,,,250.0,,,Y,N1,A2100290,,,,,,,,,,,경기도,고양시,,,,,,,,,,,,,,,,,,,,,,,,,,,,,,,,,,,,,,,,,,,,,,,,,2026-05-23 19:35:48
국립암센터,031-920-0119,A2100049,,N,,,,,,,1.0,,,,Y,Y,Y,Y,Y,Y,15,Y,124.0,Y,20260523193200,N,Y,,18.0,N1,24.0,,,1.0,,,,,,18.0,,7.0,5.0,3.0,29.0,,1.0,8.0,2.0,7.0,,554.0,,,Y,N1,A2100049,9.0,,10.0,19.0,9.0,,,,,,경기도,고양시,,,,,,,,,,,,,,,,,,,,,,,,,,,,,,,,,,,,,,,,,,,,,,,,,2026-05-23 19:35:48
의료법인성광의료재단일산차병원,031-782-8587,A2116972,Y,Y,,,,,,,2.0,,,Y,,,Y,N1,N1,N1,1,N1,77.0,N1,20260523193355,Y,N1,0.0,10.0,N1,6.0,,,4.0,,,,17.0,,10.0,9.0,,,,4.0,11.0,19.0,,,,,179.0,,,Y,Y,A2116972,1.0,,3.0,4.0,1.0,,,1.0,1.0,,경기도,고양시,,,,,,,,,,,,,,,,,,,,,,,,,,,,,,,,,,,,,,,,,,,,,,,,,2026-05-23 19:35:48
중앙대학교광명병원,02-2222-1351,A2118788,Y,Y,,,,,1.0,,2.0,,,Y,Y,Y,Y,Y,Y,Y,14,Y,247.0,Y,20260523193507,Y,Y,3.0,17.0,N1,21.0,,1.0,2.0,,,,16.0,,17.0,2.0,2.0,2.0,5.0,28.0,6.0,16.0,5.0,4.0,10.0,,584.0,,,Y,Y,A2118788,3.0,,7.0,24.0,6.0,,,0.0,2.0,,경기도,광명시,,,,,,,,,,,,,,,,,,,,,0.0,0.0,2.0,5.0,0.0,0.0,,3.0,,5.0,,,,,,,,,,,,,,,,,,,2026-05-23 19:35:48
광명성애병원,02-2680-7116,A2100007,Y,Y,,,,4.0,1.0,,4.0,,,Y,Y,Y,Y,Y,Y,Y,7,N1,74.0,N1,20260523193441,Y,Y,,5.0,N1,11.0,4.0,1.0,4.0,,,,,,5.0,2.0,2.0,2.0,1.0,12.0,2.0,5.0,1.0,,,,189.0,,,Y,Y,A2100007,0.0,,9.0,13.0,1.0,,22.0,,,50.0,경기도,광명시,,,,,,,,,,,,,,,,,,,,,,,,,,,,,,,,,,,,,,,,,,,,,,,,,2026-05-23 19:35:48
참조은병원,031-881-9119,A2100155,,,,,,1.0,1.0,,3.0,,,,Y,Y,Y,Y,Y,Y,-1,N1,84.0,Y,20260523193510,N1,Y,,7.0,N1,9.0,1.0,1.0,3.0,,,,,,7.0,,3.0,3.0,2.0,18.0,,,3.0,,2.0,,286.0,,,Y,N1,A2100155,0.0,,2.0,24.0,1.0,,,1.0,2.0,,경기도,광주시,6.0,6.0,0.0,0.0,,,,,,,,,,,0.0,0.0,,,,,,,,,,,,,,,,,,,,,,,,,,,,,,,,,2026-05-23 19:35:48
한양대학교구리병원,1644-9118,A2100039,Y,Y,,,1.0,,2.0,3.0,2.0,,,Y,Y,Y,Y,Y,Y,Y,7,Y,176.0,Y,20260523193300,Y,Y,7.0,8.0,N1,18.0,,3.0,2.0,,17.0,14.0,10.0,,9.0,1.0,3.0,2.0,3.0,21.0,6.0,14.0,4.0,2.0,2.0,,488.0,,,Y,Y,A2100039,,,,,,,,2.0,5.0,,경기도,구리시,,,,,,,,,,,,,,,,,,,,,,,,,,,,,,,,,,,,,,,,,,,,,,,,,2026-05-23 19:35:48
효산의료재단지샘병원,031-389-3119,A2100054,,,,,,,2.0,,1.0,,,,Y,Y,Y,Y,Y,Y,12,N1,114.0,N1,20260523193528,N1,Y,,5.0,N1,18.0,,2.0,1.0,,,,,,5.0,,2.0,1.0,3.0,11.0,,,2.0,,,,367.0,,,Y,N1,A2100054,1.0,,9.0,18.0,1.0,,,0.0,2.0,,경기도,군포시,1.0,1.0,,,,,,,,,,,,,,,,,,,,,,,,,,,,,,,,,,,,,,,,,,,,,,,2026-05-23 19:35:48
원광대학교산본병원,031-390-2345,A2100048,,,,,,,0.0,,2.0,,,Y,Y,Y,Y,Y,Y,Y,11,N1,71.0,N1,20260523193207,N1,Y,,5.0,N1,17.0,,1.0,2.0,,,,,,5.0,1.0,1.0,1.0,1.0,1.0,,,2.0,,,,188.0,,,Y,N1,A2100048,,,5.0,12.0,,,,,,,경기도,군포시,,,,,,,,,,,,,,,,,,,,,,,,,,,,,,,,,,,,,,,,,,,,,,,,,2026-05-23 19:35:48
의료법인우리의료재단김포우리병원,031-999-1119,A2100053,,,,,,,1.0,,6.0,,,,Y,Y,Y,Y,Y,Y,10,Y,83.0,Y,20260523193417,N1,Y,,7.0,N1,22.0,,1.0,6.0,,,,,,7.0,,2.0,2.0,2.0,48.0,,,4.0,1.0,2.0,,477.0,,,Y,N1,A2100053,0.0,,1.0,36.0,1.0,,0.0,2.0,11.0,0.0,경기도,김포시,,,0.0,0.0,,,,,,,,,,,0.0,0.0,,,,,,,,,,,,,,,,,,,,,,,,,,,,,,,,,2026-05-23 19:35:48
의료법인인봉의료재단뉴고려병원,031-980-9119,A2100006,,,,,,,1.0,,2.0,,,,Y,Y,Y,Y,Y,Y,8,N1,92.0,N1,20260523193500,N1,Y,,6.0,N1,14.0,,1.0,2.0,,,,,,6.0,,2.0,2.0,2.0,7.0,,,1.0,,,,278.0,,,Y,N1,A2100006,7.0,,4.0,24.0,10.0,,,,,,경기도,김포시,3.0,3.0,,,,,,,,,,,,,,,,,,,,,,,,,,,,,,,,,,,,,,,,,,,,,,,2026-05-23 19:35:48
순천향대학교부속부천병원,032-621-5117,A2100005,Y,Y,,,3.0,-1.0,0.0,7.0,0.0,8.0,24.0,Y,Y,Y,Y,Y,Y,Y,9,Y,275.0,Y,20260523193122,Y,Y,2.0,21.0,Y,17.0,5.0,0.0,0.0,20.0,16.0,15.0,24.0,34.0,21.0,1.0,4.0,3.0,5.0,71.0,9.0,31.0,17.0,4.0,3.0,1.0,674.0,,,Y,Y,A2100005,4.0,,8.0,20.0,8.0,,,0.0,7.0,,경기도,부천시,,,0.0,0.0,,,,,-3.0,,,,,,0.0,0.0,,5.0,,1.0,2.0,0.0,,,2.0,3.0,,,,,,,,0.0,,,,,0.0,,,,,,,,,,2026-05-23 19:35:48
부천세종병원,032-340-1119,A2100055,Y,Y,,,,,1.0,,2.0,,,Y,Y,Y,Y,Y,Y,Y,13,Y,93.0,Y,20260523193510,Y,Y,,6.0,N1,17.0,,1.0,2.0,,,,,,6.0,1.0,2.0,1.0,5.0,18.0,1.0,1.0,5.0,4.0,1.0,,271.0,,,Y,Y,A2100055,0.0,,5.0,22.0,2.0,,,1.0,6.0,,경기도,부천시,,,,,,,,,,,,,,,,,,,,,,,,,,,,,,,,,,,,,,,,,,,,,,,,,2026-05-23 19:35:48
가톨릭대학교부천성모병원,032-340-2100,A2100052,Y,Y,,,3.0,,2.0,2.0,1.0,,,Y,Y,Y,Y,Y,Y,Y,19,Y,221.0,Y,20260523193508,Y,Y,8.0,14.0,N1,31.0,,2.0,1.0,,16.0,12.0,10.0,,14.0,3.0,3.0,3.0,3.0,28.0,4.0,14.0,11.0,1.0,2.0,,562.0,,,Y,Y,A2100052,1.0,,,,4.0,,,2.0,4.0,,경기도,부천시,3.0,3.0,,,,,3.0,,,,18.0,,,,,,,,,,,,,,,,,,,,,,,,,,,,,,,,,,,,,,2026-05-23 19:35:48
의료법인대인의료재단 다니엘종합병원,032-670-0119,A2100050,,,,,,,1.0,,3.0,,,,Y,,Y,N1,N,Y,4,N1,58.0,N1,20260523193503,N1,Y,,3.0,N1,6.0,,1.0,3.0,,,,,,3.0,,1.0,1.0,,17.0,,,1.0,,,,169.0,,,Y,N1,A2100050,0.0,,8.0,30.0,1.0,,,,,,경기도,부천시,,,,,,,,,,,,,,,,,,,,,,,,,,,,,,,,,,,,,,,,,,,,,,,,,2026-05-23 19:35:48
분당서울대학교병원,031-787-3119,A2100001,Y,Y,,3.0,1.0,2.0,2.0,10.0,2.0,3.0,18.0,Y,Y,Y,Y,Y,Y,Y,0,Y,367.0,Y,20260523193300,Y,Y,2.0,38.0,N1,30.0,5.0,2.0,3.0,15.0,13.0,13.0,35.0,30.0,39.0,3.0,11.0,11.0,11.0,128.0,17.0,39.0,16.0,8.0,8.0,,1247.0,,5.0,Y,Y,A2100001,1.0,1.0,5.0,8.0,1.0,15.0,,1.0,3.0,,경기도,성남시,,,9.0,,,,3.0,,0.0,,10.0,,,,9.0,,,2.0,,,,,,,,,0.0,5.0,6.0,9.0,,,,,5.0,,,,,5.0,,,,,,,,,2026-05-23 19:35:48
차의과학대학교분당차병원,031-780-5840,A2100030,Y,Y,2.0,0.0,3.0,5.0,,3.0,,0.0,17.0,Y,Y,Y,Y,Y,Y,Y,2,Y,215.0,Y,20260523193259,Y,Y,5.0,24.0,N1,22.0,11.0,,,14.0,9.0,8.0,35.0,43.0,26.0,8.0,5.0,3.0,4.0,40.0,26.0,46.0,6.0,2.0,2.0,,726.0,2.0,2.0,Y,Y,A2100030,0.0,4.0,,,4.0,22.0,,,,,경기도,성남시,0.0,0.0,,0.0,,,1.0,,,,7.0,,,,,1.0,,,,,2.0,2.0,,,2.0,3.0,,0.0,,6.0,1.0,,,,0.0,1.0,,,,0.0,,,1.0,1.0,6.0,2.0,6.0,1.0,2026-05-23 19:35:48
대진의료재단분당제생병원,031-779-0119,A2100025,Y,Y,,,4.0,2.0,1.0,8.0,2.0,,,Y,Y,Y,Y,Y,Y,Y,8,Y,185.0,Y,20260523193500,Y,Y,1.0,8.0,N1,24.0,3.0,1.0,2.0,,11.0,14.0,3.0,,9.0,2.0,4.0,3.0,3.0,22.0,1.0,5.0,5.0,2.0,3.0,,484.0,,,Y,Y,A2100025,4.0,,,,4.0,,,2.0,2.0,,경기도,성남시,,,,,,,,,,,,,,,,,,,,1.0,,,,,,,,,,,,,,,7.0,,,,,7.0,,,,,,,,,2026-05-23 19:35:48
성남시의료원,031-738-7300,A2116806,,,,,,6.0,2.0,17.0,4.0,,,,Y,Y,Y,Y,Y,Y,14,Y,121.0,Y,20260523193500,N1,Y,,8.0,Y,17.0,6.0,2.0,4.0,,,25.0,,,8.0,,3.0,2.0,2.0,31.0,,,6.0,3.0,1.0,2.0,241.0,,,Y,N1,A2116806,2.0,,,,5.0,,,28.0,28.0,,경기도,성남시,,,,,,,,,,,,,,,,,,,,,,,,,,,,,,,,,,,,,,,,,,,,,,,,,2026-05-23 19:35:48
국군수도병원,031-725-6119,A2100258,,,,,,,0.0,,,,,,Y,Y,Y,Y,Y,Y,13,Y,159.0,N1,20260523193013,N1,Y,,9.0,N1,16.0,,2.0,,,,,,,9.0,,3.0,4.0,2.0,2.0,,,5.0,2.0,,,530.0,,,Y,N1,A2100258,1.0,2.0,5.0,12.0,1.0,15.0,,,,,경기도,성남시,,,1.0,6.0,10.0,,,,,14.0,,20.0,40.0,,2.0,6.0,,,,,,,,,,,,,,,,,,,,,,,,,,,,,,,,,2026-05-23 19:35:48
순천의료재단성남정병원,031-750-6003,A2100016,,,,,,,2.0,,,,,,Y,,Y,N1,N1,Y,8,N1,76.0,N1,20260523193148,N1,Y,,4.0,N1,9.0,,2.0,,,,,,,4.0,,1.0,1.0,,1.0,,,,,,,98.0,,,Y,N1,A2100016,,,,,,,,,,,경기도,성남시,,,,51.0,,,,,,,,,,,,105.0,,,,,,,,,,,,,,,,,,0.0,,,,,0.0,,,,,,,,,,2026-05-23 19:35:48
성남중앙병원,031-799-5599,A2100011,,,,,,,,,1.0,,,,Y,,Y,N1,N1,Y,8,N1,,N1,20260523193103,N1,Y,,5.0,N1,9.0,,,1.0,,,,,,5.0,,1.0,1.0,,2.0,,,,,,,,,,Y,N1,A2100011,,,,,,,,,,,경기도,성남시,,,,,,,,,,,,,,,,,,,,,,,,,,,,,,,,,,,,,,,,,,,,,,,,,2026-05-23 19:35:48
아주대학교병원,031-219-7777,A2100002,Y,Y,,0.0,0.0,5.0,0.0,2.0,0.0,4.0,26.0,Y,Y,Y,Y,Y,Y,Y,13,Y,261.0,Y,20260523193041,Y,Y,5.0,24.0,N1,30.0,9.0,0.0,0.0,16.0,14.0,10.0,36.0,42.0,25.0,3.0,8.0,6.0,9.0,126.0,27.0,34.0,32.0,9.0,7.0,,792.0,,2.0,Y,Y,A2100002,1.0,6.0,,,3.0,20.0,,7.0,8.0,,경기도,수원시,0.0,0.0,0.0,0.0,10.0,3.0,5.0,2.0,4.0,6.0,13.0,40.0,60.0,3.0,0.0,0.0,2.0,6.0,,,2.0,5.0,5.0,6.0,2.0,6.0,,4.0,,7.0,2.0,,,,,4.0,,,,,6.0,11.0,1.0,2.0,1.0,2.0,6.0,1.0,2026-05-23 19:35:48
의료법인명인의료재단화홍병원,031-8021-6829,A2117135,Y,,,,,,2.0,,3.0,,,,Y,,Y,N1,N1,Y,9,Y,59.0,N1,20260523193530,N1,Y,,6.0,Y,15.0,,2.0,3.0,,,,,,6.0,,2.0,2.0,,4.0,1.0,,,1.0,,1.0,228.0,,,Y,Y,A2117135,0.0,,8.0,29.0,1.0,,,,,,경기도,수원시,,,,,,,,,,,,,,,,,,,,,,,,,,,,,,,,,,,,,,,,,,,,,,,,,2026-05-23 19:35:48
의료법인녹산의료재단동수원병원,031-210-0119,A2100009,,Y,,,,,1.0,,2.0,,,Y,Y,Y,Y,Y,N,Y,9,N1,96.0,N1,20260523193439,Y,Y,,5.0,N1,17.0,,1.0,2.0,,,,,,5.0,1.0,2.0,2.0,1.0,15.0,,4.0,1.0,,,,339.0,,,Y,N1,A2100009,0.0,,4.0,20.0,3.0,,,1.0,1.0,,경기도,수원시,,,,,,,,,,,,,,,,,,,,,,,,,,,,,,,,,,,,,,,,,,,,,,,,,2026-05-23 19:35:48
가톨릭대학교성빈센트병원,031-249-7370,A2100012,Y,Y,,,4.0,5.0,2.0,7.0,1.0,2.0,,Y,Y,Y,Y,Y,Y,Y,4,Y,175.0,Y,20260523193508,Y,Y,2.0,19.0,N1,28.0,6.0,2.0,2.0,4.0,20.0,11.0,18.0,,19.0,2.0,5.0,4.0,6.0,52.0,7.0,18.0,12.0,4.0,4.0,,534.0,,,Y,Y,A2100012,1.0,6.0,,,5.0,30.0,,1.0,6.0,,경기도,수원시,,,,,,,9.0,,,,15.0,,,,,,,,,,,,,,,,,3.0,,8.0,1.0,,,,,1.0,,,,,0.0,8.0,1.0,2.0,3.0,2.0,6.0,1.0,2026-05-23 19:35:48
의료법인덕산의료재단수원덕산병원,031-686-2911,A2121061,N,Y,,,,3.0,1.0,,2.0,2.0,3.0,Y,Y,Y,Y,Y,Y,Y,16,Y,94.0,N1,20260523193503,Y,Y,,9.0,N1,24.0,3.0,1.0,2.0,2.0,,,,4.0,9.0,5.0,3.0,2.0,2.0,15.0,,2.0,5.0,2.0,,,403.0,,,Y,N,A2121061,1.0,,9.0,22.0,3.0,,,0.0,5.0,,경기도,수원시,,,,,,,,,,,,,,,,,,,,,,,,,,,,,,,,,,,,,,,,,,,,,,,,,2026-05-23 19:35:48
경기도의료원수원병원,031-888-0119,A2100032,,,,,,,,,2.0,,,,Y,,Y,N1,N1,Y,8,N1,56.0,N1,20260523193502,N1,Y,,3.0,N1,8.0,,,2.0,,,,,,3.0,,1.0,1.0,,9.0,,,,,,,156.0,,,Y,N1,A2100032,,,4.0,9.0,,,,2.0,2.0,,경기도,수원시,3.0,3.0,,,,,,,,,,,,,,,,,,,,,,,,,,,,,,,,,,,,,,,,,,,,,,,2026-05-23 19:35:48
의료법인토마스의료재단윌스기념병원,031-240-6119,A2100175,,,,,,,1.0,,2.0,,,Y,Y,Y,Y,Y,Y,Y,12,N1,49.0,N1,20260523193302,N1,Y,,10.0,N1,18.0,,1.0,2.0,,,,,,10.0,1.0,1.0,4.0,1.0,1.0,,,1.0,,,,282.0,,,Y,N1,A2100175,1.0,,3.0,18.0,1.0,,,,,,경기도,수원시,,,,,,,,,,,,,,,,,,,,,,,,,,,,,,,,,,,,,,,,,,,,,,,,,2026-05-23 19:35:48
의료법인남촌의료재단시화병원,031-5189-0567,A2100008,,,,,,5.0,1.0,,5.0,,,Y,Y,Y,Y,Y,Y,Y,10,Y,99.0,N1,20260523193513,N1,Y,,7.0,N1,16.0,5.0,1.0,5.0,,,,,,7.0,1.0,3.0,3.0,2.0,29.0,,,4.0,2.0,,,461.0,,,Y,N1,A2100008,1.0,,3.0,35.0,1.0,,,1.0,1.0,,경기도,시흥시,,,,,,,,,,,,,,,,,,,,,,,,,,,,,,,,,,,,,,,,,,,,,,,,,2026-05-23 19:35:48
의료법인석경의료재단센트럴병원,031-8041-3019,A2100027,,,,,,,1.0,,2.0,,,,Y,,Y,N1,Y,Y,16,N1,88.0,N1,20260523193342,N1,Y,,3.0,N1,18.0,,1.0,2.0,,,,,,3.0,,2.0,2.0,,7.0,,,2.0,,,,239.0,,,Y,N1,A2100027,,,4.0,20.0,,,,,,,경기도,시흥시,,,,,,,,,,,,,,,,,,,,,,,,,,,,,,,,,,,,,,,,,,,,,,,,,2026-05-23 19:35:48
의료법인록향의료재단신천연합병원,031-310-6661,A2100013,,,,,,,,,1.0,,,,Y,,Y,N1,Y,Y,8,N1,29.0,N1,20260523193501,N1,Y,,3.0,N1,10.0,,,1.0,,,,,,3.0,,1.0,1.0,,4.0,,,1.0,,,,112.0,,,Y,N1,A2100013,1.0,,1.0,6.0,1.0,,,,,,경기도,시흥시,,,,,,,,,,,,,,,,,,,,,,,,,,,,,,,,,,,,,,,,,,,,,,,,,2026-05-23 19:35:48
고려대학교의과대학부속안산병원,031-412-5381,A2100003,Y,Y,1.0,,1.0,4.0,,5.0,3.0,10.0,25.0,Y,Y,Y,Y,Y,Y,Y,5,Y,182.0,Y,20260523193253,Y,Y,5.0,20.0,N1,22.0,4.0,,3.0,18.0,10.0,13.0,25.0,30.0,20.0,2.0,3.0,4.0,4.0,66.0,15.0,20.0,8.0,5.0,3.0,,605.0,2.0,,Y,Y,A2100003,0.0,10.0,3.0,6.0,1.0,16.0,,6.0,10.0,,경기도,안산시,,,,,,,,,,,,,,,,,,,,,2.0,2.0,,,2.0,3.0,,,,,,,,,,,,,,,,,,,,,,,2026-05-23 19:35:48
대아의료재단한도병원,031-8040-1129,A2100017,,,,,,,1.0,,2.0,,,,Y,Y,Y,Y,Y,Y,16,N1,86.0,N1,20260523193206,N1,Y,,6.0,N1,17.0,,1.0,2.0,,,,,,6.0,,3.0,2.0,2.0,20.0,,,2.0,,,,343.0,,,Y,N1,A2100017,0.0,,15.0,29.0,1.0,,,,,,경기도,안산시,,,,,,,,,,,,,,,,,,,,,,,,,,,,,,,,,,,,,,,,,,,,,,,,,2026-05-23 19:35:48
의료법인플러스의료재단단원병원,031-8040-5911,A2100021,,,,,,,1.0,,2.0,,,,Y,Y,Y,Y,Y,Y,17,Y,97.0,N1,20260523193311,N1,Y,,5.0,N1,17.0,,1.0,2.0,,,,,,5.0,,1.0,1.0,2.0,8.0,,,2.0,1.0,,,342.0,,,Y,N1,A2100021,1.0,,12.0,27.0,1.0,,,,,,경기도,안산시,,,,,,,,,,,,,,,,,,,,,,,,,,,,,,,,,,,1.0,,,,,1.0,,,,,,,,,2026-05-23 19:35:48
근로복지공단안산병원,031-500-1119,A2100014,,,,,,,,,1.0,,,,Y,,Y,N1,N1,Y,4,N1,103.0,N1,20260523193300,N1,Y,,3.0,N1,7.0,,,1.0,,,,,,3.0,,1.0,1.0,,14.0,,,,,,,359.0,,,Y,N1,A2100014,1.0,,12.0,18.0,1.0,,,0.0,2.0,,경기도,안산시,,,,,,,,,,,,,,,,,,,,,,,,,,,,,,,,,,,,,,,,,,,,,,,,,2026-05-23 19:35:48
의료법인칠석의료재단사랑의병원,031-502-0119,A2100124,,,,,,,1.0,,,,,,Y,,Y,N1,Y,Y,11,N1,65.0,N1,20260523193152,N1,Y,,5.0,N1,13.0,,1.0,,,,,,,5.0,,2.0,2.0,,8.0,,,1.0,,,,206.0,,,Y,N1,A2100124,,,0.0,14.0,,,,,,,경기도,안산시,,,,,,,,,,,,,,,,,,,,,,,,,,,,,,,,,,,,,,,,,,,,,,,,,2026-05-23 19:35:48
경기도의료원안성병원,031-8046-5119,A2100045,,,,,,,1.0,,,,,,Y,,Y,N1,N1,Y,7,N1,64.0,N1,20260523193501,N1,Y,,5.0,N1,14.0,,1.0,,,,,,,5.0,,1.0,1.0,,8.0,,,,,,,178.0,,,Y,N1,A2100045,2.0,,3.0,13.0,2.0,,,7.0,8.0,,경기도,안성시,,,,,,,,,,,,,,,,,,,,,,,,,,,,,,,,,,,,,,,,,,,,,,,,,2026-05-23 19:35:48
안성성모병원,031-675-8275,A2100305,,,,,,,,,1.0,,,,Y,,Y,N1,N1,Y,6,N1,91.0,N1,20260523193439,N1,Y,,2.0,N1,9.0,,,1.0,,,,,,3.0,,1.0,1.0,,7.0,,,,,,,188.0,,,Y,N1,A2100305,,,9.0,20.0,,,,,,,경기도,안성시,,,,,,,,,,,,,,,,,,,,,,,,,,,,,,,,,,,,,,,,,,,,,,,,,2026-05-23 19:35:48
한림대학교성심병원,031-380-1500,A2100004,Y,Y,1.0,,0.0,3.0,2.0,1.0,3.0,9.0,26.0,Y,Y,Y,Y,Y,Y,Y,3,Y,270.0,Y,20260523193425,Y,Y,8.0,18.0,N1,25.0,3.0,2.0,4.0,19.0,27.0,16.0,9.0,30.0,19.0,2.0,4.0,3.0,6.0,68.0,9.0,10.0,17.0,12.0,1.0,,610.0,1.0,,Y,Y,A2100004,1.0,8.0,,,3.0,20.0,,1.0,14.0,,경기도,안양시,,,,,,,,,,,,,,,,,,,,1.0,5.0,,0.0,8.0,5.0,,,,,,,,,,,,,,,,6.0,18.0,,,,,,,2026-05-23 19:35:48
효산의료재단안양샘병원,031-467-9119,A2100015,,,,,5.0,,1.0,1.0,2.0,,,,Y,Y,Y,Y,Y,Y,13,Y,102.0,N1,20260523193043,N1,Y,,6.0,N1,17.0,,1.0,2.0,,8.0,9.0,,,6.0,,2.0,1.0,2.0,12.0,,,2.0,1.0,,,306.0,,,Y,N1,A2100015,1.0,,,,1.0,,,,,,경기도,안양시,,,,,,,,,,,,,,,,,,,,,,,,,,,,,,,,,,,,,,,,,,,,,,,,,2026-05-23 19:35:48
남양주한양병원,031-510-0119,A2100041,,,,,,,1.0,,2.0,,,,Y,Y,Y,Y,Y,Y,14,N1,79.0,N1,20260523193525,N1,Y,,,N1,17.0,,1.0,2.0,,,,,,,,2.0,2.0,1.0,33.0,,,2.0,,,,244.0,,,Y,N1,A2100041,-11.0,,1.0,17.0,3.0,,,,,,경기도,양주시,,,,,,,,,,,,,,,,,,,,,,,,,,,,,,,,,,,,,,,,,,,,,,,,,2026-05-23 19:35:48
현대병원,031-574-0114,A2100037,,,,,,,3.0,,,,,,Y,Y,Y,Y,Y,Y,12,N1,101.0,Y,20260523193347,N1,Y,,7.0,N1,17.0,,3.0,,,,,,,7.0,,2.0,2.0,2.0,50.0,,,17.0,,2.0,,342.0,,,Y,N1,A2100037,6.0,,3.0,19.0,20.0,,,,,,경기도,양주시,,,,,,,,,,,,,,,,,,,,,,,,,,,,,,,,,,,,,,,,,,,,,,,,,2026-05-23 19:35:48
엘병원,031-527-6119,A2118188,,,,,,,,,0.0,,,,Y,,Y,N1,N1,Y,5,N1,34.0,N1,20260523193345,N1,Y,,3.0,N1,8.0,,,2.0,,,,,,3.0,,1.0,1.0,,2.0,,,,,,,146.0,,,Y,N1,A2118188,1.0,,1.0,8.0,1.0,,,1.0,1.0,,경기도,양주시,,,,,,,,,,,,,,,,,,,,,,,,,,,,,,,,,,,,,,,,,,,,,,,,,2026-05-23 19:35:48
양평병원,031-770-5119,A2100089,N,N,,,,,,,1.0,,,N,Y,N,Y,N,N,Y,8,N,35.0,N,20260523193001,N,Y,,3.0,N,9.0,,,1.0,,,,,,3.0,0.0,1.0,1.0,0.0,1.0,0.0,0.0,0.0,0.0,0.0,0.0,90.0,,,Y,N,A2100089,,,,,,,,,,,경기도,양평군,,,,,,,,,,,,,,,,,,,,0.0,,,,,,,,,,,,,,,,,,,,,,,,,,,,,2026-05-23 19:35:48
세종여주병원,031-880-7754,A2100194,,,,,,,,,4.0,,,,Y,,Y,N1,N1,Y,2,N1,110.0,N1,20260523193502,N1,N,,1.0,N1,6.0,,,4.0,,,,,,2.0,,1.0,1.0,,4.0,,,,,,,196.0,,,Y,N1,A2100194,,,,,,,,,,,경기도,여주시,,,,,,,,,,,,,,,,,,,,,,3.0,,,,3.0,,,,,,,,,,,,,,,,,,,,,,,2026-05-23 19:35:48
연천군보건의료원,031-839-4119,E2100187,,,,,,,,,,,,,Y,,Y,N1,N1,Y,10,N1,50.0,N1,20260523193306,N1,N1,,2.0,N1,10.0,,,,,,,,,2.0,,1.0,,,1.0,,,,,,,52.0,,,Y,N1,E2100187,,,,,,,,,,,경기도,연천군,,,,,,,,,,,,,,,,,,,,,,,,,,,,,,,,,,,,,,,,,,,,,,,,,2026-05-23 19:35:48
오산한국병원,031-378-5119,A2100024,,,,,,,1.0,,2.0,,,,Y,Y,Y,Y,Y,Y,12,N1,56.0,Y,20260523193259,N1,Y,,5.0,N1,17.0,,1.0,2.0,,,,,,5.0,,2.0,2.0,2.0,17.0,,,2.0,,1.0,,262.0,,,Y,N1,A2100024,1.0,,8.0,34.0,1.0,,,2.0,2.0,,경기도,오산시,,,,,,,,,,,,,,,,,,,,,,,,,,,,,,,,,,,,,,,,,,,,,,,,,2026-05-23 19:35:48
연세대학교의과대학용인세브란스병원,031-5189-9001,A2100020,Y,Y,,,2.0,6.0,1.0,2.0,2.0,,,Y,Y,Y,Y,Y,Y,Y,8,Y,195.0,Y,20260523193235,Y,Y,1.0,15.0,N1,16.0,6.0,1.0,3.0,,19.0,16.0,12.0,,15.0,2.0,3.0,3.0,4.0,31.0,6.0,18.0,6.0,3.0,4.0,,597.0,,,Y,Y,A2100020,2.0,,,,2.0,,,3.0,4.0,,경기도,용인시,,,,,,,,,,,,,,,,,,,,,,,,,,,,,,,,,,,,,,,,,,,,,,,,,2026-05-23 19:35:48
강남병원,031-300-0119,A2100029,,,,,,,1.0,,2.0,,,,Y,,Y,N1,Y,Y,11,N1,51.0,N1,20260523193245,N1,Y,,4.0,N1,17.0,,1.0,2.0,,,,,,4.0,,2.0,2.0,,7.0,,,2.0,,,,264.0,,,Y,N1,A2100029,0.0,,7.0,31.0,1.0,,,,,,경기도,용인시,,,,,,,,,,,,,,,,,,,,,,,,,,,,,,,,,,,,,,,,,,,,,,,,,2026-05-23 19:35:48
(의)영문의료재단 다보스병원,031-8021-2130,A2100019,,,,,,,1.0,,2.0,,,,Y,,Y,N1,Y,Y,7,N1,47.0,N1,20260523193339,N1,Y,,6.0,N1,13.0,,1.0,2.0,,,,,,6.0,,1.0,1.0,,7.0,,,1.0,,,,225.0,,,Y,N1,A2100019,0.0,,5.0,25.0,1.0,,,,,,경기도,용인시,4.0,4.0,,,,,,,,,,,,,,,,,,,,,,,,,,,,,,,,,,,,,,,,,,,,,,,2026-05-23 19:35:48
(의)효심의료재단용인서울병원,031-336-0119,A2100122,,,,,,,,,,,,,Y,,Y,N1,N1,Y,8,N1,144.0,N1,20260523193424,N1,Y,,3.0,N1,10.0,,,,,,,,,3.0,,1.0,1.0,,1.0,,,,,,,201.0,,,Y,N1,A2100122,,,,,,,,,,,경기도,용인시,,,,,,,,,,,,,,,,,,,,,,,,,,,,,,,,,,,,,,,,,,,,,,,,,2026-05-23 19:35:48
메디필드한강병원,031-332-1119,A2121142,,,,,,,1.0,,2.0,,,,Y,Y,Y,Y,Y,Y,13,N1,164.0,N1,20260523193201,N1,Y,,6.0,N1,17.0,,1.0,2.0,,,,,,6.0,,3.0,2.0,1.0,13.0,,,2.0,,,,192.0,,,Y,N1,A2121142,1.0,,9.0,15.0,1.0,,,1.0,1.0,,경기도,용인시,,,,,,,,,,,,,,,,,,,,,,,,,,,,,,,,,,,,,,,,,,,,,,,,,2026-05-23 19:35:48
가톨릭대학교의정부성모병원,031-820-5200,A2100040,Y,Y,1.0,1.0,,8.0,2.0,,4.0,10.0,22.0,Y,Y,Y,Y,Y,Y,Y,17,Y,208.0,Y,20260523193508,Y,Y,0.0,13.0,N1,42.0,11.0,2.0,4.0,18.0,,,15.0,30.0,13.0,3.0,4.0,3.0,4.0,54.0,10.0,28.0,12.0,4.0,3.0,,519.0,1.0,1.0,Y,Y,A2100040,0.0,,5.0,26.0,4.0,,,,,,경기도,의정부시,,,,,9.0,2.0,,2.0,6.0,7.0,,20.0,53.0,2.0,,,2.0,6.0,,,,,,,,,,2.0,,6.0,,,,,,,,,,,,,,,,,,,2026-05-23 19:35:48
학교법인을지학원의정부을지대학교병원,031-8074-0119,A2117994,Y,Y,,,9.0,0.0,1.0,6.0,2.0,,,Y,Y,Y,Y,Y,Y,Y,8,Y,247.0,Y,20260523193101,Y,Y,3.0,11.0,N1,22.0,0.0,1.0,2.0,,29.0,22.0,5.0,,14.0,8.0,3.0,3.0,4.0,48.0,5.0,5.0,6.0,3.0,2.0,,588.0,,,Y,Y,A2117994,2.0,9.0,,,2.0,22.0,,3.0,6.0,,경기도,의정부시,2.0,4.0,,,,,,0.0,0.0,,,,,,,,0.0,0.0,,,,,,,,,,,,,,,,,,,,,,,,,,,,,,,2026-05-23 19:35:48
의료법인영동의료재단의정부백병원,031-842-1211,A2100034,,,,,,,,,2.0,,,,Y,,Y,N1,N1,Y,9,N1,92.0,N1,20260523193411,N1,Y,,3.0,N1,10.0,,,2.0,,,,,,3.0,,1.0,1.0,,1.0,,,,,,,192.0,,,Y,N1,A2100034,,,0.0,9.0,,,,,,,경기도,의정부시,,,,,,,,,,,,,,,,,,,,,,,,,,,,,,,,,,,,,,,,,,,,,,,,,2026-05-23 19:35:48
추병원,031-845-8313,A2100150,,,,,,,1.0,,1.0,,,,Y,Y,Y,Y,N1,Y,10,N1,77.0,N1,20260523193339,N1,N,,3.0,N1,12.0,,1.0,1.0,,,,,,3.0,,2.0,1.0,1.0,1.0,,,,,,,210.0,,,Y,N1,A2100150,,,3.0,15.0,,,,,,,경기도,의정부시,,,,,,,,,,,,,,,,,,,,,,,,,,,,,,,,,,,,,,,,,,,,,,,,,2026-05-23 19:35:48
경기도의료원의정부병원,031-828-5119,A2100043,,,,,,,1.0,,,,,,Y,,Y,N1,N1,Y,10,N1,25.0,N1,20260523193501,N1,Y,,3.0,N1,10.0,,1.0,,,,,,,3.0,,1.0,1.0,,8.0,,,,,,,86.0,,,Y,N1,A2100043,,22.0,2.0,6.0,,70.0,0.0,4.0,5.0,0.0,경기도,의정부시,,,,,,,,,,,,,,,,,,,,,,,,,,,,,,,,,,,,,,,,,,,,,,,,,2026-05-23 19:35:48
경기도의료원이천병원,031-630-4333,A2100193,,,,,,,1.0,,1.0,,,,Y,,Y,N1,N1,Y,13,N1,58.0,N1,20260523193401,N1,Y,,4.0,N1,17.0,,1.0,2.0,,,,,,4.0,,1.0,1.0,,8.0,,,,,,,190.0,,,Y,N1,A2100193,2.0,,4.0,8.0,2.0,,,6.0,6.0,,경기도,이천시,,,,,,,,,,,,,,,,,,,,,,,,,,,,,,,,,,,,,,,,,,,,,,,,,2026-05-23 19:35:48
경기도의료원파주병원,031-940-9119,A2100035,,,,,,,1.0,,2.0,,,Y,Y,,Y,N1,N1,Y,10,N1,90.0,N1,20260523193302,N1,Y,,3.0,N1,17.0,,1.0,2.0,,,,,,3.0,1.0,1.0,1.0,,9.0,,,,,,,192.0,,,Y,N1,A2100035,,,3.0,8.0,,,,,,,경기도,파주시,,,,,,,,,,,,,,,,,,,,,,,,,,,,,,,,,,,,,,,,,,,,,,,,,2026-05-23 19:35:48
메디인병원,031-570-7912,A2100131,,,,,,,,,2.0,,,,Y,Y,Y,Y,N1,Y,10,N1,72.0,N1,20260523193129,N1,Y,,4.0,N1,12.0,,,2.0,,,,,,4.0,,1.0,1.0,1.0,2.0,,,,,,,206.0,,,Y,N1,A2100131,,,,,,,,,,,경기도,파주시,,,,,,,,,,,,,,,,,,,,,,,,,,,,,,,,,,,,,,,,,,,,,,,,,2026-05-23 19:35:48
의료법인백송의료재단굿모닝병원,031-5182-7582,A2100028,,,,,,,2.0,,1.0,,,,Y,Y,Y,Y,Y,Y,9,Y,100.0,N1,20260523193402,N1,Y,,7.0,Y,19.0,,2.0,1.0,,,,,,7.0,,5.0,3.0,3.0,23.0,,,5.0,3.0,,1.0,392.0,,,Y,N1,A2100028,0.0,,1.0,27.0,3.0,,,,,,경기도,평택시,5.0,6.0,,,,,,,,,,,,,,,,,,,,,,,,,,,,,,,,,,,,,,,,,,,,,,,2026-05-23 19:35:48
의료법인양진의료재단평택성모병원,070-5012-0119,A2113246,,,,,,,1.0,,2.0,,,,Y,Y,Y,Y,Y,Y,12,N1,57.0,N1,20260523193449,N1,Y,,6.0,N1,17.0,,1.0,2.0,,,,,,6.0,,3.0,3.0,2.0,8.0,,,2.0,,,,329.0,,,Y,N1,A2113246,2.0,,2.0,34.0,2.0,,0.0,,,0.0,경기도,평택시,,,,,,,,,,,,,,,,,,,,,,,,,,,,,,,,,,,,,,,,,,,,,,,,,2026-05-23 19:35:48
의료법인갈렌의료재단박병원,031-662-4119,A2100309,,,,,,,,,1.0,,,,Y,,Y,N1,N1,Y,7,N1,40.0,N1,20260523193500,N1,Y,,2.0,N1,10.0,,,1.0,,,,,,2.0,,1.0,2.0,,3.0,,,,,,,143.0,,,Y,N1,A2100309,,,1.0,10.0,,,,,,,경기도,평택시,,,,,,,,,,,,,,,,,,,,,,,,,,,,,,,,,,,,,,,,,,,,,,,,,2026-05-23 19:35:48
의료법인박애의료재단박애병원,031-650-9219,A2100022,,,,,,,,,1.0,,,,Y,,Y,N1,Y,Y,8,N1,105.0,N1,20260523193525,N1,Y,,5.0,N1,10.0,,,1.0,,,,,,5.0,,2.0,1.0,,20.0,,,2.0,,,,193.0,,,Y,N1,A2100022,,,7.0,10.0,,,,,,,경기도,평택시,,,,,,,,,,,,,,,,,,,,,,,,,,,,,,,,,,,,,,,,,,,,,,,,,2026-05-23 19:35:48
경기도의료원포천병원,031-539-9119,A2100031,,Y,,,,,1.0,,2.0,,,Y,Y,,Y,N1,N1,Y,15,N1,51.0,N1,20260523193502,Y,Y,,4.0,N1,17.0,,1.0,2.0,,,,,,4.0,3.0,1.0,1.0,,7.0,,2.0,,,,,137.0,,,Y,N1,A2100031,0.0,,3.0,10.0,0.0,,,2.0,3.0,,경기도,포천시,,,,,,,,,,,,,,,,,,,,,,,,,,,,,,,,,,,,,,,,,,,,,,,,,2026-05-23 19:35:48
의료법인 일심의료재단 포천우리병원,031-541-8282,A2100036,,,,,,,1.0,,3.0,,,,Y,Y,Y,Y,Y,Y,18,N1,97.0,N1,20260523193511,N1,Y,,4.0,N1,18.0,,1.0,3.0,,,,,,5.0,,2.0,2.0,1.0,14.0,,,3.0,,,,201.0,,,Y,N1,A2100036,2.0,,13.0,18.0,2.0,,,2.0,2.0,,경기도,포천시,,,,,,,,,,,,,,,,,,,,,,,,,,,,,,,,,,,,,,,,,,,,,,,,,2026-05-23 19:35:48
한림대학교동탄성심병원,031-8086-2119,A2100046,Y,Y,,,17.0,9.0,,0.0,,,,Y,Y,Y,Y,Y,Y,Y,15,Y,215.0,Y,20260523193526,Y,Y,10.0,19.0,Y,32.0,9.0,,,,28.0,13.0,13.0,,20.0,1.0,6.0,3.0,6.0,50.0,5.0,14.0,17.0,2.0,2.0,1.0,515.0,,,Y,Y,A2100046,7.0,,,,11.0,,,5.0,11.0,,경기도,화성시,,,,,,,,,,,,,,,,,,,,1.0,3.0,0.0,0.0,13.0,3.0,0.0,,1.0,,9.0,,,,,,,,,,,,,,,,,,,2026-05-23 19:35:48
의료법인은혜와감사의료재단화성중앙종합병원,031-371-7998,A2100018,,,,,,,,,1.0,,,,Y,,Y,N1,N1,Y,9,N1,62.0,N1,20260523193252,N1,Y,,3.0,N1,9.0,,,1.0,,,,,,3.0,,1.0,1.0,,3.0,,,,,,,131.0,,,Y,N1,A2100018,,,3.0,8.0,,,,,,,경기도,화성시,,,,,,,,,,,,,,,,,,,,,,,,,,,,,,,,,,,,,,,,,,,,,,,,,2026-05-23 19:35:48
의료법인원광의료재단원광종합병원,031-8077-7219,A2115699,,,,,,,1.0,,,,,,Y,,Y,N1,N1,Y,8,N1,26.0,N1,20260523192821,N1,Y,,4.0,N1,9.0,,1.0,,,,,,,4.0,,1.0,2.0,,4.0,,,,,,,135.0,,,Y,N1,A2115699,,,1.0,9.0,,,,,,,경기도,화성시,,,,,,,,,,,,,,,,,,,,,,,,,,,,,,,,,,,,,,,,,,,,,,,,,2026-05-23 19:35:48
의료법인 거붕 백병원,055-733-0180,A2800008,,,,,,,,,1.0,,,,Y,,Y,N1,N1,Y,1,N1,51.0,N1,20260523193441,N1,Y,,4.0,N1,9.0,,,1.0,,,,,,4.0,,2.0,2.0,,12.0,,,,,,,365.0,,,Y,N1,A2800008,,,3.0,20.0,,,,,,,경상남도,거제시,,,,,,,,,,,,,,,,,,,,,,,,,,,,,,,,,,,,,,,,,,,,,,,,,2026-05-23 19:35:48
의료법인 대우의료재단대우병원,055-680-8119,A2800005,,,,,,,,,1.0,,,,Y,,Y,N1,N1,Y,0,N1,42.0,N1,20260523193244,N1,Y,,4.0,N1,9.0,,,1.0,,,,,,4.0,,2.0,1.0,,5.0,,,,,,,231.0,,,Y,N1,A2800005,,,3.0,10.0,,,,,,,경상남도,거제시,,,,,,,,,,,,,,,,,,,,,,,,,,,,,,,,,,,,,,,,,,,,,,,,,2026-05-23 19:35:48
의료법인 성념의료재단맑은샘병원,055-736-0119,A2800022,,,,,,,,,1.0,,,,Y,,Y,N1,N1,Y,7,N1,17.0,N1,20260523192540,N1,Y,,2.0,N1,9.0,,,1.0,,,,,,2.0,,1.0,1.0,,4.0,,,,,,,200.0,,,Y,N1,A2800022,,,,,,,,,,,경상남도,거제시,,,,,,,,,,,,,,,,,,,,,,,,,,,,,,,,,,,,,,,,,,,,,,,,,2026-05-23 19:35:48
거창적십자병원,055-949-3359,A2800076,,Y,,,,,,,1.0,,,Y,Y,,Y,N1,N1,Y,5,N1,39.0,N1,20260523193524,Y,Y,,2.0,N1,9.0,,,1.0,,,,,,2.0,1.0,1.0,1.0,,2.0,,2.0,,,,,91.0,,,Y,N1,A2800076,,,,,,,,,,,경상남도,거창군,,,,,,,,,,,,,,,,,,,,,,,,,,,,,,,,,,,,,,,,,,,,,,,,,2026-05-23 19:35:48
강병원,055-673-4848,A2800032,,,,,,,,,1.0,,,,Y,,Y,N1,N1,Y,9,N1,35.0,N1,20260523193336,N1,Y,,1.0,N1,9.0,,,1.0,,,,,,1.0,,1.0,1.0,,1.0,,,,,,,99.0,,,Y,N1,A2800032,,,,,,,,,,,경상남도,고성군,,,,,,,,,,,,,,,,,,,,,,,,,,,,,,,,,,,,,,,,,,,,,,,,,2026-05-23 19:35:48
의료법인환명의료재단 조은금강병원,055-330-0200,A2800010,,,,,,,1.0,,2.0,,,,Y,Y,Y,Y,N1,Y,8,N1,84.0,N1,20260523193110,N1,Y,,4.0,Y,17.0,,1.0,2.0,,,,,,4.0,,1.0,2.0,1.0,7.0,,,,,,2.0,305.0,,,Y,N1,A2800010,1.0,4.0,10.0,23.0,1.0,96.0,,,,,경상남도,김해시,,,,,,,,,,,,,,,,,,,,,,,,,,,,,,,,,,,,,,,,,,,,,,,,,2026-05-23 19:35:48
의료법인숭인의료재단 김해복음병원,055-330-8844,A2800006,,,,,,,1.0,,3.0,,,,Y,Y,Y,Y,Y,Y,14,N1,18.0,N1,20260523193256,N1,Y,,5.0,N1,16.0,,1.0,3.0,,,,,,5.0,,2.0,3.0,1.0,3.0,,,3.0,,,,359.0,,,Y,N1,A2800006,0.0,,8.0,18.0,1.0,,,,,,경상남도,김해시,,,,,,,,,,,,,,,,,,,,,,,,,,,,,,,,,,,,,,,,,,,,,,,,,2026-05-23 19:35:48
강일병원,055-822-0119,A2803677,,,,,,,1.0,,2.0,,,,Y,Y,Y,Y,N1,Y,8,N1,133.0,N1,20260523193521,N1,Y,,5.0,N1,8.0,,1.0,2.0,,,,,,5.0,,1.0,2.0,1.0,1.0,,,,,,,276.0,,,Y,N1,A2803677,,,13.0,15.0,,,,,,,경상남도,김해시,,,,,,,,,,,,,,,,,,,,,,,,,,,,,,,,,,,,,,,,,,,,,,,,,2026-05-23 19:35:48
의료법인갑을의료재단 갑을장유병원,055-310-6119,A2800014,,,,,,,1.0,,,,,,Y,,Y,N1,N1,Y,3,N1,46.0,N1,20260523193433,N1,Y,,4.0,N1,9.0,,1.0,,,,,,,4.0,,1.0,1.0,,1.0,,,,,,,210.0,,,Y,N1,A2800014,,,,,,,,,,,경상남도,김해시,,,,,,,,,,,,,,,,,,,,,,,,,,,,,,,,,,,,,,,,,,,,,,,,,2026-05-23 19:35:48
의료법인 이도의료재단 남해병원,055-860-6630,A2800094,N,N,,,,,1.0,,1.0,,,N,Y,N,Y,N,N,Y,7,N,67.0,N,20260523190840,N,Y,,2.0,N,,,,,,,,,,,,,,,,,,,,,,,,,N,N,A2800094,,,,,,,,,,,경상남도,남해군,,,,,,,,,,,,,,,,,,,,,,,,,,,,,,,,,,,,,,,,,,,,,,,,,2026-05-23 19:35:48
밀양병원,055-356-9119,A2800113,,,,,,,,,1.0,,,,Y,,Y,N1,N1,Y,7,N1,53.0,N1,20260523193519,N1,Y,,0.0,N1,8.0,,,1.0,,,,,,0.0,,1.0,1.0,,1.0,,,,,,,200.0,,,Y,N1,A2800113,,,,,,,,,,,경상남도,밀양시,,,,,,,,,,,,,,,,,,,,,,,,,,,,,,,,,,,,,,,,,,,,,,,,,2026-05-23 19:35:48
의료법인승연의료재단 삼천포서울병원,055-830-9019,A2800068,,,,,,,,,1.0,,,,Y,,Y,N1,N1,Y,7,N1,22.0,N1,20260523193016,N1,Y,,3.0,Y,9.0,,,1.0,,,,,,3.0,,1.0,2.0,,4.0,,,,,,1.0,279.0,,,Y,N1,A2800068,,,,,,,,,,,경상남도,사천시,,,,,,,,,,,,,,,,,,,,,,,,,,,,,,,,,,,,,,,,,,,,,,,,,2026-05-23 19:35:48
삼천포제일병원,055-830-3099,A2800101,,,,,,,,,2.0,,,,Y,,Y,N1,N1,Y,8,N1,63.0,N1,20260523193346,N1,Y,,2.0,N,8.0,,,2.0,,,,,,2.0,,1.0,1.0,,1.0,,,,,,1.0,214.0,,,Y,N1,A2800101,,,,,,,,,,,경상남도,사천시,,,,,,,,,,,,,,,,,,,,,,,,,,,,,,,,,,,,,,,,,,,,,,,,,2026-05-23 19:35:48
산청군보건의료원,055-970-7582,E2800380,,,,,,,,,1.0,,,,,,Y,N1,N1,N1,5,N1,20.0,N1,20260523193501,N1,N1,,,N1,5.0,,,1.0,,,,,,,,,,,1.0,,,,,,,20.0,,,Y,N1,E2800380,,,,,,,,,,,경상남도,산청군,,,,,,,,,,,,,,,,,,,,,,,,,,,,,,,,,,,,,,,,,,,,,,,,,2026-05-23 19:35:48
양산부산대학교병원,055-360-1463,A2800011,Y,Y,2.0,2.0,6.0,6.0,,8.0,1.0,7.0,23.0,Y,Y,Y,Y,Y,Y,Y,11,Y,304.0,Y,20260523193327,Y,Y,15.0,25.0,N1,23.0,8.0,,1.0,16.0,16.0,11.0,38.0,30.0,25.0,4.0,6.0,5.0,6.0,92.0,24.0,23.0,19.0,12.0,2.0,,766.0,2.0,2.0,Y,Y,A2800011,0.0,11.0,,,0.0,33.0,,4.0,4.0,,경상남도,양산시,,,,4.0,,,1.0,,,,9.0,,,,,4.0,,,,,2.0,3.0,,,2.0,3.0,7.0,,11.0,,1.0,,,0.0,0.0,1.0,,,0.0,0.0,4.0,10.0,1.0,1.0,5.0,2.0,6.0,1.0,2026-05-23 19:35:48
양산성모병원,055-912-9785,A2804593,,,,,,,1.0,,,,,,Y,,Y,N1,N1,Y,11,N1,129.0,N1,20260523193440,N1,Y,,2.0,N1,13.0,,1.0,,,,,,,4.0,,1.0,2.0,,1.0,,,,,,,214.0,,,Y,N1,A2804593,,,5.0,5.0,,,,,,,경상남도,양산시,,,,,,,,,,,,,,,,,,,,,,,,,,,,,,,,,,,,,,,,,,,,,,,,,2026-05-23 19:35:48
베데스다복음병원,055-781-9911,A2800019,,,,,,,,,1.0,,,,Y,,Y,N1,N1,Y,9,N1,22.0,N1,20260523193523,N1,Y,,3.0,N1,9.0,,,1.0,,,,,,3.0,,1.0,1.0,,1.0,,,,,,,110.0,,,Y,N1,A2800019,,,,,,,,,,,경상남도,양산시,,,,,,,,,,,,,,,,,,,,,,,,,,,,,,,,,,,,,,,,,,,,,,,,,2026-05-23 19:35:48
의령병원,055-573-6806,A2800090,,,,,,,,,0.0,,,,Y,,Y,N1,N1,Y,2,N1,29.0,N1,20260523193153,N1,N1,,,N1,4.0,,,1.0,,,,,,,,1.0,,,1.0,,,,,,,58.0,,,Y,N1,A2800090,,,,,,,,,,,경상남도,의령군,,,,,,,,,,,,,,,,,,,,,,,,,,,,,,,,,,,,,,,,,,,,,,,,,2026-05-23 19:35:48
경상국립대학교병원,055-750-8282,A2800001,Y,Y,,2.0,2.0,3.0,2.0,1.0,3.0,1.0,16.0,Y,Y,Y,Y,Y,Y,Y,21,Y,299.0,Y,20260523193303,Y,Y,8.0,15.0,N1,34.0,3.0,2.0,3.0,14.0,8.0,9.0,15.0,30.0,15.0,7.0,3.0,3.0,5.0,15.0,9.0,20.0,6.0,4.0,17.0,,655.0,,6.0,Y,Y,A2800001,0.0,5.0,,,3.0,23.0,,5.0,7.0,,경상남도,진주시,,,,,25.0,2.0,,2.0,5.0,18.0,,20.0,40.0,2.0,,,2.0,6.0,,,,,,,,,,2.0,,6.0,,,,,,,,,,,,,,,,,,,2026-05-23 19:35:48
한일병원,055-750-1333,A2800043,,,,,,,1.0,,2.0,,,,Y,Y,Y,Y,Y,Y,12,N1,50.0,N1,20260523193513,N1,Y,,4.0,Y,17.0,,1.0,2.0,,,,,,4.0,,2.0,2.0,1.0,6.0,,,1.0,,,1.0,282.0,,,Y,N1,A2800043,1.0,,5.0,15.0,1.0,,,,,,경상남도,진주시,,,,,,,,,,,,,,,,,,,,,,,,,,,,,,,,,,,,,,,,,,,,,,,,,2026-05-23 19:35:48
제일병원,055-750-7119,A2800003,,,,,,,1.0,,2.0,,,,Y,Y,Y,Y,N1,Y,12,N1,75.0,N1,20260523193410,N1,Y,,5.0,Y,17.0,,1.0,2.0,,,,,,7.0,,2.0,2.0,1.0,4.0,,,,,,1.0,258.0,,,Y,N1,A2800003,,,6.0,9.0,,,,,,,경상남도,진주시,,,,,,,,,,,,,,,,,,,,1.0,,,,,,,,,,,,,,,,,,,,,,,,,,,,,2026-05-23 19:35:48
반도병원,055-749-0200,A2800084,,,,,,,,,1.0,,,,Y,,Y,N1,N1,Y,5,N1,80.0,N1,20260523193004,N1,Y,,3.0,N1,7.0,,,1.0,,,,,,3.0,,1.0,1.0,,3.0,,,,,,,165.0,,,Y,N1,A2800084,,,,,,,,,,,경상남도,진주시,,,,,,,,,,,,,,,,,,,,,,,,,,,,,,,,,,,,,,,,,,,,,,,,,2026-05-23 19:35:48
의료법인 문병욱의료재단 진주고려병원,055-751-2525,A2800015,,,,,,,,,1.0,,,,Y,Y,Y,Y,N1,Y,10,N1,84.0,N1,20260523193517,N1,Y,,4.0,Y,10.0,,,1.0,,,,,,4.0,,2.0,2.0,1.0,4.0,,,,,,1.0,229.0,,,Y,N1,A2800015,,,2.0,9.0,,,,,,,경상남도,진주시,,,,,,,,,,,,,,,,,,,,,,,,,,,,,,,,,,,,,,,,,,,,,,,,,2026-05-23 19:35:48
진주복음병원,055-749-7119,A2800037,,,,,,,,,1.0,,,,Y,,Y,N1,N1,Y,9,N1,31.0,N1,20260523193511,N1,N,,3.0,N1,9.0,,,1.0,,,,,,3.0,,1.0,1.0,,1.0,,,,,,,131.0,,,N,N1,A2800037,,,,,,,,,,,경상남도,진주시,,,,,,,,,,,,,,,,,,,,,,,,,,,,,,,,,,,,,,,,,,,,,,,,,2026-05-23 19:35:48
태황의료재단한성병원,055-530-5119,A2800062,,,,,,,,,1.0,,,,,,Y,N1,N1,N1,5,N1,62.0,N1,20260523193437,N1,N1,,,N1,9.0,,,1.0,,,,,,,,,,,,,,,,,,167.0,,,N1,N1,A2800062,,,,,,,,,,,경상남도,창녕군,,,,,,,,,,,,,,,,,,,,,,,,,,,,,,,,,,,,,,,,,,,,,,,,,2026-05-23 19:35:48
학교법인성균관대학삼성창원병원,055-233-6119,A2800020,Y,Y,,1.0,1.0,3.0,2.0,12.0,3.0,9.0,21.0,Y,Y,Y,Y,Y,Y,Y,6,Y,276.0,Y,20260523193451,Y,Y,5.0,15.0,N1,18.0,3.0,2.0,3.0,19.0,15.0,20.0,12.0,30.0,15.0,7.0,4.0,3.0,4.0,45.0,8.0,20.0,5.0,3.0,3.0,,645.0,,1.0,Y,Y,A2800020,0.0,,,,3.0,,,2.0,5.0,,경상남도,창원시,,,,,,,,,,,,,,,,,,,,,,,,,,,,,,,,,,,,,,,,,,,,,,,,,2026-05-23 19:35:48
의료법인합포의료재단에스엠지연세병원,055-240-7777,A2800017,,,,,,,1.0,,2.0,,,,Y,Y,Y,Y,Y,Y,11,N1,79.0,N1,20260523193507,N1,Y,,4.0,N1,17.0,,1.0,2.0,,,,,,4.0,,1.0,2.0,1.0,7.0,,,1.0,,,,286.0,,,Y,N1,A2800017,1.0,,3.0,11.0,1.0,,,,,,경상남도,창원시,,,,,,,,,,,,,,,,,,,,,,,,,,,,,,,,,,,,,,,,,,,,,,,,,2026-05-23 19:35:48
창원경상국립대학교병원,055-214-1339,A2803505,Y,Y,,,,,1.0,,2.0,,,Y,Y,Y,Y,Y,Y,Y,10,Y,196.0,Y,20260523193300,Y,Y,0.0,13.0,N1,18.0,,1.0,2.0,,,,17.0,,13.0,9.0,3.0,2.0,5.0,52.0,9.0,22.0,6.0,7.0,14.0,,437.0,,,Y,Y,A2803505,2.0,10.0,13.0,34.0,2.0,22.0,,6.0,6.0,,경상남도,창원시,,,5.0,0.0,,,,,,,,,,,5.0,0.0,,,,,,,,,,,,,,,,,,,,,,,,,,,,,,,,,2026-05-23 19:35:48
창원한마음병원,055-225-0350,A2800007,Y,Y,,,0.0,,1.0,2.0,3.0,,,Y,Y,Y,Y,Y,Y,Y,4,Y,113.0,Y,20260523193310,Y,Y,10.0,13.0,Y,21.0,,1.0,3.0,,25.0,37.0,10.0,,13.0,2.0,4.0,4.0,4.0,29.0,3.0,11.0,6.0,1.0,2.0,2.0,688.0,,,Y,Y,A2800007,1.0,,,,1.0,,,0.0,6.0,,경상남도,창원시,,,,,,,,,,,,,,,,,,,,,,,,,,,,,,,,,,,,,,,,,,,,,,,,,2026-05-23 19:35:48
창원파티마병원,055-270-1119,A2800004,Y,Y,,,4.0,,1.0,3.0,2.0,,,Y,Y,Y,Y,Y,Y,Y,2,N1,181.0,Y,20260523193105,Y,Y,2.0,7.0,N1,17.0,,1.0,2.0,,13.0,14.0,2.0,,7.0,2.0,4.0,3.0,3.0,16.0,3.0,6.0,3.0,,3.0,,447.0,,,Y,Y,A2800004,0.0,,,,2.0,,,6.0,6.0,,경상남도,창원시,,,,,,,,,,,,,,,,,,,,1.0,,,,,,,,,,,,,,,,,,,,,,,,,,,,,2026-05-23 19:35:48
경상남도마산의료원,055-249-1119,A2800025,,,,,,,1.0,,1.0,,,,Y,,Y,N1,Y,Y,11,N1,116.0,N1,20260523193502,N1,Y,,5.0,N1,13.0,,1.0,1.0,,,,,,5.0,,1.0,1.0,,17.0,,,2.0,,,,263.0,,,Y,N1,A2800025,1.0,,5.0,6.0,2.0,,,21.0,27.0,,경상남도,창원시,,,,,,,,,,,,,,,,,,,,,,,,,,,,,,,,,,,,,,,,,,,,,,,,,2026-05-23 19:35:48
의료법인청아의료재단청아병원,055-230-1700,A2800009,,,,,,,,,1.0,,,,Y,,Y,N1,N1,Y,8,N1,87.0,N1,20260523193344,N1,Y,,4.0,N1,9.0,,,1.0,,,,,,4.0,,2.0,2.0,,4.0,,,,,,,274.0,,,Y,N1,A2800009,,,,,,,,,,,경상남도,창원시,,,,,,,,,,,,,,,,,,,,,,,,,,,,,,,,,,,,,,,,,,,,,,,,,2026-05-23 19:35:48
연세에스병원,055-548-7789,A2800021,,,,,,,,,1.0,,,,Y,Y,Y,Y,N1,Y,5,N1,132.0,N1,20260523193412,N1,Y,,3.0,N1,9.0,,,1.0,,,,,,3.0,,2.0,2.0,1.0,5.0,,,,,,,255.0,,,Y,N1,A2800021,,,6.0,10.0,,,,,,,경상남도,창원시,,,,,,,,,,,,,,,,,,,,,,,,,,,,,,,,,,,,,,,,,,,,,,,,,2026-05-23 19:35:48
새통영병원,055-640-4119,A2800092,,,,,,,,,1.0,,,,Y,,Y,N1,N1,Y,2,N1,77.0,N1,20260523193523,N1,Y,,3.0,N1,9.0,,,1.0,,,,,,3.0,,1.0,2.0,,3.0,,,,,,,256.0,,,Y,N1,A2800092,,,,,,,,,,,경상남도,통영시,,,,,,,,,,,,,,,,,,,,,,,,,,,,,,,,,,,,,,,,,,,,,,,,,2026-05-23 19:35:48
함양성심병원,055-964-4322,A2800080,,,,,,,,,1.0,,,,Y,,Y,N1,N1,Y,2,N1,29.0,N1,20260523193229,N1,Y,,2.0,N1,4.0,,,1.0,,,,,,2.0,,1.0,1.0,,1.0,,,,,,,121.0,,,Y,N1,A2800080,,,,,,,,,,,경상남도,함양군,,,,,,,,,,,,,,,,,,,,,,,,,,,,,,,,,,,,,,,,,,,,,,,,,2026-05-23 19:35:48
삼성합천병원,070-5125-5030,A2800055,,,,,,,,,1.0,,,,Y,,Y,N1,N1,Y,-1,N1,12.0,N1,20260523193501,N1,Y,,2.0,N1,4.0,,,1.0,,,,,,2.0,,1.0,1.0,,1.0,,,,,,,141.0,,,Y,N1,A2800055,,,,,,,,,,,경상남도,합천군,,,,,,,,,,,,,,,,,,,,,,,,,,,,,,,,,,,,,,,,,,,,,,,,,2026-05-23 19:35:48
의)근원의료재단경산중앙병원,053-715-0119,A2700019,,,,,,,,,2.0,,,,Y,,Y,N1,N1,Y,3,N1,81.0,N1,20260523193505,N1,Y,,4.0,N1,10.0,,,2.0,,,,,,4.0,,1.0,1.0,,9.0,,,,,,,303.0,,,Y,N1,A2700019,0.0,32.0,3.0,11.0,2.0,116.0,,,,,경상북도,경산시,,,,,,,,,,,,,,,,,,,,,,,,,,,,,,,,,,,,,,,,,,,,,,,,,2026-05-23 19:35:48
의료법인서명의료재단세명종합병원,053-819-8500,A2700036,,,,,,,,,2.0,,,,Y,,Y,N1,N1,Y,8,N1,62.0,N1,20260523193233,N1,Y,,4.0,N1,13.0,,,2.0,,,,,,4.0,,1.0,1.0,,6.0,,,,,,,264.0,,,Y,N1,A2700036,,4.0,0.0,14.0,,22.0,,,,,경상북도,경산시,,,,,,,,,,,,,,,,,,,,,,,,,,,,,,,,,,,,,,,,,,,,,,,,,2026-05-23 19:35:48
동국대학교의과대학경주병원,054-770-8306,A2700003,Y,Y,,,1.0,0.0,2.0,2.0,5.0,,,Y,Y,Y,Y,Y,Y,Y,4,N1,63.0,N1,20260523193042,Y,Y,,6.0,N1,16.0,3.0,2.0,5.0,,11.0,17.0,,,7.0,1.0,2.0,2.0,2.0,26.0,2.0,6.0,2.0,,,,278.0,,,Y,Y,A2700003,4.0,8.0,0.0,7.0,4.0,17.0,,3.0,3.0,,경상북도,경주시,,,,,,,,,,,,,,,,,,,,,,,,,,,,,,,,,,,,,,,,,,,,,,,,,2026-05-23 19:35:48
계명대학교경주동산병원,054-770-9420,A2700097,,,,,,,,,1.0,,,,Y,,Y,N1,N1,Y,6,N1,49.0,N1,20260523193511,N1,Y,,2.0,N1,9.0,,,1.0,,,,,,2.0,,1.0,1.0,,1.0,,,,,,,88.0,,,Y,N1,A2700097,,,,,,,,,,,경상북도,경주시,,,,,,,,,,,,,,,,,,,,,,,,,,,,,,,,,,,,,,,,,,,,,,,,,2026-05-23 19:35:48
의료법인영암의료재단고령영생병원,070-4700-0728,A2700070,,,,,,,,,1.0,,,,Y,,Y,N1,N1,Y,3,N1,36.0,N1,20260523193452,N1,N1,,1.0,N1,5.0,,,1.0,,,,,,1.0,,1.0,,,1.0,,,,,,,59.0,,,Y,N1,A2700070,,,,,,,,,,,경상북도,고령군,,,,,,,,,,,,,,,,,,,,,,,,,,,,,,,,,,,,,,,,,,,,,,,,,2026-05-23 19:35:48
차의과학대학교부속구미차병원,054-450-9998,A2700007,Y,Y,0.0,,,4.0,3.0,,3.0,7.0,10.0,Y,Y,Y,Y,Y,Y,Y,11,Y,79.0,Y,20260523193505,Y,Y,3.0,7.0,N1,20.0,5.0,3.0,3.0,25.0,,,8.0,30.0,8.0,3.0,3.0,2.0,2.0,21.0,3.0,13.0,2.0,1.0,2.0,,301.0,3.0,,Y,Y,A2700007,,,1.0,18.0,,,,,,,경상북도,구미시,,,,,,,,,,,,,,,,,,,,1.0,,,,,,,,,,,,,,,,,,,,,,,,,,,,,2026-05-23 19:35:48
순천향대학교부속구미병원,054-468-9119,A2700013,,Y,,,,0.0,1.0,,2.0,0.0,2.0,Y,Y,Y,Y,Y,Y,Y,9,N1,66.0,N1,20260523193120,Y,Y,,6.0,N1,13.0,4.0,1.0,2.0,2.0,,,,3.0,6.0,1.0,2.0,2.0,2.0,21.0,,1.0,2.0,,,,263.0,,,Y,N1,A2700013,2.0,,2.0,31.0,2.0,,,0.0,1.0,,경상북도,구미시,,,,,,,,,,,,,,,,,,,,,,,,,,,,,,,,,,,,,,,,,,,,,,,,,2026-05-23 19:35:48
구미강동병원,054-478-9521,A2700015,,,,,,,1.0,,2.0,,,,Y,Y,Y,Y,N1,Y,6,N1,64.0,N1,20260523193421,N1,Y,,5.0,N1,7.0,,1.0,2.0,,,,,,5.0,,1.0,1.0,1.0,3.0,,,,,,,191.0,,,Y,N1,A2700015,,,5.0,12.0,,,9.0,,,9.0,경상북도,구미시,,,,,,,,,,,,,,,,,,,,,,,,,,,,,,,,,,,,,,,,,,,,,,,,,2026-05-23 19:35:48
의료법인덕산의료재단김천제일병원,054-420-9500,A2700012,,,,,,,1.0,,3.0,,,Y,Y,Y,Y,Y,N1,Y,12,N1,99.0,N1,20260523193328,N1,Y,,4.0,N1,16.0,,1.0,3.0,,,,,,4.0,3.0,1.0,1.0,1.0,10.0,,,,,,,279.0,,,Y,N1,A2700012,,,4.0,18.0,,,,,,,경상북도,김천시,,,,,,,,,,,,,,,,,,,,,,,,,,,,,,,,,,,,,,,,,,,,,,,,,2026-05-23 19:35:48
경상북도김천의료원,054-429-8234,A2700018,,,,,,,1.0,,,,,,Y,,Y,N1,N1,Y,14,N1,41.0,N1,20260523193502,N1,Y,,5.0,N1,17.0,,1.0,,,,,,,5.0,,1.0,2.0,,7.0,,,,,,,274.0,,,Y,N1,A2700018,1.0,,3.0,22.0,3.0,,,,,,경상북도,김천시,,,,,,,,,,,,,,,,,,,,,,,,,,,,,,,,,,,,,,,,,,,,,,,,,2026-05-23 19:35:48
의료법인동춘의료재단문경제일병원,054-550-7777,A2700006,,,,,,,1.0,,0.0,,,,Y,,Y,N1,N1,Y,15,N1,62.0,N1,20260523193500,N1,Y,,2.0,N1,17.0,,1.0,2.0,,,,,,3.0,,2.0,1.0,,8.0,,,,,,,309.0,,,Y,N1,A2700006,1.0,58.0,16.0,31.0,1.0,162.0,,4.0,4.0,,경상북도,문경시,,,,,,,,,,,,,,,,,,,,,,,,,,,,,,,,,,,,,,,,,,,,,,,,,2026-05-23 19:35:48
의료법인삼백의료재단상주성모병원,054-530-7811,A2700009,,,,,,,,,1.0,,,,Y,,Y,N1,N1,Y,9,N1,33.0,N1,20260523193431,N1,Y,,3.0,N1,9.0,,,1.0,,,,,,3.0,,1.0,1.0,,1.0,,,,,,,172.0,,,Y,N1,A2700009,,,2.0,10.0,,,,,,,경상북도,상주시,,,,,,,,,,,,,,,,,,,,,,,,,,,,,,,,,,,,,,,,,,,,,,,,,2026-05-23 19:35:48
상주적십자병원,054-530-3171,A2700011,,Y,,,,,1.0,,,,,Y,Y,,Y,N1,Y,Y,7,N1,64.0,N1,20260523193449,Y,Y,,3.0,N1,9.0,,1.0,,,,,,,3.0,1.0,1.0,1.0,,7.0,,2.0,1.0,,,,164.0,,,Y,N1,A2700011,,,4.0,10.0,,,,,,,경상북도,상주시,,,,,,,,,,,,,,,,,,,,,,,,,,,,,,,,,,,,,,,,,,,,,,,,,2026-05-23 19:35:48
의료법인안동병원,054-840-0119,A2700014,Y,Y,0.0,,0.0,0.0,,,,3.0,21.0,Y,Y,Y,Y,Y,Y,Y,1,Y,126.0,Y,20260523193200,Y,Y,10.0,11.0,Y,15.0,3.0,,,19.0,20.0,,10.0,30.0,11.0,3.0,6.0,3.0,5.0,67.0,3.0,12.0,14.0,4.0,13.0,1.0,775.0,1.0,,Y,Y,A2700014,3.0,0.0,13.0,13.0,3.0,34.0,,4.0,6.0,,경상북도,안동시,,,,,3.0,2.0,,1.0,6.0,3.0,,20.0,40.0,2.0,,,2.0,6.0,,1.0,2.0,3.0,,,2.0,3.0,,,,,,,,,,,,,,,,,,,,,,,2026-05-23 19:35:48
안동성소병원,054-850-8282,A2700004,,Y,,,,,1.0,,1.0,,,Y,Y,Y,Y,Y,Y,Y,9,N1,137.0,N1,20260523193516,Y,Y,,6.0,N1,12.0,,1.0,2.0,,,,,,6.0,1.0,2.0,2.0,2.0,21.0,,4.0,1.0,,,,396.0,,,Y,N1,A2700004,1.0,23.0,12.0,18.0,3.0,186.0,,1.0,2.0,,경상북도,안동시,5.0,5.0,,,,,,,,,,,,,,,,,,,,,,,,,,,,,,,,,,,,,,,,,,,,,,,2026-05-23 19:35:48
경상북도안동의료원,054-850-6100,A2700001,,,,,,,,,2.0,,,,Y,,Y,N1,N1,Y,6,N1,128.0,N1,20260523193501,N1,Y,,5.0,N1,6.0,,,2.0,,,,,,5.0,,1.0,1.0,,8.0,,,,,,,238.0,,,Y,N1,A2700001,,,6.0,10.0,,,,,,,경상북도,안동시,,,,,,,,,,,,,,,,,,,,,,,,,,,,,,,,,,,,,,,,,,,,,,,,,2026-05-23 19:35:48
영주기독병원,054-635-3050,A2700031,,Y,,,,,,,1.0,,,Y,Y,,Y,N1,N1,Y,3,N1,10.0,N1,20260523193529,Y,N1,,1.0,N1,4.0,,,1.0,,,,,,1.0,1.0,1.0,,,1.0,,2.0,,,,,70.0,,,Y,N1,A2700031,,,,,,,,,,,경상북도,영주시,,,,,,,,,,,,,,,,,,,,,,,,,,,,,,,,,,,,,,,,,,,,,,,,,2026-05-23 19:35:48
영주자인병원,070-7335-5229,A2700020,,,,,,,,,1.0,,,,Y,,Y,N1,N1,Y,1,N1,28.0,N1,20260523193532,N1,Y,,,N1,4.0,,,1.0,,,,,,2.0,,1.0,1.0,,,,,,,,,133.0,,,N1,N1,A2700020,,,,,,,,,,,경상북도,영주시,,,,,,,,,,,,,,,,,,,,,,,,,,,,,,,,,,,,,,,,,,,,,,,,,2026-05-23 19:35:48
영주적십자병원,054-630-0112,A2702752,,,,,,,1.0,,,,,,Y,,Y,N1,Y,Y,7,N1,68.0,N1,20260523193222,N1,Y,,3.0,N1,10.0,,1.0,,,,,,,3.0,,1.0,1.0,,4.0,,,1.0,,,,140.0,,,Y,N1,A2702752,,,1.0,10.0,,,,,,,경상북도,영주시,,,,,,,,,,,,,,,,,,,,,,,,,,,,,,,,,,,,,,,,,,,,,,,,,2026-05-23 19:35:48
영남대학교의과대학부속영천병원,054-330-7575,A2700017,,,,,,,1.0,,2.0,,,,Y,,Y,N1,N1,Y,9,N1,65.0,N1,20260523193419,N1,Y,,4.0,N1,10.0,,1.0,2.0,,,,,,4.0,,1.0,1.0,,1.0,,,,,,,190.0,,,Y,N1,A2700017,,,2.0,10.0,,,,,,,경상북도,영천시,,,,,,,,,,,,,,,,,,,,,,,,,,,,,,,,,,,,,,,,,,,,,,,,,2026-05-23 19:35:48
의료법인서준의료재단예천권병원,054-650-2119,A2700023,,Y,,,,,1.0,,0.0,,,Y,Y,,Y,N1,N1,Y,5,N1,81.0,N1,20260523193039,Y,Y,,2.0,N1,6.0,,1.0,0.0,,,,,,2.0,1.0,1.0,1.0,,3.0,,2.0,,,,,173.0,,,Y,N1,A2700023,,,,,,,,0.0,0.0,,경상북도,예천군,,,,,,,,,,,,,,,,,,,,,,,,,,,,,,,,,,,,,,,,,,,,,,,,,2026-05-23 19:35:48
울릉군보건의료원,054-790-6911,E2700553,,,,,,,,,,,,,Y,,Y,N1,N1,Y,5,N1,26.0,N1,20260523193501,N1,N1,,1.0,N1,5.0,,,,,,,,,1.0,,1.0,,,1.0,,,,,,,27.0,,,Y,N1,E2700553,,,,,,,,,,,경상북도,울릉군,,,,,,,,,,,,,,,,,,,,,,,,,,,,,,,,,,,,,,,,,,,,,,,,,2026-05-23 19:35:48
울진군의료원,054-785-7119,A2700052,,,,,,,2.0,,,,,,Y,,Y,N1,N1,Y,5,N1,25.0,N1,20260523193102,N1,Y,,3.0,N1,8.0,,2.0,,,,,,,3.0,,1.0,1.0,,1.0,,,,,,,91.0,,,Y,N1,A2700052,,,,,,,,2.0,2.0,,경상북도,울진군,,,,,,,,,,,,,,,,,,,,,,,,,,,,,,,,,,,,,,,,,,,,,,,,,2026-05-23 19:35:48
의료법인영제의료재단영남제일병원,054-861-9111,A2700063,,,,,,,,,1.0,,,,Y,,Y,N1,N1,Y,4,N1,27.0,N1,20260523191502,N1,N1,,1.0,N1,,,,,,,,,,,,,,,,,,,,,,,,,Y,N1,A2700063,,,,,,,,,,,경상북도,의성군,,,,,,,,,,,,,,,,,,,,,,,,,,,,,,,,,,,,,,,,,,,,,,,,,2026-05-23 19:35:48
의료법인대남의료재단청도대남병원,054-370-5112,A2700038,,,,,,,,,,,,,Y,,Y,N1,N1,Y,9,N1,89.0,N1,20260523193423,N1,Y,,1.0,N1,10.0,,,,,,,,,1.0,,1.0,1.0,,1.0,,,,,,,115.0,,,Y,N1,A2700038,,,,,,,,,,,경상북도,청도군,,,,,,,,,,,,,,,,,,,,,,,,,,,,,,,,,,,,,,,,,,,,,,,,,2026-05-23 19:35:48
청송군보건의료원,054-870-7119,E2700554,,,,,,,,,1.0,,,,,,Y,N1,N1,N1,5,N1,54.0,N1,20260523193500,N1,N1,,,N1,5.0,,,1.0,,,,,,,,,,,1.0,,,,,,,45.0,,,Y,N1,E2700554,,,,,,,,,,,경상북도,청송군,,,,,,,,,,,,,,,,,,,,,,,,,,,,,,,,,,,,,,,,,,,,,,,,,2026-05-23 19:35:48
포항성모병원,054-260-8600,A2700016,Y,Y,,5.0,,11.0,,,,6.0,5.0,Y,Y,Y,Y,Y,Y,Y,10,Y,125.0,Y,20260523193306,Y,Y,,9.0,Y,20.0,11.0,,,15.0,,,,17.0,9.0,1.0,3.0,2.0,2.0,25.0,1.0,6.0,4.0,1.0,2.0,3.0,468.0,,5.0,Y,Y,A2700016,1.0,,4.0,16.0,1.0,,,1.0,1.0,,경상북도,포항시,,,,,,,,,,,,,,,,,,,,,2.0,3.0,,,2.0,3.0,,,,,,5.0,,,,,13.0,,,,,,,,,,,,2026-05-23 19:35:48
포항세명기독병원,054-289-1711,A2700002,,,,,,,1.0,,1.0,,,,Y,Y,Y,Y,Y,Y,3,Y,155.0,Y,20260523193450,N1,Y,,14.0,Y,15.0,,1.0,3.0,,,,,,14.0,,6.0,5.0,4.0,25.0,,,5.0,1.0,1.0,1.0,665.0,,,Y,N1,A2700002,0.0,,9.0,54.0,1.0,,,1.0,6.0,,경상북도,포항시,5.0,6.0,,,,,,,,,,,,,,,,,,,,,,,,,,,,,,,,,,,,,,,,,,,,,,,2026-05-23 19:35:48
에스포항병원,054-289-9120,A2700008,Y,,,,,,,,1.0,,,,Y,Y,Y,Y,Y,Y,5,N1,115.0,N1,20260523193316,N1,Y,,4.0,N1,6.0,,,1.0,,,,,,4.0,,2.0,2.0,3.0,9.0,9.0,,1.0,,,,239.0,,,Y,Y,A2700008,1.0,,3.0,14.0,1.0,,,,,,경상북도,포항시,,,,,,,,,,,,,,,,,,,,,,,,,,,,,,,,,,,,,,,,,,,,,,,,,2026-05-23 19:35:48
의료법인은성의료재단좋은선린병원,054-245-5200,A2702563,,,,,,,,,2.0,,,,Y,N,Y,N,N1,Y,9,N1,105.0,N1,20260523193519,N1,Y,,4.0,N,10.0,,,2.0,,,,,,4.0,,1.0,1.0,2.0,7.0,,,,,,14.0,281.0,,,N,N1,A2702563,1.0,,2.0,17.0,1.0,,2.0,,,2.0,경상북도,포항시,,,,,,,,,,,,,,,,,,,,,,,,,,,,,,,,,,,,,,,,,,,,,,,,,2026-05-23 19:35:48
경상북도포항의료원,054-245-0129,A2700005,,,,,,,1.0,,1.0,,,,Y,,Y,N1,N1,Y,5,N1,0.0,N1,20260523193502,N1,Y,,3.0,N1,8.0,,1.0,1.0,,,,,,3.0,,1.0,1.0,,4.0,,,,,,,142.0,,,Y,N1,A2700005,1.0,37.0,11.0,19.0,1.0,86.0,,5.0,7.0,,경상북도,포항시,,,,,,,,,,,,,,,,,,,,,,,,,,,,,,,,,,,,,,,,,,,,,,,,,2026-05-23 19:35:48
KS병원,062-975-9119,A1500019,,,,,3.0,7.0,1.0,,2.0,,,,Y,Y,Y,Y,Y,Y,8,N1,49.0,Y,20260523193149,N1,Y,,4.0,N1,15.0,7.0,1.0,2.0,,11.0,,,,4.0,,2.0,2.0,1.0,5.0,,,1.0,,1.0,,270.0,,,Y,N1,A1500019,,,2.0,12.0,,,,,,,광주광역시,광산구,0.0,0.0,,,,,,,,,,,,,,,,,,,,,,,,,,,,,,,,,,,,,,,,,,,,,,,2026-05-23 19:35:48
첨단종합병원,062-601-8119,A1500011,,,,,,,1.0,,2.0,,,,Y,Y,Y,Y,N1,Y,11,N1,143.0,N1,20260523193250,N1,Y,,5.0,N1,22.0,,1.0,2.0,,,,,,5.0,,2.0,1.0,1.0,10.0,,,,,,,412.0,,,Y,N1,A1500011,1.0,10.0,6.0,23.0,1.0,49.0,,1.0,1.0,,광주광역시,광산구,,,,,,,,,,,,,,,,,,,,,,,,,,,,,,,,,,,,,,,,,,,,,,,,,2026-05-23 19:35:48
신가병원,062-610-8119,A1500006,,,,,,,,,1.0,,,,Y,,Y,N1,N1,Y,9,N1,51.0,N1,20260523193427,N1,Y,,3.0,N1,9.0,,,1.0,,,,,,3.0,,1.0,1.0,,1.0,,,,,,,201.0,,,Y,N1,A1500006,,,,,,,,,,,광주광역시,광산구,1.0,1.0,,,,,,,,,,,,,,,,,,,,,,,,,,,,,,,,,,,,,,,,,,,,,,,2026-05-23 19:35:48
광주센트럴병원,062-960-5119,A1502007,,,,,,,,,1.0,,,,Y,,Y,N1,N1,Y,6,N1,45.0,N1,20260523193508,N1,Y,,3.0,N1,10.0,,,1.0,,,,,,3.0,,1.0,1.0,,1.0,,,,,,,299.0,,,Y,N1,A1502007,,,,,,,,,,,광주광역시,광산구,,,,,,,,,,,,,,,,,,,,,,,,,,,,,,,,,,,,,,,,,,,,,,,,,2026-05-23 19:35:48
하남성심병원,062-958-1250,A1500017,,,,,,,,,1.0,,,,Y,,Y,N1,N1,Y,11,N1,13.0,N1,20260523193311,N1,Y,,5.0,N1,19.0,,,1.0,,,,,,5.0,,1.0,1.0,,4.0,,,,,,,261.0,,,Y,N1,A1500017,,,0.0,10.0,,,,,,,광주광역시,광산구,,,,,,,,,,,,,,,,,,,,,,,,,,,,,,,,,,,,,,,,,,,,,,,,,2026-05-23 19:35:48
광주수완병원,062-958-1119,A1500018,,,,,,,,,0.0,,,,Y,,Y,N1,N1,Y,8,N1,43.0,N1,20260523192850,N1,Y,,3.0,N1,9.0,,,1.0,,,,,,3.0,,1.0,1.0,,2.0,,,,,,,177.0,,,Y,N1,A1500018,,,,,,,,,,,광주광역시,광산구,,,,,,,,,,,,,,,,,,,,,,,,,,,,,,,,,,,,,,,,,,,,,,,,,2026-05-23 19:35:48
광주보훈병원,062-602-6119,A1500004,,,,,,,1.0,,0.0,,,,Y,Y,Y,Y,Y,Y,12,N1,104.0,N1,20260523193134,N1,Y,,7.0,N1,14.0,,1.0,1.0,,,,,,7.0,,2.0,3.0,2.0,11.0,,,2.0,,,,512.0,,,Y,N1,A1500004,1.0,,17.0,25.0,1.0,,,2.0,2.0,,광주광역시,광산구,,,,,,,,,,,,,,,,,,,,,,,,,,,,,,,,,,,,,,,,,,,,,,,,,2026-05-23 19:35:48
광주기독병원,062-650-5119,A1500021,,,,,0.0,,1.0,1.0,2.0,,,N,Y,Y,Y,Y,Y,Y,9,N1,105.0,N1,20260523193126,N1,Y,3.0,9.0,N1,20.0,,1.0,2.0,,16.0,9.0,3.0,,8.0,0.0,2.0,2.0,2.0,11.0,,,2.0,,,,514.0,,,Y,N1,A1500021,0.0,,,,3.0,,,,,,광주광역시,남구,,,,,,,,,,,,,,,,,,,,,,,,,,,,,,,,,,,,,,,,,,,,,,,,,2026-05-23 19:35:48
동아병원,062-650-2515,A1500013,,,,,,,,,1.0,,,,Y,,Y,N1,N1,Y,7,N1,94.0,N1,20260523193539,N1,Y,,6.0,N1,9.0,,,1.0,,,,,,6.0,,1.0,2.0,,1.0,,,,,,,276.0,,,Y,N1,A1500013,,,,,,,,,,,광주광역시,남구,,,,,,,,,,,,,,,,,,,,,,,,,,,,,,,,,,,,,,,,,,,,,,,,,2026-05-23 19:35:48
광주씨티병원,062-460-7119,A1500009,,,,,,,,,1.0,,,,Y,,Y,N1,N1,Y,9,N1,70.0,N1,20260523193356,N1,Y,,4.0,N1,10.0,,,1.0,,,,,,4.0,,1.0,1.0,,1.0,,,,,,,173.0,,,Y,N1,A1500009,,,,,,,,,,,광주광역시,남구,,,,,,,,,,,,,,,,,,,,,,,,,,,,,,,,,,,,,,,,,,,,,,,,,2026-05-23 19:35:48
전남대학교병원,062-220-6801,A1500002,Y,Y,,1.0,2.0,4.0,,1.0,,6.0,12.0,Y,Y,Y,Y,Y,Y,Y,10,Y,301.0,Y,20260523193500,Y,Y,3.0,18.0,Y,26.0,4.0,,,18.0,11.0,12.0,33.0,30.0,20.0,8.0,5.0,4.0,7.0,86.0,22.0,32.0,12.0,7.0,6.0,1.0,811.0,,2.0,Y,Y,A1500002,,15.0,1.0,8.0,,32.0,,4.0,7.0,,광주광역시,동구,,,,,4.0,2.0,10.0,1.0,0.0,11.0,15.0,20.0,40.0,2.0,,,2.0,6.0,,,2.0,3.0,1.0,9.0,2.0,5.0,2.0,4.0,8.0,13.0,,,,,,,,,,,,,,,,,,,2026-05-23 19:35:48
조선대학교병원,062-220-3129,A1500001,Y,Y,,1.0,4.0,4.0,0.0,13.0,0.0,10.0,12.0,Y,Y,Y,Y,Y,Y,Y,4,Y,201.0,Y,20260523193414,Y,Y,6.0,14.0,Y,23.0,4.0,0.0,0.0,20.0,16.0,20.0,20.0,28.0,15.0,3.0,5.0,3.0,3.0,65.0,11.0,15.0,24.0,5.0,1.0,1.0,545.0,,2.0,Y,Y,A1500001,0.0,8.0,,,2.0,15.0,,5.0,5.0,,광주광역시,동구,,,,,,,13.0,,,,19.0,,,,,,,,,1.0,2.0,3.0,,,2.0,3.0,,,,,,,2.0,,,,,2.0,,,,,,,,,,,2026-05-23 19:35:48
광주병원,062-260-7119,A1500015,,,,,,,,,1.0,,,,Y,Y,Y,Y,N1,Y,4,N1,41.0,N1,20260523192720,N1,Y,,4.0,N1,10.0,,,1.0,,,,,,4.0,,1.0,1.0,1.0,1.0,,,,,,,278.0,,,Y,N1,A1500015,,,0.0,13.0,,,,,,,광주광역시,북구,,,,,,,,,,,,,,,,,,,,,,,,,,,,,,,,,,,,,,,,,,,,,,,,,2026-05-23 19:35:48
운암한국병원,062-608-8119,A1500010,,,,,,,,,1.0,,,,Y,,Y,N1,N1,Y,7,N1,65.0,N1,20260523193459,N1,N,,,N1,9.0,,,1.0,,,,,,,,1.0,1.0,,1.0,,,,,,,208.0,,,Y,N1,A1500010,,,,,,,,,,,광주광역시,북구,,,,,,,,,,,,,,,,,,,,,,,,,,,,,,,,,,,,,,,,,,,,,,,,,2026-05-23 19:35:48
광주현대병원,062-570-0119,A1500003,,,,,,,,,1.0,,,,Y,,Y,N1,N1,Y,4,N1,73.0,N1,20260523193318,N1,Y,,5.0,N1,9.0,,,1.0,,,,,,5.0,,1.0,2.0,,1.0,,,,,,,236.0,,,Y,N1,A1500003,,,,,,,,,,,광주광역시,북구,1.0,1.0,,,,,,,,,,,,,,,,,,,,,,,,,,,,,,,,,,,,,,,,,,,,,,,2026-05-23 19:35:48
광주일곡병원,062-608-7119,A1500005,,,,,,,,,1.0,,,,Y,,Y,N1,N1,Y,4,N1,61.0,N1,20260523193522,N1,Y,,2.0,N1,9.0,,,1.0,,,,,,2.0,,1.0,1.0,,1.0,,,,,,,144.0,,,Y,N1,A1500005,,,,,,,,,,,광주광역시,북구,,,,,,,,,,,,,,,,,,,,,,,,,,,,,,,,,,,,,,,,,,,,,,,,,2026-05-23 19:35:48
광주희망병원,062-608-6119,A1500007,,,,,,,,,1.0,,,,,,Y,N1,N1,N1,8,N1,60.0,N1,20260523193040,N1,N1,,3.0,N1,9.0,,,1.0,,,,,,3.0,,,,,,,,,,,,182.0,,,N1,N1,A1500007,1.0,,0.0,8.0,1.0,,,,,,광주광역시,북구,,,,,,,,,,,,,,,,,,,,,,,,,,,,,,,,,,,,,,,,,,,,,,,,,2026-05-23 19:35:48
서광병원,062-600-8119,A1500020,,,,,,2.0,2.0,,1.0,,,N,Y,N,Y,N,Y,Y,18,N1,28.0,N1,20260523193433,N1,Y,,1.0,N1,18.0,2.0,2.0,1.0,,,,,,2.0,0.0,1.0,1.0,0.0,1.0,,,1.0,,,,136.0,,,Y,N1,A1500020,0.0,,8.0,18.0,1.0,,,1.0,1.0,,광주광역시,서구,,,,,,,,,,,,,,,,,,,,,,,,,,,,,,,,,,,,,,,,,,,,,,,,,2026-05-23 19:35:48
상무병원,062-600-7119,A1500022,,,,,,,,,1.0,,,,Y,,Y,N1,N1,Y,7,N1,93.0,N1,20260523193414,N1,Y,,3.0,N1,9.0,,,1.0,,,,,,3.0,,1.0,1.0,,1.0,,,,,,,202.0,,,Y,N1,A1500022,,,,,,,,,,,광주광역시,서구,,,,,,,,,,,,,,,,,,,,,,,,,,,,,,,,,,,,,,,,,,,,,,,,,2026-05-23 19:35:48
광주한국병원,062-380-3119,A1500016,,,,,,,,,1.0,,,,Y,,Y,N1,N1,Y,8,N1,81.0,N1,20260523193045,N1,Y,,4.0,N1,15.0,,,1.0,,,,,,4.0,,1.0,1.0,,1.0,,,,,,,259.0,,,Y,N1,A1500016,,,,,,,,,,,광주광역시,서구,,,,,,,,,,,,,,,,,,,,,,,,,,,,,,,,,,,,,,,,,,,,,,,,,2026-05-23 19:35:48
미래로21병원,062-450-1119,A1500014,,,,,,,,,1.0,,,,Y,Y,Y,Y,Y,Y,5,N1,67.0,N1,20260523193305,N1,Y,,3.0,N1,9.0,,,1.0,,,,,,3.0,,1.0,1.0,1.0,4.0,,,1.0,,,,192.0,,,Y,N1,A1500014,,,6.0,8.0,,,,,,,광주광역시,서구,,,,,,,,,,,,,,,,,,,,,,,,,,,,,,,,,,,,,,,,,,,,,,,,,2026-05-23 19:35:48
영남대학교병원,053-620-3177,A1300001,Y,Y,1.0,3.0,2.0,3.0,2.0,7.0,3.0,6.0,20.0,Y,Y,Y,Y,Y,Y,Y,19,Y,238.0,Y,20260523193237,Y,Y,5.0,22.0,Y,28.0,3.0,2.0,3.0,21.0,10.0,15.0,15.0,30.0,23.0,2.0,4.0,4.0,4.0,75.0,5.0,11.0,8.0,5.0,5.0,1.0,704.0,1.0,3.0,Y,Y,A1300001,7.0,12.0,,,13.0,20.0,,5.0,7.0,,대구광역시,남구,,,,,,,10.0,,,,14.0,,,,,,,,,,,0.0,,,,0.0,,0.0,,7.0,,,0.0,,,,,0.0,,,,,,,,,,,2026-05-23 19:35:48
대구가톨릭대학교병원,053-650-3000,A1300004,Y,Y,,,0.0,,1.0,5.0,3.0,,,Y,Y,Y,Y,Y,Y,Y,6,Y,313.0,Y,20260523193412,Y,Y,7.0,19.0,N1,24.0,,1.0,3.0,,15.0,25.0,42.0,,19.0,2.0,3.0,3.0,5.0,58.0,20.0,32.0,8.0,3.0,4.0,,704.0,,,Y,Y,A1300004,3.0,4.0,0.0,0.0,6.0,20.0,,3.0,9.0,,대구광역시,남구,,,,,,,4.0,,,,16.0,,,,,,,,,1.0,,,,,,,,,,,,,,,,,,,,,,,,,,,,,2026-05-23 19:35:48
드림종합병원,053-640-8575,A1300034,,,,,,,,,1.0,,,,Y,Y,Y,Y,Y,Y,5,Y,75.0,N1,20260523193318,N1,N,,3.0,N1,8.0,,,1.0,,,,,,3.0,,2.0,1.0,1.0,2.0,,,1.0,1.0,,,183.0,,,Y,N1,A1300034,,,,,,,,,,,대구광역시,남구,1.0,1.0,,,,,,,,,,,,,,,,,,,,,,,,,,,,,,,,,,,,,,,,,,,,,,,2026-05-23 19:35:48
대구파티마병원,053-940-7119,A1300009,Y,Y,,,6.0,1.0,2.0,2.0,4.0,,,Y,Y,Y,Y,Y,Y,Y,5,Y,215.0,Y,20260523193500,Y,Y,2.0,7.0,N1,25.0,5.0,2.0,5.0,,17.0,10.0,10.0,,8.0,2.0,4.0,3.0,4.0,33.0,11.0,18.0,5.0,1.0,1.0,,502.0,,,Y,Y,A1300009,3.0,,,,7.0,,,,,,대구광역시,동구,,,,,,,2.0,,,,12.0,,,,,,,,,,,,,,,,,,,,,,,,,,,,,,,,,,,,,,2026-05-23 19:35:48
강남종합병원,053-980-9018,A1300018,,,,,,,1.0,,,,,,Y,,Y,N1,N1,Y,11,N1,59.0,N1,20260523193429,N1,Y,,7.0,N1,15.0,,1.0,,,,,,,7.0,,2.0,2.0,,2.0,,,,,,,207.0,,,Y,N1,A1300018,,,,,,,,1.0,1.0,,대구광역시,동구,,,,,,,,,,,,,,,,,,,,,,,,,,,,,,,,,,,,,,,,,,,,,,,,,2026-05-23 19:35:48
칠곡경북대학교병원,053-200-2100,A1300010,Y,Y,,,7.0,-1.0,1.0,9.0,2.0,,0.0,Y,Y,Y,Y,Y,Y,Y,13,Y,301.0,Y,20260523193306,Y,Y,20.0,19.0,N1,23.0,7.0,1.0,3.0,,10.0,14.0,39.0,0.0,19.0,2.0,8.0,5.0,8.0,52.0,9.0,27.0,9.0,3.0,1.0,,762.0,,,Y,Y,A1300010,2.0,12.0,,,2.0,20.0,,13.0,13.0,,대구광역시,북구,,,,,,,,,,,,,,,,,,,,,,,,,,,4.0,,10.0,,1.0,,,,,1.0,,,,,,,1.0,1.0,6.0,2.0,8.0,1.0,2026-05-23 19:35:48
대구가톨릭대학교칠곡가톨릭병원,053-320-2111,A1300005,,,,,,,,,1.0,,,,Y,,Y,N1,N1,Y,3,N1,63.0,N1,20260523193513,N1,Y,,3.0,N1,9.0,,,1.0,,,,,,3.0,,2.0,2.0,,1.0,,,,,,,161.0,,,Y,N1,A1300005,,,,,,,,,,,대구광역시,북구,,,,,,,,,,,,,,,,,,,,,,,,,,,,,,,,,,,,,,,,,,,,,,,,,2026-05-23 19:35:48
계명대학교동산병원,053-258-6306,A1300003,Y,Y,,,2.0,,2.0,1.0,1.0,,7.0,Y,Y,Y,Y,Y,Y,Y,3,Y,293.0,Y,20260523193335,Y,Y,1.0,23.0,Y,23.0,,2.0,1.0,,14.0,13.0,39.0,20.0,24.0,6.0,6.0,5.0,7.0,56.0,13.0,37.0,9.0,4.0,14.0,2.0,778.0,,,Y,Y,A1300003,0.0,0.0,5.0,10.0,1.0,0.0,,2.0,7.0,,대구광역시,서구,,,,,,,5.0,,,,15.0,,,,,,,,,1.0,,,3.0,8.0,,,0.0,,7.0,,,,,,,,,,,,,,,,,,,,2026-05-23 19:35:48
의료법인구의료재단구병원,053-557-7119,A1300006,,,,,,,,,1.0,,,,Y,,Y,N1,N1,Y,8,N1,65.0,N1,20260523193433,N1,Y,,7.0,N1,10.0,,,1.0,,,,,,9.0,,3.0,1.0,,3.0,,,,,,,235.0,,,Y,N1,A1300006,1.0,,6.0,18.0,1.0,,,,,,대구광역시,서구,,,,,,,,,,,,,,,,,,,,,,,,,,,,,,,,,,,,,,,,,,,,,,,,,2026-05-23 19:35:48
더블유병원,053-550-5019,A1300110,,,,,,,,,1.0,,,,Y,,Y,N1,N1,Y,0,N1,108.0,N1,20260523193258,N1,N,,8.0,Y,10.0,,,1.0,,,,,,8.0,,1.0,1.0,,1.0,,,,,,8.0,431.0,,,Y,N1,A1300110,,,,,,,,,,,대구광역시,서구,,,,,,,,,,,,,,,,,,,,,,,,,,,,,,,,,,,,,,,,,,,,,,,,,2026-05-23 19:35:48
한국보훈복지의료공단대구보훈병원,053-630-7014,A1300011,,,,,,,1.0,,1.0,,,,Y,Y,Y,Y,N1,Y,10,N1,65.0,N1,20260523193247,N1,Y,,6.0,N1,12.0,,1.0,1.0,,,,,,6.0,,1.0,3.0,2.0,9.0,,,,,,,415.0,,,Y,N1,A1300011,1.0,,5.0,13.0,1.0,,,0.0,1.0,,대구광역시,서구,,,,,,,,,,,,,,,,,,,,,,,,,,,,,,,,,,,,,,,,,,,,,,,,,2026-05-23 19:35:48
삼일병원,053-659-3119,A1300045,,,,,,,1.0,,,,,,Y,Y,Y,Y,N1,Y,9,N1,69.0,N1,20260523193505,N1,N,,3.0,N1,14.0,,1.0,,,,,,,4.0,,3.0,2.0,1.0,3.0,,,,,,,299.0,,,Y,N1,A1300045,,,,,,,,,,,대구광역시,서구,,,,,,,,,,,,,,,,,,,,,,,,,,,,,,,,,,,,,,,,,,,,,,,,,2026-05-23 19:35:48
나사렛종합병원,053-643-3119,A1300038,,,,,,,,,1.0,,,,Y,Y,Y,Y,Y,Y,0,N1,40.0,N1,20260523193403,N1,Y,,5.0,N1,9.0,,,1.0,,,,,,5.0,,2.0,2.0,2.0,5.0,,,1.0,,,,231.0,,,Y,N1,A1300038,0.0,,4.0,28.0,1.0,,,,,,대구광역시,서구,,,,,,,,,,,,,,,,,,,,,,2.0,,,,9.0,,,,,,,,,,,,,,,,,,,,,,,2026-05-23 19:35:48
대구굿모닝병원,053-620-9119,A1300076,,,,,,,1.0,,1.0,,,,Y,Y,Y,Y,N1,Y,9,N1,67.0,N1,20260523193455,N1,Y,,4.0,N1,17.0,,1.0,1.0,,,,,,4.0,,2.0,4.0,2.0,13.0,,,,,,,226.0,,,Y,N1,A1300076,1.0,,3.0,26.0,1.0,,,,,,대구광역시,서구,,,,,,,,,,,,,,,,,,,,,,,,,,,,,,,,,,,,,,,,,,,,,,,,,2026-05-23 19:35:48
대구의료원,053-560-7288,A1300007,,Y,,,,,1.0,,1.0,,,Y,Y,,Y,N1,N1,Y,18,N1,39.0,N1,20260523193502,Y,Y,,4.0,N1,18.0,,1.0,1.0,,,,,,4.0,1.0,1.0,1.0,,13.0,,4.0,,,,,254.0,,,Y,N1,A1300007,1.0,0.0,7.0,18.0,1.0,82.0,,2.0,3.0,,대구광역시,서구,,,,,,,,,,,,,,,,,,,,,,,,,,,,,,,,,,,,,,,,,,,,,,,,,2026-05-23 19:35:48
(재)미리내천주성삼성직수도회천주성삼병원,053-790-0555,A1300081,,,,,,,,,1.0,,,,Y,,Y,N1,N1,Y,5,N1,24.0,N1,20260523193501,N1,Y,,4.0,N1,9.0,,,1.0,,,,,,4.0,,1.0,2.0,,4.0,,,,,,,294.0,,,Y,N1,A1300081,,,,,,,,,,,대구광역시,수성구,,,,,,,,,,,,,,,,,,,,,,,,,,,,,,,,,,,,,,,,,,,,,,,,,2026-05-23 19:35:48
경북대학교병원,053-200-5100,A1300002,Y,Y,,,2.0,4.0,,6.0,,9.0,32.0,Y,Y,Y,Y,Y,Y,Y,18,Y,229.0,Y,20260523193205,Y,Y,-7.0,17.0,N1,25.0,4.0,,,20.0,7.0,7.0,15.0,44.0,17.0,2.0,5.0,5.0,5.0,82.0,8.0,11.0,11.0,9.0,5.0,,582.0,,,Y,Y,A1300002,,7.0,,,,20.0,,2.0,5.0,,대구광역시,중구,,,,,14.0,2.0,3.0,2.0,3.0,1.0,7.0,20.0,40.0,2.0,,,2.0,6.0,,,2.0,3.0,2.0,6.0,2.0,3.0,,1.0,,10.0,,,,,,,,,,,6.0,11.0,,,,,,,2026-05-23 19:35:48
곽병원,053-605-3333,A1300008,,,,,,,,,2.0,,,,Y,,Y,N1,N1,Y,8,N1,49.0,N1,20260523193440,N1,Y,,4.0,N1,10.0,,,2.0,,,,,,4.0,,1.0,1.0,,2.0,,,,,,,221.0,,,Y,N1,A1300008,,,,,,,,,,,대구광역시,중구,,,,,,,,,,,,,,,,,,,,,,,,,,,,,,,,,,,,,,,,,,,,,,,,,2026-05-23 19:35:48
계명대학교대구동산병원,053-250-8481,A1303386,,,,,,,1.0,,1.0,,,N,Y,Y,Y,Y,Y,Y,11,N1,53.0,N,20260523193522,N1,Y,,3.0,N1,12.0,,1.0,1.0,,,,,,3.0,0.0,2.0,1.0,1.0,6.0,,,6.0,,0.0,,196.0,,,Y,N1,A1303386,0.0,,3.0,7.0,5.0,,,,,,대구광역시,중구,,,,,,,,,,,,,,,,,,,,,,,,,,,,,,,,,,,,,,,,,,,,,,,,,2026-05-23 19:35:48
대전보훈병원,042-939-0100,A1600004,,,,,,,1.0,,1.0,,,,Y,Y,Y,Y,N1,Y,7,N1,80.0,N1,20260523193226,N1,Y,,5.0,N1,7.0,,1.0,1.0,,,,,,5.0,,1.0,3.0,1.0,11.0,,,,,,,316.0,,,Y,N1,A1600004,1.0,,2.0,10.0,1.0,,,0.0,1.0,,대전광역시,대덕구,,,,,,,,,,,,,,,,,,,,,,,,,,,,,,,,,,,,,,,,,,,,,,,,,2026-05-23 19:35:48
대전한국병원,042-606-1119,A1600003,,Y,,,,,1.0,,,,,Y,Y,Y,Y,Y,Y,Y,5,N1,54.0,N1,20260523193502,Y,Y,,4.0,N1,9.0,,1.0,,,,,,,4.0,4.0,2.0,2.0,2.0,6.0,,1.0,1.0,,,,241.0,,,Y,N1,A1600003,,,2.0,12.0,,,,,,,대전광역시,동구,,,,,,,,,,,,,,,,,,,,,,,,,,,,,,,,,,,,,,,,,,,,,,,,,2026-05-23 19:35:48
학교법인건양교육재단건양대학교병원,042-600-9119,A1600006,Y,Y,1.0,1.0,,1.0,2.0,,2.0,10.0,9.0,Y,Y,Y,Y,Y,Y,Y,12,Y,367.0,Y,20260523193324,Y,Y,3.0,20.0,Y,24.0,5.0,2.0,3.0,16.0,,,24.0,28.0,20.0,2.0,4.0,4.0,4.0,46.0,17.0,23.0,10.0,3.0,1.0,1.0,658.0,1.0,3.0,Y,Y,A1600006,3.0,11.0,28.0,59.0,5.0,20.0,0.0,0.0,1.0,0.0,대전광역시,서구,,,0.0,,,,,,,,,,,,0.0,,,,,,,0.0,,,,0.0,,,,,,4.0,0.0,0.0,0.0,,4.0,0.0,0.0,0.0,,,,,,,,,2026-05-23 19:35:48
학교법인을지학원대전을지대학교병원,042-259-1119,A1600002,Y,Y,,,3.0,,2.0,4.0,1.0,,,Y,Y,Y,Y,Y,Y,Y,18,Y,110.0,Y,20260523193500,Y,Y,15.0,14.0,N1,21.0,,2.0,1.0,,20.0,20.0,20.0,,15.0,16.0,4.0,2.0,4.0,70.0,12.0,47.0,7.0,3.0,3.0,,331.0,,,Y,Y,A1600002,0.0,6.0,,,11.0,20.0,0.0,,,30.0,대전광역시,서구,3.0,3.0,0.0,0.0,6.0,2.0,,2.0,3.0,6.0,,20.0,40.0,2.0,0.0,0.0,2.0,6.0,,,,,,,,,,3.0,,5.0,,,,0.0,0.0,,,,0.0,0.0,,,,,,,,,2026-05-23 19:35:48
대청병원,042-589-0119,A1602246,,,,,,,,,1.0,,,,Y,,Y,N1,Y,Y,8,N1,111.0,N1,20260523193507,N1,Y,,3.0,N1,9.0,,,1.0,,,,,,3.0,,2.0,1.0,,10.0,,,1.0,,,,245.0,,,Y,N1,A1602246,,,0.0,17.0,,,,,,,대전광역시,서구,,,,,,,,,,,,,,,,,,,,,,,,,,,,,,,,,,,,,,,,,,,,,,,,,2026-05-23 19:35:48
의료법인영훈의료재단유성선병원,042-609-1119,A1600007,,,,,,,2.0,,1.0,,,Y,Y,Y,Y,Y,Y,Y,11,Y,125.0,N1,20260523193456,N1,Y,,-2.0,N1,17.0,,2.0,1.0,,,,,,7.0,1.0,3.0,2.0,2.0,16.0,,,2.0,1.0,,,368.0,,,Y,N1,A1600007,1.0,,5.0,19.0,1.0,,,1.0,1.0,,대전광역시,유성구,,,,,,,,,,,,,,,,,,,,,,,,,,,,,,,,,,,,,,,,,,,,,,,,,2026-05-23 19:35:48
충남대학교병원,042-280-8129,A1600001,Y,Y,,,4.0,2.0,2.0,5.0,3.0,6.0,22.0,Y,Y,Y,Y,Y,Y,Y,-3,Y,245.0,Y,20260523193500,Y,Y,6.0,21.0,N1,28.0,6.0,2.0,3.0,20.0,16.0,14.0,34.0,30.0,21.0,5.0,5.0,4.0,5.0,76.0,12.0,36.0,6.0,8.0,2.0,,949.0,,,Y,Y,A1600001,8.0,14.0,0.0,12.0,8.0,26.0,,9.0,14.0,,대전광역시,중구,0.0,0.0,,,,,,,,,,,,,,,,,,,0.0,0.0,,,0.0,0.0,1.0,4.0,5.0,10.0,,,,,,,,,,,,,,,,,,,2026-05-23 19:35:48
학교법인가톨릭학원가톨릭대학교대전성모병원,042-220-9118,A1600005,Y,Y,,,3.0,,2.0,2.0,,,,Y,Y,Y,Y,Y,Y,Y,10,Y,189.0,N1,20260523193509,Y,Y,4.0,12.0,N1,19.0,,3.0,,,15.0,3.0,4.0,,12.0,1.0,3.0,2.0,4.0,24.0,5.0,7.0,5.0,2.0,,,537.0,,,Y,Y,A1600005,0.0,,,,1.0,,,1.0,4.0,,대전광역시,중구,,,,,,,1.0,,,,9.0,,,,,,,,,,,,0.0,3.0,,,,2.0,,3.0,,,,,,,,,,,0.0,2.0,,,,,,,2026-05-23 19:35:48
의료법인영훈의료재단대전선병원,042-220-8129,A1600008,,,,,,,1.0,,3.0,,,Y,Y,Y,Y,Y,Y,Y,11,N1,79.0,N1,20260523193418,N1,Y,,7.0,N1,17.0,,1.0,3.0,,,,,,7.0,1.0,2.0,2.0,2.0,11.0,,,3.0,,,,311.0,,,Y,N1,A1600008,0.0,,6.0,24.0,1.0,,,0.0,1.0,,대전광역시,중구,,,,,,,,,,,,,,,,,,,,,,,,,,,,,,,,,,,,,,,,,,,,,,,,,2026-05-23 19:35:48
(의)서일의료재단기장병원,051-723-2119,A1200028,,,,,,,,,1.0,,,,Y,,Y,N1,N1,Y,4,N1,25.0,N1,20260523193506,N1,Y,,3.0,N1,9.0,,,1.0,,,,,,3.0,,1.0,1.0,,1.0,,,,,,,154.0,,,Y,N1,A1200028,,,,,,,,,,,부산광역시,기장군,,,,,,,,,,,,,,,,,,,,,,,,,,,,,,,,,,,,,,,,,,,,,,,,,2026-05-23 19:35:48
동남권원자력의학원원자력병원,051-720-5911,A1200015,,,,,,,1.0,,,,,,Y,Y,Y,Y,Y,Y,6,Y,120.0,N1,20260523193404,N1,Y,,8.0,N1,9.0,,1.0,,,,,,,8.0,,2.0,2.0,2.0,13.0,,,1.0,1.0,,,261.0,,,Y,N1,A1200015,,,10.0,12.0,,,,,,,부산광역시,기장군,,,,,,,,,,,,,,,,,,,,,,,,,,,,,,,,,,,,,,,,,,,,,,,,,2026-05-23 19:35:48
부산성모병원(재단법인 천주교부산교구유지재단),051-933-7119,A1200013,Y,Y,,,,4.0,1.0,,,,,,Y,,Y,N1,Y,Y,2,N1,81.0,N1,20260523193309,Y,Y,3.0,7.0,N1,10.0,4.0,1.0,,,,,10.0,,7.0,,1.0,1.0,,6.0,14.0,13.0,1.0,,,,373.0,,,Y,Y,A1200013,2.0,,7.0,18.0,2.0,,,1.0,2.0,,부산광역시,남구,4.0,4.0,,,,,,,,,,,,,,,,,,,,,,,,,,,,,,,,,,,,,,,,,,,,,,,2026-05-23 19:35:48
좋은문화병원,051-630-0909,A1200026,Y,Y,,,,2.0,1.0,,2.0,,,Y,Y,,Y,N1,N1,Y,2,N1,54.0,N1,20260523193409,Y,Y,4.0,0.0,Y,7.0,2.0,1.0,2.0,,,,12.0,,8.0,8.0,2.0,2.0,,3.0,6.0,17.0,,,,1.0,270.0,,,Y,Y,A1200026,,,2.0,8.0,,,,2.0,2.0,,부산광역시,동구,,,,,,,,,,,,,,,,,,,,,,,,,,,,,,,,,,,,,,,,,,,,,,,,,2026-05-23 19:35:48
의료법인정화의료재단 봉생기념병원,051-664-4119,A1200017,,,,,6.0,,,5.0,1.0,,,,Y,Y,Y,Y,Y,Y,9,N1,84.0,N1,20260523192841,N1,Y,,8.0,N1,9.0,,,2.0,,11.0,11.0,,,8.0,,1.0,2.0,2.0,11.0,,,4.0,,,,335.0,,,Y,N1,A1200017,,14.0,,,,31.0,,1.0,1.0,,부산광역시,동구,,,,,,,,,,,,,,,,,,,,,,,,,,,,,,,,,,,,,,,,,,,,,,,,,2026-05-23 19:35:48
대동병원,051-550-9391,A1200018,,,,,,2.0,1.0,,2.0,,,,Y,Y,Y,Y,Y,Y,11,N1,88.0,N1,20260523193403,N1,Y,,6.0,N1,15.0,3.0,1.0,2.0,,,,,,6.0,,2.0,1.0,1.0,10.0,,,1.0,,,,401.0,,,Y,N1,A1200018,1.0,,5.0,21.0,1.0,,,0.0,1.0,,부산광역시,동래구,,,,,,,,,,,,,,,,,,,,,,,,,,,,,,,,,,,,,,,,,,,,,,,,,2026-05-23 19:35:48
동래봉생병원,051-520-5700,A1200011,,,,,,,1.0,,1.0,,,,Y,Y,Y,Y,Y,Y,3,N1,99.0,N1,20260523193358,N1,Y,,7.0,N1,8.0,,1.0,1.0,,,,,,7.0,,1.0,2.0,2.0,11.0,,,1.0,,,,241.0,,,Y,N1,A1200011,2.0,,7.0,18.0,2.0,,,,,,부산광역시,동래구,,,,,,,,,,,,,,,,,,,,,,,,,,,,,,,,,,,,,,,,,,,,,,,,,2026-05-23 19:35:48
의료법인 광혜의료재단 광혜병원,051-504-2119,A1200009,,,,,,,2.0,,1.0,,,,Y,,Y,N1,N1,Y,4,N1,66.0,N1,20260523193425,N1,Y,,3.0,N1,9.0,,2.0,1.0,,,,,,3.0,,1.0,1.0,,4.0,,,,,,,190.0,,,Y,N1,A1200009,,,4.0,9.0,,,,1.0,1.0,,부산광역시,동래구,,,,,,,,,,,,,,,,,,,,,,,,,,,,,,,,,,,,,,,,,,,,,,,,,2026-05-23 19:35:48
의료법인 온그룹의료재단 온병원,051-607-0139,A1200020,,,,,,,1.0,,2.0,,,,Y,Y,Y,Y,Y,Y,9,N1,161.0,N1,20260523193037,N1,Y,,9.0,Y,20.0,,1.0,2.0,,,,,,9.0,,4.0,2.0,2.0,7.0,,,1.0,,,1.0,584.0,,,Y,N1,A1200020,0.0,1.0,11.0,23.0,1.0,1.0,,4.0,6.0,,부산광역시,부산진구,,,,,,,,,,,,,,,,,,,,,,,,,,,,,,,,,,,,,,,,,,,,,,,,,2026-05-23 19:35:48
인제대학교부산백병원,051-890-5995,A1200001,Y,Y,,,3.0,,0.0,1.0,2.0,,,Y,Y,Y,Y,Y,Y,Y,28,Y,222.0,Y,20260523193112,Y,Y,2.0,17.0,Y,32.0,,1.0,2.0,,19.0,18.0,35.0,,17.0,4.0,5.0,3.0,6.0,68.0,19.0,38.0,17.0,4.0,7.0,2.0,691.0,,,Y,Y,A1200001,0.0,8.0,4.0,4.0,1.0,20.0,,2.0,8.0,,부산광역시,부산진구,,,,,,,0.0,,,,12.0,,,,,,,,,,,,,,,,,2.0,,6.0,,,,,,,,,,,,,,,,,,,2026-05-23 19:35:48
학교법인)동의병원,051-850-8777,A1200019,,,,,,,,,1.0,,,,Y,Y,Y,Y,Y,Y,13,Y,121.0,N1,20260523193500,N1,Y,,1.0,N1,14.0,,,1.0,,,,,,5.0,,2.0,2.0,2.0,7.0,,,2.0,1.0,,,448.0,,,Y,N1,A1200019,,,18.0,23.0,,,,,,,부산광역시,부산진구,,,,,,,,,,,,,,,,,,,,,,,,,,,,,,,,,,,,,,,,,,,,,,,,,2026-05-23 19:35:48
학교법인 춘해병원,051-608-0119,A1200025,,,,,,,,,1.0,,,,Y,,Y,N1,N1,Y,9,N1,96.0,N1,20260523193250,N1,Y,,4.0,N1,9.0,,,1.0,,,,,,4.0,,1.0,1.0,,3.0,,,,,,,201.0,,,Y,N1,A1200025,,,,,,,,,,,부산광역시,부산진구,,,,,,,,,,,,,,,,,,,,,,,,,,,,,,,,,,,,,,,,,,,,,,,,,2026-05-23 19:35:48
구포성심병원,051-330-2090,A1200045,,,,,,,,,1.0,,,,Y,Y,Y,Y,N1,Y,5,N1,51.0,N1,20260523193212,N1,Y,,4.0,N1,9.0,,,1.0,,,,,,4.0,,1.0,1.0,1.0,4.0,,,,,,,243.0,,,Y,N1,A1200045,,,,,,,,,,,부산광역시,북구,,,,,,,,,,,,,,,,,,,,,,,,,,,,,,,,,,,,,,,,,,,,,,,,,2026-05-23 19:35:48
의료법인 인당의료재단 부민병원,051-330-3129,A1200006,,,,,,,1.0,,1.0,,,,Y,Y,Y,Y,Y,Y,9,N1,35.0,N1,20260523193103,N1,Y,,8.0,N1,10.0,,1.0,1.0,,,,,,8.0,,2.0,3.0,1.0,7.0,,,1.0,,,,366.0,,,Y,N1,A1200006,0.0,,0.0,18.0,1.0,,,,,,부산광역시,북구,,,,,,,,,,,,,,,,,,,,,,,,,,,,,,,,,,,,,,,,,,,,,,,,,2026-05-23 19:35:48
의료법인 은성의료재단 좋은삼선병원,051-310-9119,A1200005,,,,,,1.0,1.0,,2.0,,,,Y,Y,Y,Y,Y,Y,5,N1,53.0,N1,20260523193502,N1,Y,,7.0,N1,13.0,1.0,1.0,2.0,,,,,,7.0,,2.0,2.0,2.0,11.0,,,1.0,,,,375.0,,,Y,N1,A1200005,0.0,,2.0,19.0,2.0,,,2.0,2.0,,부산광역시,사상구,3.0,3.0,,,,,0.0,,,,5.0,,,,,,,,,,,,,,,,,0.0,,4.0,,,,,,,,,,,,,,,,,,,2026-05-23 19:35:48
한국보훈복지의료공단 부산보훈병원,051-601-6183,A1200016,,,,,,,1.0,,1.0,,,,Y,Y,Y,Y,N1,Y,10,N1,49.0,N1,20260523193338,N1,Y,,7.0,N1,11.0,,1.0,1.0,,,,,,7.0,,2.0,3.0,2.0,11.0,,,,,,,452.0,,,Y,N1,A1200016,1.0,,5.0,9.0,1.0,,,,,,부산광역시,사상구,,,,,,,,,,,,,,,,,,,,,,,,,,,,,,,,,,,,,,,,,,,,,,,,,2026-05-23 19:35:48
동아대학교병원,051-240-5300,A1200003,Y,Y,,1.0,,3.0,,,,6.0,11.0,Y,Y,Y,Y,Y,Y,Y,15,Y,234.0,Y,20260523193210,Y,Y,0.0,17.0,N1,19.0,3.0,,,16.0,,,20.0,30.0,18.0,4.0,5.0,3.0,4.0,76.0,11.0,30.0,16.0,4.0,4.0,,714.0,,4.0,Y,Y,A1200003,3.0,11.0,6.0,18.0,6.0,18.0,,0.0,3.0,,부산광역시,서구,,,,,,,1.0,,,,13.0,,,,,,,,,,2.0,3.0,4.0,8.0,2.0,3.0,,0.0,,11.0,,1.0,,,,,1.0,,,,6.0,7.0,,,,,,,2026-05-23 19:35:48
고신대학교복음병원,051-990-6200,A1200004,Y,Y,,,1.0,,,5.0,,,,Y,Y,Y,Y,Y,Y,Y,21,Y,193.0,Y,20260523193342,Y,Y,16.0,13.0,Y,24.0,,,,,13.0,8.0,18.0,,13.0,7.0,3.0,3.0,5.0,53.0,13.0,19.0,14.0,3.0,1.0,1.0,655.0,,,Y,Y,A1200004,3.0,13.0,,,5.0,14.0,,0.0,1.0,,부산광역시,서구,,,,,,,5.0,,,,15.0,,,,,,,,,,1.0,4.0,2.0,5.0,1.0,4.0,,4.0,,16.0,,,,,,,,,,,,,,,,,,,2026-05-23 19:35:48
부산대학교병원,051-240-7776,A1200002,Y,Y,1.0,,2.0,3.0,1.0,,2.0,0.0,0.0,Y,Y,Y,Y,Y,Y,Y,14,Y,476.0,Y,20260523193500,Y,Y,2.0,26.0,N,17.0,3.0,1.0,2.0,12.0,10.0,,20.0,0.0,26.0,12.0,9.0,6.0,10.0,100.0,17.0,17.0,21.0,9.0,21.0,1.0,901.0,2.0,,Y,Y,A1200002,2.0,2.0,14.0,24.0,4.0,19.0,0.0,2.0,10.0,0.0,부산광역시,서구,,,0.0,0.0,24.0,2.0,0.0,2.0,12.0,11.0,0.0,42.0,82.0,2.0,0.0,0.0,2.0,12.0,,,,,,,,,,,,,,,,,,,,,,,,,,,,,,,2026-05-23 19:35:48
삼육부산병원,051-600-7750,A1200021,,Y,,,,,1.0,,,,,Y,Y,Y,Y,Y,Y,Y,6,Y,10.0,N1,20260523193253,Y,Y,,,N1,9.0,,1.0,,,,,,,,1.0,2.0,1.0,1.0,9.0,,1.0,2.0,1.0,,,302.0,,,Y,N1,A1200021,1.0,,0.0,14.0,1.0,,,,,,부산광역시,서구,,,,,,,,,,,,,,,,,,,,,,,,,,,,,,,,,,,,,,,,,,,,,,,,,2026-05-23 19:35:48
비에이치에스한서병원,051-998-1119,A1200007,,,,,,,1.0,,0.0,,,,Y,Y,Y,Y,Y,Y,14,Y,98.0,N1,20260523193529,N1,Y,,4.0,N1,17.0,,1.0,2.0,,,,,,4.0,,1.0,1.0,2.0,11.0,,,1.0,1.0,,,283.0,,,Y,N1,A1200007,,,6.0,16.0,,,,,,,부산광역시,수영구,,,,,,,,,,,,,,,,,,,,,,,,,,,,,,,,,,,,,,,,,,,,,,,,,2026-05-23 19:35:48
의료법인 은성의료재단 좋은강안병원,051-610-9119,A1200008,,,,,,,1.0,,1.0,,,,Y,Y,Y,Y,Y,Y,2,Y,142.0,N1,20260523193523,N1,Y,,9.0,N1,15.0,,1.0,1.0,,,,,,9.0,,3.0,3.0,2.0,16.0,,,5.0,1.0,,,535.0,,,Y,N1,A1200008,0.0,,4.0,30.0,2.0,,,1.0,3.0,,부산광역시,수영구,,,,,,,,,,,,,,,,,,,,,,,,,,,,,,,,,,,,,,,,,,,,,,,,,2026-05-23 19:35:48
의료법인 센텀의료재단 센텀종합병원,051-750-5119,A1200098,,,,,,,,,1.0,,,,Y,Y,Y,Y,N1,Y,5,N1,76.0,N1,20260523193509,N1,Y,,9.0,N1,9.0,,,1.0,,,,,,9.0,,2.0,2.0,1.0,11.0,,,,,,,338.0,,,Y,N1,A1200098,1.0,,3.0,16.0,1.0,,,,,,부산광역시,수영구,,,,,,,,,,,,,,,,,,,,,,,,,,,,,,,,,,,,,,,,,,,,,,,,,2026-05-23 19:35:48
부산광역시의료원,051-607-2140,A1200024,,N,,,8.0,,1.0,9.0,1.0,,,N,Y,Y,Y,Y,Y,Y,17,N1,168.0,N1,20260523193332,N,Y,,7.0,N1,18.0,,1.0,1.0,,13.0,14.0,,,7.0,1.0,1.0,1.0,2.0,19.0,,2.0,4.0,,,,398.0,,,Y,N1,A1200024,,2.0,,,,29.0,,5.0,7.0,,부산광역시,연제구,,,,,,,,,,,,,,,,,,,,,,,,,,,,,,,,,,,,,,,,,,,,,,,,,2026-05-23 19:35:48
의료법인 행도의료재단 해동병원,051-410-6688,A1200012,,,,,,,1.0,,,,,,Y,,Y,N1,Y,Y,3,N1,57.0,N1,20260523193527,N1,Y,,3.0,Y,6.0,,1.0,,,,,,,3.0,,1.0,1.0,,5.0,,,1.0,,,12.0,256.0,,,Y,N1,A1200012,,,2.0,9.0,,,,0.0,0.0,,부산광역시,영도구,,,,,,,,,,,,,,,,,,,,,,,,,,,,,,,,,,,,,,,,,,,,,,,,,2026-05-23 19:35:48
영도병원,051-419-7575,A1200014,,,,,,,1.0,,1.0,,,,Y,,Y,N1,N1,Y,5,N1,19.0,N1,20260523193401,N1,Y,,3.0,N1,7.0,,1.0,1.0,,,,,,3.0,,1.0,1.0,,7.0,,,,,,,217.0,,,Y,N1,A1200014,,,0.0,10.0,,,,,,,부산광역시,영도구,,,,,,,,,,,,,,,,,,,,,,,,,,,,,,,,,,,,,,,,,,,,,,,,,2026-05-23 19:35:48
재단법인천주교부산교구유지재단 메리놀병원,051-461-2300,A1200023,,,,,,,,,1.0,,,Y,Y,Y,Y,Y,Y,Y,5,N1,98.0,N1,20260523193309,N1,Y,,8.0,N1,9.0,,,1.0,,,,,,8.0,1.0,1.0,1.0,1.0,9.0,,,2.0,,,,380.0,,,Y,N1,A1200023,1.0,,7.0,18.0,1.0,,,,,,부산광역시,중구,,,,,,,,,,,,,,,,,,,,,,,,,,,,,,,,,,,,,,,,,,,,,,,,,2026-05-23 19:35:48
인제대학교 해운대백병원,051-797-0135,A1200022,Y,Y,2.0,1.0,6.0,3.0,2.0,10.0,3.0,6.0,18.0,Y,Y,Y,Y,Y,Y,Y,20,Y,179.0,Y,20260523193020,Y,Y,0.0,22.0,N1,29.0,3.0,2.0,3.0,12.0,28.0,27.0,23.0,30.0,22.0,2.0,5.0,3.0,4.0,70.0,7.0,48.0,17.0,7.0,15.0,,710.0,5.0,3.0,Y,Y,A1200022,1.0,,,,2.0,,,0.0,7.0,,부산광역시,해운대구,,,,,,,,,,,,,,,,,,,,1.0,,,,,,,,,,,,,,,,,,,,,,,,,,,,,2026-05-23 19:35:48
의료법인 인당의료재단 해운대부민병원,051-602-8119,A1205143,,,,,,,1.0,,,,,,Y,Y,Y,Y,Y,Y,5,N1,62.0,N1,20260523193103,N1,Y,,8.0,Y,9.0,,1.0,,,,,,,8.0,,2.0,2.0,1.0,10.0,,,1.0,,,1.0,360.0,,,Y,N1,A1205143,0.0,,6.0,19.0,2.0,,,0.0,3.0,,부산광역시,해운대구,,,,,,,,,,,,,,,,,,,,,,,,,,,,,,,,,,,,,,,,,,,,,,,,,2026-05-23 19:35:48
연세대학교의과대학강남세브란스병원,02-2019-3333,A1100015,Y,Y,,,,1.0,1.0,,1.0,,,Y,Y,Y,Y,Y,Y,Y,6,Y,213.0,Y,20260523193132,Y,Y,0.0,23.0,N1,21.0,2.0,1.0,2.0,,,,28.0,,23.0,1.0,4.0,3.0,6.0,47.0,10.0,23.0,6.0,3.0,5.0,,691.0,,,Y,Y,A1100015,,,2.0,29.0,,,,5.0,5.0,,서울특별시,강남구,,,,,,,10.0,,,,12.0,,,,,,,,,,,,,,,,,3.0,,8.0,,,,,,,,,,,,,,,,,,,2026-05-23 19:35:48
삼성서울병원,02-3410-2060,A1100010,Y,Y,,,5.0,2.0,2.0,21.0,2.0,,,Y,Y,Y,Y,Y,Y,Y,3,Y,444.0,Y,20260523193400,Y,Y,4.0,51.0,N1,52.0,4.0,2.0,2.0,,30.0,23.0,59.0,,53.0,8.0,19.0,16.0,15.0,117.0,22.0,43.0,21.0,11.0,2.0,,1527.0,,,Y,Y,A1100010,2.0,6.0,14.0,14.0,2.0,27.0,,13.0,18.0,,서울특별시,강남구,,,,,,,1.0,,,,12.0,,,,,,,,,,,,,,,,4.0,4.0,15.0,12.0,,,,,,,,,,,13.0,36.0,,,,,,,2026-05-23 19:35:48
강동경희대학교병원,02-440-7000,A1100043,Y,Y,2.0,,,3.0,0.0,,1.0,4.0,6.0,Y,Y,Y,Y,Y,Y,Y,-4,Y,241.0,Y,20260523193518,Y,Y,3.0,17.0,N,15.0,3.0,2.0,3.0,19.0,,,17.0,30.0,17.0,8.0,2.0,2.0,3.0,32.0,9.0,13.0,4.0,1.0,1.0,0.0,630.0,3.0,,Y,Y,A1100043,,,6.0,27.0,,,1.0,1.0,1.0,2.0,서울특별시,강동구,,,,,,,,,,,,,,,,,,,,0.0,,,,,,,,,,,,,,,,,,,,,,,,,,,,,2026-05-23 19:35:48
성심의료재단강동성심병원,02-2224-2358,A1100028,Y,Y,,,4.0,,1.0,,5.0,,,Y,Y,Y,Y,Y,Y,Y,6,Y,220.0,Y,20260523193427,Y,Y,3.0,13.0,N1,15.0,,1.0,6.0,,18.0,,3.0,,13.0,1.0,4.0,2.0,5.0,35.0,3.0,3.0,8.0,3.0,1.0,,566.0,,,Y,Y,A1100028,3.0,,4.0,19.0,5.0,,,1.0,2.0,,서울특별시,강동구,2.0,2.0,,,,,,,,,,,,,,,,,,,,,,,,,,,,,,,,,,,,,,,,,,,,,,,2026-05-23 19:35:48
한국보훈복지의료공단중앙보훈병원,02-2225-1100,A1100053,,,,,8.0,,1.0,8.0,2.0,,,N,Y,Y,Y,Y,Y,Y,15,Y,204.0,N1,20260523193435,N1,Y,,14.0,N1,22.0,,1.0,2.0,,15.0,14.0,,,14.0,1.0,3.0,4.0,4.0,47.0,,,10.0,1.0,,,823.0,,,Y,N1,A1100053,1.0,35.0,,,1.0,60.0,,2.0,7.0,,서울특별시,강동구,,,,,,,3.0,,,,14.0,,,,,,,,,,,,,,,,,5.0,,10.0,,,,,,,,,,,,,,,,,,,2026-05-23 19:35:48
이화여자대학교의과대학부속서울병원,02-6986-5119,A1120796,Y,Y,,,3.0,7.0,2.0,9.0,5.0,,,Y,Y,Y,Y,Y,Y,Y,4,Y,229.0,Y,20260523193038,Y,Y,2.0,19.0,N1,14.0,9.0,2.0,6.0,,10.0,17.0,24.0,,19.0,2.0,4.0,4.0,5.0,58.0,7.0,17.0,10.0,3.0,5.0,,732.0,,,Y,Y,A1120796,1.0,,0.0,11.0,7.0,,,5.0,6.0,,서울특별시,강서구,,,,,,,5.0,,,,17.0,,,,,,,,,,,,,,,,,5.0,,11.0,,,,,,,,,,,6.0,19.0,,,,,,,2026-05-23 19:35:48
부민병원,02-2620-0119,A1100036,,Y,,,,,1.0,,,,,Y,Y,Y,Y,Y,Y,Y,8,Y,59.0,N1,20260523193103,Y,Y,,7.0,N1,10.0,,1.0,,,,,,,7.0,1.0,3.0,3.0,1.0,22.0,,1.0,2.0,1.0,,,282.0,,,Y,N1,A1100036,1.0,,0.0,14.0,1.0,,,0.0,3.0,,서울특별시,강서구,,,,,,,,,,,,,,,,,,,,,,,,,,,,,,,,,,,,,,,,,,,,,,,,,2026-05-23 19:35:48
의료법인서울효천의료재단에이치플러스양지병원,070-4665-9119,A1100041,,,,,,,1.0,,2.0,,,,Y,Y,Y,Y,Y,Y,12,Y,33.0,Y,20260523193511,N1,Y,,7.0,N1,18.0,,1.0,2.0,,,,,,7.0,,2.0,3.0,3.0,23.0,,,4.0,1.0,1.0,,301.0,,,Y,N1,A1100041,0.0,,1.0,20.0,1.0,,,1.0,3.0,,서울특별시,관악구,,,,,,,,,,,,,,,,,,,,,,,,,,,,,,,,,,,,,,,,,,,,,,,,,2026-05-23 19:35:48
건국대학교병원,02-2030-5555,A1100002,Y,Y,,,12.0,4.0,1.0,14.0,2.0,,,Y,Y,Y,Y,Y,Y,Y,7,Y,197.0,Y,20260523193304,Y,Y,1.0,21.0,N1,20.0,4.0,1.0,2.0,,24.0,25.0,16.0,,21.0,2.0,4.0,4.0,5.0,45.0,7.0,18.0,7.0,3.0,14.0,,678.0,,,Y,Y,A1100002,1.0,5.0,,,1.0,14.0,,0.0,3.0,,서울특별시,광진구,,,,,,,,,,,,,,,,,,,,,,,,,,,,,,,,,,,,,,,,,,,,,,,,,2026-05-23 19:35:48
혜민병원,02-2049-9119,A1100051,,,,,,,1.0,,,,,,Y,,Y,N1,Y,Y,4,N1,31.0,N1,20260523193037,N1,Y,,5.0,N1,9.0,,1.0,,,,,,,5.0,,2.0,2.0,,16.0,,,2.0,,,,205.0,,,Y,N1,A1100051,,,10.0,19.0,,,,,,,서울특별시,광진구,,,,,,,,,,,,,,,,,,,,,,,,,,,,,,,,,,,,,,,,,,,,,,,,,2026-05-23 19:35:48
고려대학교의과대학부속구로병원,02-2626-1550,A1100014,Y,Y,,,1.0,2.0,,4.0,,3.0,7.0,Y,Y,Y,Y,Y,Y,Y,10,Y,146.0,Y,20260523193428,Y,Y,-1.0,24.0,N1,29.0,3.0,,,20.0,20.0,10.0,23.0,30.0,24.0,2.0,6.0,6.0,4.0,98.0,11.0,35.0,15.0,10.0,3.0,,778.0,,,Y,Y,A1100014,2.0,7.0,12.0,35.0,10.0,18.0,,4.0,4.0,,서울특별시,구로구,,,,,,,,,,,,,,,,,,,,,4.0,,,,5.0,,,,,,,,,,,,,,,,,,,,,,,,2026-05-23 19:35:48
구로성심병원,02-2067-1515,A1100026,,,,,,,,,1.0,,,,Y,,Y,N1,N1,Y,7,N1,50.0,N1,20260523193353,N1,Y,,3.0,N1,9.0,,,1.0,,,,,,3.0,,1.0,1.0,,5.0,,,,,,,191.0,,,Y,N1,A1100026,,,5.0,11.0,,,,,,,서울특별시,구로구,,,,,,,,,,,,,,,,,,,,,,,,,,,,,,,,,,,,,,,,,,,,,,,,,2026-05-23 19:35:48
희명병원,02-809-0122,A1100049,,,,,,,,,1.0,,,,Y,,Y,N1,Y,Y,6,Y,129.0,N1,20260523193426,N1,Y,,4.0,N1,10.0,,,1.0,,,,,,4.0,,1.0,1.0,,9.0,,,1.0,1.0,,,228.0,,,Y,N1,A1100049,,,1.0,19.0,,,,,,,서울특별시,금천구,,,,,,,,,,,,,,,,,,,,,,,,,,,,,,,,,,,,,,,,,,,,,,,,,2026-05-23 19:35:48
인제대학교상계백병원,02-950-1119,A1100016,Y,Y,,,3.0,,1.0,2.0,2.0,,,Y,Y,Y,Y,Y,Y,Y,8,Y,112.0,Y,20260523193359,Y,Y,-1.0,13.0,N1,16.0,,1.0,2.0,,19.0,18.0,15.0,,13.0,2.0,3.0,2.0,3.0,36.0,10.0,25.0,10.0,3.0,1.0,,390.0,,,Y,Y,A1100016,1.0,3.0,,,4.0,5.0,,1.0,2.0,,서울특별시,노원구,2.0,4.0,,,,,,,,,,,,,,,,,,,,,,,,,,,,,,,,,,,,,,,,,,,,,,,2026-05-23 19:35:48
노원을지대학교병원,02-970-8282,A1100048,Y,Y,,,4.0,,1.0,6.0,4.0,,,Y,Y,Y,Y,Y,Y,Y,9,Y,263.0,N1,20260523193102,Y,Y,0.0,11.0,N1,17.0,,1.0,4.0,,16.0,16.0,10.0,,11.0,3.0,2.0,2.0,2.0,26.0,8.0,19.0,3.0,1.0,,,479.0,,,Y,Y,A1100048,2.0,4.0,,,2.0,21.0,,1.0,1.0,,서울특별시,노원구,,,,,,,,0.0,0.0,,,,,,,,0.0,0.0,,,,,,,,,,,,,,,,,,,,,,,,,,,,,,,2026-05-23 19:35:48
한국원자력의학원원자력병원,02-970-2620,A1100027,,Y,,,,,1.0,,1.0,,,Y,Y,Y,Y,Y,Y,Y,8,N1,266.0,N1,20260523193236,Y,Y,,10.0,N1,9.0,,1.0,1.0,,,,,,10.0,1.0,4.0,2.0,1.0,16.0,,2.0,1.0,,,,444.0,,,Y,N1,A1100027,1.0,,9.0,10.0,1.0,,,1.0,1.0,,서울특별시,노원구,1.0,1.0,,,,,,,,,,,,,,,,,,,,,,,,,,,,,,,,,,,,,,,,,,,,,,,2026-05-23 19:35:48
의료법인한전의료재단한일병원,02-901-3119,A1100020,N,N,,,,2.0,2.0,,2.0,,,,Y,Y,Y,Y,Y,Y,4,N1,83.0,Y,20260523193503,N,Y,,8.0,Y,21.0,2.0,2.0,2.0,,,,,,8.0,,2.0,1.0,1.0,25.0,1.0,4.0,2.0,,4.0,2.0,392.0,,,Y,N,A1100020,0.0,,3.0,23.0,1.0,,,4.0,5.0,,서울특별시,도봉구,,,,,,,,,,,,,,,,,,,,2.0,,,,,,,,,,,,,,,,,,,,,,,,,,,,,2026-05-23 19:35:48
경희대학교병원,02-958-8114,A1100001,Y,Y,,,,1.0,2.0,,3.0,,2.0,Y,Y,Y,Y,Y,Y,Y,11,Y,244.0,Y,20260523193430,Y,Y,1.0,16.0,N1,15.0,3.0,2.0,3.0,,,,14.0,4.0,16.0,3.0,3.0,3.0,5.0,48.0,6.0,12.0,8.0,3.0,2.0,,653.0,,,Y,Y,A1100001,,2.0,28.0,73.0,,20.0,,8.0,9.0,,서울특별시,동대문구,,,,,,,7.0,,,,15.0,,,,,,,,,,,,,,,,,,,,,,,,,,,,,,,,,,,,,,2026-05-23 19:35:48
삼육서울병원,02-2210-3566,A1100021,,N,,,,,1.0,,2.0,,,Y,Y,Y,Y,Y,Y,Y,13,Y,101.0,Y,20260523193403,N,Y,4.0,5.0,Y,13.0,,1.0,2.0,,,,4.0,,5.0,2.0,1.0,1.0,2.0,20.0,,4.0,5.0,2.0,1.0,1.0,392.0,,,Y,N1,A1100021,1.0,,2.0,17.0,1.0,,,4.0,4.0,,서울특별시,동대문구,2.0,4.0,,,,,,,,,,,,,,,,,,,,,,,,,,,,,,,,,,,,,,,,,,,,,,,2026-05-23 19:35:48
서울특별시동부병원,02-920-9119,A1100022,,Y,,,,,1.0,,1.0,,,Y,Y,,Y,N1,Y,Y,8,N1,41.0,N1,20260523193520,Y,Y,,3.0,N1,8.0,,1.0,1.0,,,,,,3.0,1.0,1.0,1.0,,7.0,,1.0,1.0,,,,192.0,,,Y,N1,A1100022,1.0,,1.0,8.0,1.0,,,,,,서울특별시,동대문구,,,,,,,,,,,,,,,,,,,,,,,,,,,,,,,,,,,,,,,,,,,,,,,,,2026-05-23 19:35:48
서울성심병원,02-966-1616,A1100050,,,,,,,1.0,,2.0,,,,Y,,Y,N1,N1,Y,15,N1,80.0,N1,20260523193521,N1,Y,,6.0,N1,17.0,,1.0,2.0,,,,,,6.0,,1.0,1.0,,11.0,,,,,,,208.0,,,Y,N1,A1100050,,,10.0,10.0,,,,,,,서울특별시,동대문구,,,,,,,,,,,,,,,,,,,,,,,,,,,,,,,,,,,,,,,,,,,,,,,,,2026-05-23 19:35:48
서울특별시보라매병원,02-870-2119,A1100040,Y,Y,,,0.0,3.0,2.0,9.0,0.0,,,Y,Y,Y,Y,Y,Y,Y,21,Y,308.0,Y,20260523193500,Y,Y,6.0,14.0,N1,31.0,3.0,2.0,1.0,,15.0,16.0,14.0,,14.0,4.0,6.0,3.0,5.0,48.0,14.0,13.0,5.0,9.0,2.0,,695.0,,,Y,Y,A1100040,2.0,-2.0,,,4.0,14.0,,3.0,3.0,,서울특별시,동작구,,,,,,,,,,,,,,,,,,,,,,,,,,,,3.0,,4.0,,,,,,,,,,,,,,,,,,,2026-05-23 19:35:48
중앙대학교병원,02-6299-1338,A1100003,Y,Y,,,5.0,3.0,1.0,4.0,2.0,,,Y,Y,Y,Y,Y,Y,Y,10,Y,234.0,Y,20260523193507,Y,Y,-1.0,15.0,N1,18.0,4.0,1.0,2.0,,22.0,17.0,17.0,,16.0,2.0,4.0,3.0,4.0,41.0,7.0,15.0,9.0,4.0,11.0,,631.0,,,Y,Y,A1100003,1.0,5.0,7.0,12.0,2.0,26.0,,0.0,2.0,,서울특별시,동작구,,,,4.0,,,,,,,,,,,,4.0,,,,,0.0,0.0,,,0.0,0.0,,,,,,,,,,,,,,,,,,,,,,,2026-05-23 19:35:48
연세대학교의과대학세브란스병원,02-2227-7777,A1100007,Y,Y,,,2.0,2.0,1.0,18.0,3.0,,,Y,Y,Y,Y,Y,Y,Y,-1,Y,586.0,Y,20260523193536,Y,Y,11.0,2.0,N1,39.0,8.0,1.0,3.0,,29.0,32.0,52.0,,3.0,8.0,17.0,16.0,17.0,185.0,41.0,61.0,22.0,14.0,8.0,,1883.0,,,Y,Y,A1100007,4.0,7.0,15.0,18.0,8.0,29.0,,1.0,30.0,,서울특별시,서대문구,,,,,,,5.0,,,,29.0,,,,,,,,,1.0,,,6.0,10.0,,,6.0,12.0,22.0,23.0,1.0,,,,,1.0,,,,,2.0,16.0,1.0,2.0,1.0,2.0,6.0,1.0,2026-05-23 19:35:48
의료법인동신의료재단동신병원,02-396-9161,A1100025,N,N,,,,,,,1.0,,,N,Y,N,Y,N,Y,Y,4,N,59.0,N,20260523193241,N,Y,,3.0,N,9.0,,,1.0,,,,,,3.0,0.0,1.0,1.0,0.0,7.0,0.0,0.0,1.0,0.0,0.0,0.0,196.0,,,Y,N,A1100025,,,3.0,9.0,,,,,,,서울특별시,서대문구,,,,,,,,,,,,,,,,,,,,0.0,,,,,,,,,,,,,,,,,,,,,,,,,,,,,2026-05-23 19:35:48
학교법인가톨릭학원가톨릭대학교서울성모병원,02-2258-2370,A1100012,Y,Y,,,3.0,3.0,,18.0,,,,Y,Y,Y,Y,Y,Y,Y,-4,Y,332.0,Y,20260523193510,Y,Y,9.0,31.0,N1,28.0,7.0,,,,22.0,22.0,50.0,,32.0,2.0,9.0,10.0,8.0,80.0,40.0,39.0,11.0,9.0,4.0,,1059.0,,,Y,Y,A1100012,10.0,11.0,0.0,5.0,18.0,35.0,,3.0,10.0,,서울특별시,서초구,,,,,,,8.0,,,,19.0,,,,,,,,,,1.0,4.0,,,1.0,5.0,1.0,4.0,3.0,10.0,1.0,,,,,1.0,,,,,6.0,8.0,1.0,1.0,1.0,2.0,6.0,1.0,2026-05-23 19:35:48
기쁨병원,02-570-1212,A1122033,,,,,,,,,1.0,,,,Y,Y,Y,Y,N1,Y,1,N1,54.0,N1,20260523193459,N1,Y,,7.0,N1,4.0,,,1.0,,,,,,8.0,,2.0,2.0,1.0,1.0,,,,,,,110.0,,,Y,N1,A1122033,,,,,,,,,,,서울특별시,서초구,,,,,,,,,,,,,,,,,,,,,,,,,,,,,,,,,,,,,,,,,,,,,,,,,2026-05-23 19:35:48
한양대학교병원,02-2290-8284,A1100013,Y,Y,2.0,1.0,4.0,2.0,,4.0,,9.0,18.0,Y,Y,Y,Y,Y,Y,Y,11,Y,277.0,Y,20260523193259,Y,Y,3.0,16.0,Y,20.0,3.0,,,22.0,12.0,13.0,25.0,30.0,16.0,1.0,3.0,2.0,3.0,69.0,10.0,20.0,11.0,4.0,3.0,1.0,670.0,2.0,5.0,Y,Y,A1100013,2.0,0.0,0.0,0.0,2.0,16.0,,1.0,2.0,,서울특별시,성동구,,,,,,,,,,,,,,,,,,,,,4.0,6.0,,,4.0,8.0,,,,,,,,,,,,,,,,,,,,,,,2026-05-23 19:35:48
학교법인고려중앙학원고려대학교의과대학부속병원(안암병원),02-920-5374,A1100008,Y,Y,0.0,,0.0,4.0,,5.0,,4.0,18.0,Y,Y,Y,Y,Y,Y,Y,6,Y,253.0,Y,20260523193206,Y,Y,0.0,23.0,N1,30.0,4.0,,,14.0,16.0,19.0,17.0,30.0,25.0,4.0,7.0,6.0,8.0,84.0,14.0,20.0,11.0,8.0,7.0,,777.0,6.0,,Y,Y,A1100008,1.0,1.0,,,6.0,10.0,,1.0,3.0,,서울특별시,성북구,,,,,,,,,,,,,,,,,,,,,1.0,2.0,,,2.0,7.0,,2.0,,9.0,,,,,,,,,,,,,,,,,,,2026-05-23 19:35:48
재단법인아산사회복지재단서울아산병원,02-3010-3333,A1100009,Y,Y,1.0,3.0,4.0,2.0,1.0,10.0,9.0,2.0,,Y,Y,Y,Y,Y,Y,Y,10,Y,510.0,Y,20260523193415,Y,Y,11.0,2.0,Y,36.0,11.0,1.0,22.0,2.0,24.0,36.0,61.0,,4.0,8.0,21.0,15.0,17.0,190.0,33.0,49.0,30.0,14.0,5.0,1.0,2118.0,1.0,6.0,Y,Y,A1100009,15.0,2.0,8.0,9.0,45.0,20.0,,8.0,8.0,,서울특별시,송파구,,,,,,,2.0,,,,12.0,,,,,,,,,,,,7.0,13.0,,,2.0,1.0,26.0,12.0,1.0,,,,,1.0,,,,,3.0,12.0,1.0,2.0,3.0,2.0,6.0,2.0,2026-05-23 19:35:48
경찰병원,02-3400-1300,A1100039,,,,,,,1.0,,,,,,Y,,Y,N1,Y,Y,3,N1,141.0,N1,20260523193503,N1,Y,,7.0,N1,3.0,,1.0,,,,,,,7.0,,2.0,3.0,,10.0,,,2.0,,,,187.0,,,Y,N1,A1100039,2.0,,14.0,14.0,2.0,,,2.0,2.0,,서울특별시,송파구,1.0,1.0,,,,,,,,,,,,,,,,,,,,,,,,,,,,,,,,,,,,,,,,,,,,,,,2026-05-23 19:35:48
이화여자대학교의과대학부속목동병원,02-2650-5911,A1100005,Y,Y,1.0,1.0,2.0,8.0,2.0,6.0,4.0,7.0,16.0,Y,Y,Y,Y,Y,Y,Y,7,Y,102.0,Y,20260523193442,Y,Y,10.0,13.0,N1,19.0,8.0,2.0,4.0,19.0,10.0,13.0,28.0,32.0,13.0,2.0,4.0,4.0,4.0,58.0,10.0,34.0,9.0,3.0,5.0,,526.0,1.0,1.0,Y,Y,A1100005,0.0,2.0,,,4.0,10.0,,3.0,9.0,,서울특별시,양천구,,,,,,,11.0,,,,14.0,,,,,,,,,,,,,,,,,,,,,,,,,,,,,,,,,,,,,,2026-05-23 19:35:48
홍익병원,02-2600-0777,A1100019,,,,,,,,,1.0,,,,Y,Y,Y,Y,N,Y,4,N1,91.0,N1,20260523193357,N1,Y,,4.0,N1,9.0,,,1.0,,,,,,4.0,,4.0,2.0,2.0,7.0,,,1.0,,,,251.0,,,Y,N1,A1100019,1.0,,8.0,14.0,1.0,,,1.0,1.0,,서울특별시,양천구,,,,,,,,,,,,,,,,,,,,,,,,,,,,,,,,,,,,,,,,,,,,,,,,,2026-05-23 19:35:48
서울특별시서남병원,02-6300-9129,A1100223,,,,,,,1.0,,0.0,,,,Y,,Y,N1,Y,Y,5,Y,67.0,N1,20260523193000,N1,Y,,4.0,N1,6.0,,1.0,1.0,,,,,,4.0,,1.0,1.0,,16.0,,,1.0,1.0,,,275.0,,,Y,N1,A1100223,1.0,,5.0,17.0,1.0,,0.0,4.0,4.0,0.0,서울특별시,양천구,,,,,,,,,,,,,,,,,,,,,,,,,,,,,,,,,,,,,,,,,,,,,,,,,2026-05-23 19:35:48
가톨릭대학교여의도성모병원,02-3779-1199,A1100011,,,,,2.0,,1.0,4.0,4.0,,,Y,Y,Y,Y,Y,Y,Y,11,Y,78.0,Y,20260523193510,N1,Y,,13.0,N1,15.0,,1.0,4.0,,11.0,9.0,,,13.0,2.0,2.0,2.0,2.0,23.0,,,5.0,2.0,2.0,,330.0,,,Y,N1,A1100011,0.0,,,,1.0,,,1.0,1.0,,서울특별시,영등포구,,,,,,,4.0,,,,9.0,,,,,,,,,,,,,,,,,,,,,,,,,,,,,,,,,,,,,,2026-05-23 19:35:48
한림대학교강남성심병원,02-829-5119,A1100055,Y,Y,,,3.0,2.0,1.0,5.0,2.0,,,Y,Y,Y,Y,Y,Y,Y,16,Y,230.0,Y,20260523193255,Y,Y,4.0,14.0,N1,22.0,2.0,1.0,2.0,,21.0,25.0,12.0,,14.0,3.0,3.0,3.0,2.0,50.0,21.0,22.0,13.0,3.0,2.0,,496.0,,,Y,Y,A1100055,5.0,,,,7.0,,,,,,서울특별시,영등포구,,,,,,,,,,,,,,,,,,,,,,,,,,,,,,,,,,,,,,,,,,,,,,,,,2026-05-23 19:35:48
성애의료재단성애병원,02-840-7115,A1100054,Y,Y,,,,,1.0,,4.0,,,Y,Y,Y,Y,Y,Y,Y,12,N1,62.0,N1,20260523193440,Y,Y,3.0,5.0,N1,15.0,,1.0,4.0,,,,4.0,,5.0,2.0,2.0,2.0,1.0,8.0,5.0,14.0,2.0,,,,252.0,,,Y,Y,A1100054,0.0,,4.0,19.0,1.0,,,,,,서울특별시,영등포구,,,,,,,,,,,,,,,,,,,,,,,,,,,,,,,,,,,,,,,,,,,,,,,,,2026-05-23 19:35:48
명지성모병원,02-829-7800,A1100024,,,,,,,1.0,,1.0,,,,Y,Y,Y,Y,N1,Y,8,N1,107.0,N1,20260523193556,N1,Y,,3.0,N1,8.0,,1.0,1.0,,,,,,3.0,,1.0,3.0,2.0,7.0,,,,,,,212.0,,,Y,N1,A1100024,1.0,,9.0,12.0,1.0,,,,,,서울특별시,영등포구,,,,,,,,,,,,,,,,,,,,,,,,,,,,,,,,,,,,,,,,,,,,,,,,,2026-05-23 19:35:48
대림성모병원,02-829-9129,A1100037,,,,,,,,,2.0,,,,Y,,Y,N1,N1,Y,8,N1,70.0,N1,20260523193037,N1,Y,,4.0,N1,8.0,,,2.0,,,,,,4.0,,1.0,1.0,,1.0,,,,,,,131.0,,,Y,N1,A1100037,,,,,,,,,,,서울특별시,영등포구,,,,,,,,,,,,,,,,,,,,,,,,,,,,,,,,,,,,,,,,,,,,,,,,,2026-05-23 19:35:48
씨엠병원,070-4698-7811,A1100045,,,,,,,,,,,,,,,Y,N1,N1,N1,9,N1,62.0,N1,20260523193000,N1,N1,,5.0,N1,10.0,,,,,,,,,5.0,,,,,,,,,,,,133.0,,,N1,N1,A1100045,,,,,,,,,,,서울특별시,영등포구,,,,,,,,,,,,,,,,,,,,,,,,,,,,,,,,,,,,,,,,,,,,,,,,,2026-05-23 19:35:48
순천향대학교부속서울병원,02-709-9117,A1100004,Y,Y,,,,2.0,1.0,,2.0,,,Y,Y,Y,Y,Y,Y,Y,4,Y,206.0,Y,20260523193322,Y,Y,2.0,13.0,N1,20.0,4.0,1.0,2.0,,,,13.0,,13.0,3.0,3.0,3.0,4.0,51.0,8.0,15.0,14.0,5.0,3.0,,600.0,,,Y,Y,A1100004,2.0,2.0,15.0,45.0,10.0,21.0,,1.0,4.0,,서울특별시,용산구,0.0,0.0,,0.0,,,,,,,,,,,,0.0,,,,,,,,,,,,,,,,,,,0.0,,,,,0.0,,,,,,,,,2026-05-23 19:35:48
가톨릭대학교은평성모병원,02-1811-7755,A1121013,Y,Y,,,2.0,8.0,2.0,3.0,2.0,,,Y,Y,Y,Y,Y,Y,Y,9,Y,228.0,Y,20260523193509,Y,Y,5.0,19.0,N1,24.0,8.0,2.0,2.0,,16.0,9.0,19.0,,19.0,1.0,4.0,3.0,5.0,46.0,19.0,22.0,10.0,5.0,20.0,,651.0,,,Y,Y,A1121013,0.0,,,,4.0,,,2.0,5.0,,서울특별시,은평구,,,,,,,2.0,,,,13.0,,,,,,,,,,,,,,,,,5.0,,12.0,,,,,,,,,,,,,,,,,,,2026-05-23 19:35:48
의료법인청구성심병원,02-383-0129,A1100023,,,,,,,,,1.0,,,,Y,,Y,N1,N1,Y,8,N1,45.0,N1,20260523193242,N1,Y,,3.0,N1,10.0,,,1.0,,,,,,3.0,,1.0,1.0,,4.0,,,,,,,196.0,,,Y,N1,A1100023,,,2.0,6.0,,,,,,,서울특별시,은평구,,,,,,,,,,,,,,,,,,,,,,,,,,,,,,,,,,,,,,,,,,,,,,,,,2026-05-23 19:35:48
서울대학교병원,02-2072-2475,A1100017,Y,Y,0.0,0.0,1.0,5.0,2.0,8.0,4.0,16.0,19.0,Y,Y,Y,Y,Y,Y,Y,-1,Y,379.0,Y,20260523193509,Y,Y,8.0,52.0,N1,24.0,10.0,2.0,4.0,17.0,10.0,18.0,40.0,30.0,53.0,4.0,13.0,13.0,14.0,160.0,19.0,46.0,22.0,9.0,3.0,,1365.0,2.0,1.0,Y,Y,A1100017,13.0,4.0,,,28.0,41.0,,5.0,7.0,,서울특별시,종로구,,,,2.0,,,1.0,,,,5.0,,,,,8.0,,,,1.0,,,10.0,10.0,,,4.0,4.0,22.0,8.0,1.0,,,0.0,0.0,1.0,,,0.0,0.0,3.0,10.0,1.0,0.0,6.0,2.0,6.0,1.0,2026-05-23 19:35:48
강북삼성병원,02-2001-1000,A1100006,Y,Y,,,,2.0,1.0,1.0,2.0,,,Y,Y,Y,Y,Y,Y,Y,2,Y,116.0,Y,20260523193516,Y,Y,-1.0,15.0,N1,15.0,2.0,1.0,2.0,,,4.0,7.0,,16.0,1.0,3.0,3.0,5.0,47.0,9.0,11.0,5.0,5.0,2.0,,528.0,,,Y,Y,A1100006,3.0,7.0,5.0,24.0,5.0,18.0,,2.0,3.0,,서울특별시,종로구,,,,,,,2.0,,,,12.0,,,,,,,,,,,,,,,,,,,,,,,,,,,,,,3.0,8.0,,,,,,,2026-05-23 19:35:48
서울적십자병원,02-2002-8888,A1100029,,,,,,,1.0,,,,,,Y,,Y,N1,Y,Y,10,N1,90.0,N1,20260523193354,N1,Y,,6.0,N1,10.0,,1.0,,,,,,,6.0,,1.0,1.0,,11.0,,,2.0,,,,260.0,,,Y,N1,A1100029,,,6.0,12.0,,,,,,,서울특별시,종로구,,,,,,,,,,,,,,,,,,,,,,,,,,,,,,,,,,,,,,,,,,,,,,,,,2026-05-23 19:35:48
세란병원,02-737-0181,A1100032,,,,,,,,,1.0,,,,Y,,Y,N1,N1,Y,5,N1,64.0,N1,20260523193402,N1,Y,,13.0,N1,10.0,,,1.0,,,,,,13.0,,3.0,5.0,,3.0,,,,,,,205.0,,,Y,N1,A1100032,,,,,,,,,,,서울특별시,종로구,,,,,,,,,,,,,,,,,,,,,,,,,,,,,,,,,,,,,,,,,,,,,,,,,2026-05-23 19:35:48
국립중앙의료원,02-2276-2114,A1100052,N,Y,,,,3.0,2.0,0.0,3.0,1.0,0.0,Y,Y,Y,Y,Y,Y,Y,8,Y,0.0,Y,20260523193404,Y,Y,,7.0,N1,15.0,3.0,2.0,3.0,6.0,,0.0,,0.0,7.0,1.0,1.0,1.0,2.0,56.0,1.0,3.0,5.0,5.0,2.0,,202.0,,,Y,N,A1100052,2.0,,3.0,13.0,2.0,,0.0,4.0,7.0,0.0,서울특별시,중구,5.0,5.0,,0.0,8.0,2.0,,2.0,6.0,4.0,,20.0,50.0,2.0,,0.0,2.0,6.0,,,,,,,,,,,,,,,,0.0,,,,,0.0,,,,,,,,,,2026-05-23 19:35:48
서울특별시서울의료원,02-2276-7000,A1100035,Y,Y,2.0,0.0,1.0,2.0,2.0,,3.0,9.0,14.0,Y,Y,Y,Y,Y,Y,Y,0,Y,134.0,Y,20260523193501,Y,Y,0.0,10.0,Y,19.0,3.0,2.0,3.0,14.0,7.0,,3.0,30.0,10.0,4.0,4.0,3.0,3.0,65.0,5.0,12.0,7.0,2.0,4.0,2.0,461.0,2.0,4.0,Y,Y,A1100035,,14.0,1.0,5.0,,30.0,,5.0,5.0,,서울특별시,중랑구,,,,,,,0.0,,,,6.0,,,,,,,,,1.0,,,,,,,,,,,,,,,,,,,,,,,,,,,,,2026-05-23 19:35:48
의료법인풍산의료재단동부제일병원,02-490-8880,A1100075,,,,,,,,,1.0,,,,Y,,Y,N1,N1,Y,7,N1,49.0,N1,20260523193018,N1,N,,2.0,N1,7.0,,,1.0,,,,,,2.0,,1.0,1.0,,3.0,,,,,,,124.0,,,Y,N1,A1100075,,,,,,,,,,,서울특별시,중랑구,,,,,,,,,,,,,,,,,,,,,,,,,,,,,,,,,,,,,,,,,,,,,,,,,2026-05-23 19:35:48
녹색병원,02-490-2113,A1100044,,,,,,,1.0,,4.0,,,Y,Y,,Y,N1,Y,Y,2,N1,103.0,N1,20260523193506,N1,Y,,3.0,N1,5.0,,1.0,4.0,,,,,,3.0,1.0,2.0,1.0,,22.0,,,1.0,,,,293.0,,,Y,N1,A1100044,2.0,,8.0,17.0,3.0,,,1.0,3.0,,서울특별시,중랑구,,,,,,,,,,,,,,,,,,,,,,,,,,,,,,,,,,,,,,,,,,,,,,,,,2026-05-23 19:35:48
세종충남대학교병원,044-995-3010,A1800441,Y,Y,,,,2.0,1.0,,2.0,,,Y,Y,Y,Y,Y,Y,Y,12,Y,117.0,Y,20260523193500,Y,Y,-4.0,8.0,N1,17.0,6.0,1.0,2.0,,,,15.0,,8.0,3.0,2.0,2.0,3.0,29.0,7.0,15.0,5.0,3.0,2.0,,272.0,,,Y,Y,A1800441,2.0,,9.0,11.0,2.0,,,3.0,4.0,,세종특별자치시,보듬7로,,,,,,,,,,,,,,,,,,,,,,,,,,,,,,,1.0,,,,,1.0,,,,,,,1.0,1.0,4.0,2.0,6.0,1.0,2026-05-23 19:35:48
의료법인 영제 의료재단 엔케이세종병원,044-850-7705,A1800417,,,,,,,,,1.0,,,,Y,,Y,N1,N1,Y,8,N1,134.0,N1,20260523193428,N1,Y,,3.0,N1,10.0,,,1.0,,,,,,3.0,,1.0,1.0,,1.0,,,,,,,200.0,,,Y,N1,A1800417,,,,,,,,,,,세종특별자치시,한누리대로,,,,,,,,,,,,,,,,,,,,,,,,,,,,,,,,,,,,,,,,,,,,,,,,,2026-05-23 19:35:48
의료법인정안의료재단중앙병원,052-226-1119,A1700028,,,,,,,1.0,,2.0,,,,Y,Y,Y,Y,Y,Y,10,N1,60.0,N1,20260523193310,N1,Y,,8.0,N1,17.0,,1.0,2.0,,,,,,8.0,,2.0,2.0,2.0,7.0,,,2.0,,,,339.0,,,Y,N1,A1700028,0.0,,4.0,20.0,2.0,,,1.0,1.0,,울산광역시,남구,,,,,,,,,,,,,,,,,,,,,,,,,,,,,,,,,,,,,,,,,,,,,,,,,2026-05-23 19:35:48
울산병원,052-259-5119,A1700003,,,,,,,1.0,,2.0,,,,Y,Y,Y,Y,Y,Y,11,Y,76.0,Y,20260523193507,N1,Y,,4.0,Y,19.0,,1.0,2.0,,,,,,4.0,,2.0,2.0,3.0,11.0,,,4.0,1.0,2.0,2.0,346.0,,,Y,N1,A1700003,0.0,,9.0,19.0,1.0,,,,,,울산광역시,남구,,,,,,,,,,,,,,,,,,,,,,,,,,,,,,,,,,,,,,,,,,,,,,,,,2026-05-23 19:35:48
의료법인은성의료재단좋은삼정병원,052-220-7600,A1700011,,,,,,,,,1.0,,,,Y,Y,Y,Y,Y,Y,5,N1,48.0,N1,20260523193152,N1,Y,,7.0,N1,9.0,,,1.0,,,,,,8.0,,2.0,2.0,1.0,5.0,,,1.0,,,,283.0,,,Y,N1,A1700011,1.0,,3.0,14.0,1.0,,,0.0,1.0,,울산광역시,남구,,,,,,,,,,,,,,,,,,,,,,,,,,,,,,,,,,,,,,,,,,,,,,,,,2026-05-23 19:35:48
학교법인울산공업학원울산대학교병원,052-250-7000,A1700004,Y,Y,,1.0,6.0,7.0,0.0,12.0,0.0,6.0,24.0,Y,Y,Y,Y,Y,Y,Y,-5,Y,199.0,Y,20260523193025,Y,Y,1.0,20.0,N1,21.0,8.0,0.0,0.0,12.0,13.0,16.0,26.0,36.0,20.0,5.0,7.0,5.0,6.0,83.0,14.0,27.0,17.0,8.0,4.0,,725.0,,8.0,Y,Y,A1700004,7.0,2.0,3.0,8.0,8.0,20.0,,0.0,0.0,,울산광역시,동구,,,,5.0,17.0,2.0,,2.0,2.0,15.0,,20.0,42.0,2.0,,5.0,2.0,6.0,,,3.0,3.0,,,3.0,3.0,,2.0,,6.0,,,,,4.0,,,,,4.0,2.0,2.0,,,,,,,2026-05-23 19:35:48
의료법인송은의료재단울산시티병원,052-280-9119,A1700025,,,,,,,1.0,,2.0,,,,Y,Y,Y,Y,Y,Y,11,N1,47.0,N1,20260523193506,N1,Y,,8.0,N1,17.0,,1.0,2.0,,,,,,8.0,,2.0,2.0,2.0,17.0,,,4.0,,,,350.0,,,Y,N1,A1700025,1.0,,9.0,26.0,3.0,,,,,,울산광역시,북구,,,,,,,,,,,,,,,,,,,,,,,,,,,,,,,,,,,,,,,,,,,,,,,,,2026-05-23 19:35:48
서울산보람병원,052-255-7119,A1700001,,,,,,,,,1.0,,,,Y,,Y,N1,N1,Y,8,N1,94.0,N1,20260523193144,N1,Y,,3.0,N1,10.0,,,1.0,,,,,,3.0,,1.0,1.0,,1.0,,,,,,,213.0,,,Y,N1,A1700001,,,,,,,,,,,울산광역시,울주군,,,,,,,,,,,,,,,,,,,,,,,,,,,,,,,,,,,,,,,,,,,,,,,,,2026-05-23 19:35:48
의료법인동강의료재단동강병원,052-241-1190,A1700002,,,,,4.0,,1.0,3.0,2.0,,,,Y,Y,Y,Y,Y,Y,18,Y,165.0,N1,20260523193135,N1,Y,,8.0,N1,24.0,,1.0,2.0,,14.0,9.0,,,8.0,,3.0,2.0,3.0,25.0,,,7.0,3.0,,,513.0,,,Y,N1,A1700002,0.0,,,,1.0,,,0.0,2.0,,울산광역시,중구,,,,,,,,,,,,,,,,,,,,1.0,,,,,,,,0.0,,13.0,,,,,,,,,,,,,,,,,,,2026-05-23 19:35:48
비에스종합병원,032-290-0119,A1403617,,Y,,,,,1.0,,,,,Y,Y,Y,Y,Y,Y,Y,8,N1,96.0,N1,20260523193327,Y,N1,0.0,2.0,N1,10.0,,1.0,,,,,1.0,,2.0,1.0,1.0,,1.0,6.0,,1.0,1.0,,,,180.0,,,Y,N1,A1403617,0.0,,5.0,18.0,1.0,,,,,,인천광역시,강화군,,,,,,,,,,,,,,,,,,,,,,,,,,,,,,,,,,,,,,,,,,,,,,,,,2026-05-23 19:35:48
인천세종병원,032-240-8119,A1403372,,,,,,,3.0,,,,,,Y,Y,Y,Y,Y,Y,7,Y,59.0,Y,20260523193509,N1,Y,,7.0,N1,18.0,,3.0,,,,,,,7.0,,2.0,2.0,3.0,13.0,,,4.0,5.0,1.0,,277.0,,,Y,N1,A1403372,2.0,,8.0,22.0,2.0,,,4.0,6.0,,인천광역시,계양구,,,,,,,,,,,,,,,,,,,,,,,,,,,,,,,,,,,,,,,,,,,,,,,,,2026-05-23 19:35:48
의료법인인성의료재단한림병원,032-540-9119,A1400014,,,,,,,2.0,,2.0,,,Y,Y,Y,Y,Y,Y,Y,11,Y,82.0,N1,20260523193112,N1,Y,,6.0,N1,17.0,,2.0,2.0,,,,,,6.0,1.0,3.0,2.0,2.0,20.0,,,3.0,3.0,,,391.0,,,Y,N1,A1400014,2.0,,0.0,21.0,2.0,,,0.0,2.0,,인천광역시,계양구,,,,,,,,,,,,,,,,,,,,,,,,,,,,,,,,,,,,,,,,,,,,,,,,,2026-05-23 19:35:48
의료법인 길의료재단 길병원,032-460-3012,A1400001,Y,Y,,0.0,13.0,9.0,,2.0,,4.0,24.0,Y,Y,Y,Y,Y,Y,Y,4,Y,436.0,Y,20260523193335,Y,Y,0.0,2.0,Y,23.0,9.0,,,18.0,38.0,11.0,30.0,30.0,3.0,3.0,6.0,6.0,7.0,101.0,13.0,30.0,15.0,9.0,5.0,1.0,995.0,,2.0,Y,Y,A1400001,4.0,6.0,,,11.0,18.0,,12.0,13.0,,인천광역시,동구,,,,1.0,8.0,2.0,2.0,2.0,6.0,7.0,14.0,20.0,47.0,2.0,,3.0,2.0,6.0,,,2.0,1.0,,,2.0,3.0,,3.0,,6.0,1.0,,,,,1.0,,,,,1.0,4.0,1.0,2.0,5.0,2.0,6.0,1.0,2026-05-23 19:35:48
인천힘찬종합병원,032-459-3168,A1403871,,,,,,,1.0,,2.0,,,,Y,,Y,N1,N1,Y,13,N1,47.0,N1,20260523193044,N1,Y,,7.0,N1,17.0,,1.0,2.0,,,,,,7.0,,2.0,2.0,,1.0,,,,,,,235.0,,,Y,N1,A1403871,1.0,,5.0,9.0,1.0,,,,,,인천광역시,동구,,,,,,,,,,,,,,,,,,,,,,,,,,,,,,,,,,,,,,,,,,,,,,,,,2026-05-23 19:35:48
인천광역시의료원,032-580-6119,A1400017,,,,,,,2.0,,,,,,Y,,Y,N1,N1,Y,14,N1,36.0,N1,20260523193501,N1,Y,,6.0,N1,15.0,,2.0,,,,,,,6.0,,1.0,1.0,,19.0,,,,,,,198.0,,,Y,N1,A1400017,0.0,26.0,4.0,13.0,0.0,45.0,,7.0,7.0,,인천광역시,동구,,,,,,,,,,,,,,,,,,,,,,,,,,,,,,,,,,,,,,,,,,,,,,,,,2026-05-23 19:35:48
의료법인 성수의료재단 인천백병원,032-280-8119,A1400007,,,,,,,,,1.0,,,,Y,,Y,N1,Y,Y,5,N1,37.0,N1,20260523193318,N1,Y,,4.0,N1,5.0,,,1.0,,,,,,4.0,,2.0,2.0,,6.0,,,1.0,,,,189.0,,,Y,N1,A1400007,,,2.0,12.0,,,,,,,인천광역시,동구,,,,,,,,,,,,,,,,,,,,,,,,,,,,,,,,,,,,,,,,,,,,,,,,,2026-05-23 19:35:48
인천사랑병원,032-457-2119,A1400016,,Y,,,,,1.0,,2.0,,,Y,Y,Y,Y,Y,Y,Y,10,N1,28.0,Y,20260523193403,Y,Y,,7.0,N1,14.0,,1.0,2.0,,,,,,7.0,1.0,2.0,1.0,1.0,12.0,,1.0,2.0,,1.0,,281.0,,,Y,N1,A1400016,1.0,,11.0,17.0,1.0,,,1.0,1.0,,인천광역시,미추홀구,3.0,4.0,,,,,,,,,,,,,,,,,,,,,,,,,,,,,,,,,,,,,,,,,,,,,,,2026-05-23 19:35:48
현대유비스병원,032-890-5582,A1400004,,,,,,,1.0,,,,,,Y,Y,Y,Y,Y,Y,17,N1,47.0,N1,20260523193330,N1,Y,,6.0,N1,18.0,,1.0,,,,,,,6.0,,2.0,2.0,1.0,8.0,,,2.0,,,,285.0,,,Y,N1,A1400004,1.0,,5.0,13.0,1.0,,,,,,인천광역시,미추홀구,,,,,,,,,,,,,,,,,,,,,,,,,,,,,,,,,,,,,,,,,,,,,,,,,2026-05-23 19:35:48
가톨릭대학교 인천성모병원,032-280-6107,A1400012,Y,Y,,,3.0,,0.0,3.0,5.0,7.0,,Y,Y,Y,Y,Y,Y,Y,1,Y,193.0,Y,20260523193508,Y,Y,2.0,17.0,N1,12.0,,0.0,6.0,12.0,15.0,18.0,13.0,,17.0,1.0,4.0,4.0,5.0,46.0,5.0,13.0,11.0,2.0,2.0,,579.0,,,Y,Y,A1400012,1.0,,,,10.0,,,4.0,9.0,,인천광역시,부평구,6.0,7.0,,,,,1.0,,,,15.0,,,,,,,,,,3.0,2.0,,,3.0,3.0,,,,,,,,,,,,,,,,,,,,,,,2026-05-23 19:35:48
안은의료재단 부평세림병원,032-509-5777,A1400013,,,,,,,1.0,,3.0,,,,Y,Y,Y,Y,Y,Y,12,Y,74.0,N1,20260523193522,N1,Y,,4.0,N1,16.0,,1.0,3.0,,,,,,4.0,,3.0,2.0,1.0,9.0,,,1.0,1.0,,,237.0,,,Y,N1,A1400013,0.0,,9.0,13.0,2.0,,,1.0,2.0,,인천광역시,부평구,,,,,,,,,,,,,,,,,,,,,,,,,,,,,,,,,,,,,,,,,,,,,,,,,2026-05-23 19:35:48
가톨릭관동대학교국제성모병원,032-290-3065,A1400015,Y,Y,,,11.0,0.0,0.0,,0.0,,,Y,Y,Y,Y,Y,Y,Y,7,Y,237.0,Y,20260523193514,Y,Y,,10.0,N1,23.0,3.0,0.0,0.0,,40.0,,,,11.0,2.0,3.0,2.0,3.0,34.0,2.0,11.0,6.0,2.0,1.0,,623.0,,,Y,Y,A1400015,,3.0,,,,11.0,,0.0,3.0,,인천광역시,서구,,,,,,,-2.0,,,,13.0,,,,,,,,,,3.0,0.0,,,5.0,0.0,,,,,,,,,19.0,,,,,21.0,,,,,,,,,2026-05-23 19:35:48
의료법인 루가의료재단 나은병원,032-584-4119,A1400003,,Y,,,2.0,,1.0,5.0,2.0,,,Y,Y,Y,Y,Y,Y,Y,8,Y,112.0,Y,20260523193356,Y,Y,,10.0,N1,11.0,,1.0,2.0,,14.0,13.0,,,10.0,1.0,2.0,2.0,3.0,17.0,,1.0,3.0,1.0,1.0,,367.0,,,Y,N1,A1400003,3.0,,,,3.0,,,9.0,9.0,,인천광역시,서구,7.0,7.0,,,,,,,,,,,,,,,,,,,,,,,,,,,,,,,,,,,,,,,,,,,,,,,2026-05-23 19:35:48
검단탑병원,032-590-0077,A1400010,,,,,,,1.0,,2.0,,,,Y,Y,Y,Y,Y,Y,12,N1,67.0,N1,20260523193156,N1,Y,,6.0,N1,18.0,,1.0,2.0,,,,,,6.0,,2.0,2.0,1.0,11.0,,,1.0,,,,279.0,,,Y,N1,A1400010,0.0,,8.0,15.0,3.0,,,1.0,2.0,,인천광역시,서구,,,,,,,,,,,,,,,,,,,,,,,,,,,,,,,,,,,,,,,,,,,,,,,,,2026-05-23 19:35:48
온누리병원,032-568-9112,A1400005,,,,,,,1.0,,1.0,,,,Y,,Y,N1,N1,Y,5,N1,32.0,N1,20260523193204,N1,Y,,3.0,N1,9.0,,1.0,1.0,,,,,,3.0,,1.0,1.0,,5.0,,,,,,,190.0,,,Y,N1,A1400005,,,,,,,,,,,인천광역시,서구,,,,,,,,,,,,,,,,,,,,,,,,,,,,,,,,,,,,,,,,,,,,,,,,,2026-05-23 19:35:48
(의)성세의료재단 뉴성민병원,032-726-1190,A1400008,,,,,,,,,1.0,,,,Y,,Y,N1,Y,Y,6,N1,135.0,N1,20260523193121,N1,Y,,6.0,N1,9.0,,,1.0,,,,,,6.0,,2.0,1.0,,1.0,,,2.0,,,,284.0,,,Y,N1,A1400008,2.0,,8.0,17.0,2.0,,,,,,인천광역시,서구,,,,0.0,,,,,,,,,,,,0.0,,,,,,,,,,,,,,,,,,,,,,,,,,,,,,,,,2026-05-23 19:35:48
의료법인 나사렛의료재단 나사렛국제병원,032-899-9699,A1400011,,,,,,,1.0,,2.0,,,,Y,Y,Y,Y,Y,Y,11,N1,65.0,N1,20260523193225,N1,Y,,5.0,N1,17.0,,1.0,2.0,,,,,,5.0,,2.0,2.0,2.0,8.0,,,2.0,,,,282.0,,,Y,N1,A1400011,0.0,,5.0,16.0,1.0,,,,,,인천광역시,연수구,,,,,,,,,,,,,,,,,,,,,,,,,,,,,,,,,,,,,,,,,,,,,,,,,2026-05-23 19:35:48
인천적십자병원,032-899-4119,A1400018,,,,,,,1.0,,1.0,,,,Y,,Y,N1,N1,Y,7,N1,77.0,N1,20260523193210,N1,Y,,3.0,N1,8.0,,1.0,1.0,,,,,,3.0,,1.0,1.0,,2.0,,,,,,,104.0,,,Y,N1,A1400018,,,2.0,8.0,,,,,,,인천광역시,연수구,,,,,,,,,,,,,,,,,,,,,,,,,,,,,,,,,,,,,,,,,,,,,,,,,2026-05-23 19:35:48
인천광역시의료원백령병원,032-836-1732,A1400037,Y,Y,,,,,,,1.0,,,,Y,,Y,N1,N1,Y,4,N1,30.0,N1,20260523193501,Y,N1,,1.0,N1,5.0,,,1.0,,,,,,1.0,,1.0,,,1.0,1.0,2.0,,,,,30.0,,,Y,Y,A1400037,,,,,,,,,,,인천광역시,옹진군,,,,,,,,,,,,,,,,,,,,,,,,,,,,,,,,,,,,,,,,,,,,,,,,,2026-05-23 19:35:48
인하대학교의과대학부속병원,032-890-2301,A1400002,Y,Y,,,10.0,4.0,2.0,1.0,2.0,8.0,12.0,Y,Y,Y,Y,Y,Y,Y,3,Y,206.0,Y,20260523193408,Y,Y,1.0,16.0,Y,20.0,7.0,2.0,5.0,20.0,25.0,13.0,26.0,30.0,16.0,4.0,6.0,3.0,5.0,109.0,17.0,27.0,13.0,9.0,7.0,2.0,681.0,,,Y,Y,A1400002,0.0,10.0,9.0,23.0,3.0,15.0,,2.0,7.0,,인천광역시,중구,,,,,,,,,,,,,,,,,,,,1.0,,,,,,,1.0,1.0,3.0,7.0,1.0,,,,,1.0,,,,,,,1.0,0.0,2.0,2.0,6.0,1.0,2026-05-23 19:35:48
인천기독병원,032-270-8300,A1400009,,,,,,,,,1.0,,,,Y,,Y,N1,N1,Y,8,N1,38.0,N1,20260523193141,N1,Y,,4.0,N1,8.0,,,1.0,,,,,,4.0,,1.0,1.0,,1.0,,,,,,,139.0,,,Y,N1,A1400009,,,3.0,10.0,,,,,,,인천광역시,중구,,,,,,,,,1.0,,,,,,,,,1.0,,,,,,,,,,,,,,,,,,,,,,,,,,,,,,,2026-05-23 19:35:48
전라남도강진의료원,061-430-1109,A2600050,,Y,,,,,,,2.0,,,Y,Y,,Y,N1,N1,Y,5,N1,121.0,N1,20260523193002,Y,Y,,3.0,N1,10.0,,,2.0,,,,,,3.0,1.0,1.0,1.0,,2.0,,2.0,,,,,171.0,,,Y,N1,A2600050,,,,,,,,,,,전라남도,강진군,,,,7.0,,,,,,,,,,,,7.0,,,,,,,,,,,,,,,,,,,,,,,,,,,,,,,,,2026-05-23 19:35:48
의료법인영성의료재단고흥종합병원,061-830-3118,A2600018,Y,Y,,,,,,,,,,Y,Y,,Y,N1,N1,Y,4,N1,157.0,N1,20260523192949,Y,Y,,2.0,N1,10.0,,,,,,,,,2.0,1.0,1.0,1.0,,4.0,1.0,1.0,,,,,271.0,,,Y,Y,A2600018,,,2.0,12.0,,,,,,,전라남도,고흥군,,,,,,,,,,,,,,,,,,,,,,,,,,,,,,,,,,,,,,,,,,,,,,,,,2026-05-23 19:35:48
의료법인장호의료재단녹동현대병원,061-840-1119,A2600068,,,,,,,,,2.0,,,,Y,,Y,N1,N1,Y,-3,N1,39.0,N1,20260523192536,N1,Y,,2.0,N1,3.0,,,2.0,,,,,,2.0,,1.0,1.0,,3.0,,,,,,,118.0,,,Y,N1,A2600068,,,,,,,,,,,전라남도,고흥군,,,,,,,,,,,,,,,,,,,,,,,,,,,,,,,,,,,,,,,,,,,,,,,,,2026-05-23 19:35:48
곡성사랑병원,061-360-6008,A2600029,,,,,,,,,1.0,,,,Y,,Y,N1,N1,Y,4,N1,7.0,N1,20260523193248,N1,N1,,1.0,N1,5.0,,,1.0,,,,,,1.0,,1.0,,,1.0,,,,,,,46.0,,,Y,N1,A2600029,,11.0,,,,45.0,,,,,전라남도,곡성군,,,,,,,,,,,,,,,,,,,,,,,,,,,,,,,,,,,,,,,,,,,,,,,,,2026-05-23 19:35:48
광양사랑병원,061-797-7119,A2600006,,,,,,,,,1.0,,,,Y,,Y,N1,Y,Y,3,N1,54.0,N1,20260523193324,N1,Y,,0.0,N1,9.0,,,1.0,,,,,,2.0,,1.0,1.0,,5.0,,,1.0,,,,149.0,,,Y,N1,A2600006,,,4.0,10.0,,,,,,,전라남도,광양시,,,,,,,,,,,,,,,,,,,,,,,,,,,,,,,,,,,,,,,,,,,,,,,,,2026-05-23 19:35:48
의료법인현경의료재단광양서울병원,061-798-9819,A2600024,,,,,,,,,1.0,,,,Y,,Y,N1,Y,Y,7,N1,58.0,N1,20260523193511,N1,Y,,3.0,N1,9.0,,,1.0,,,,,,3.0,,1.0,1.0,,3.0,,,1.0,,,,208.0,,,Y,N1,A2600024,,,,,,,,,,,전라남도,광양시,,,,,,,,,,,,,,,,,,,,,,,,,,,,,,,,,,,,,,,,,,,,,,,,,2026-05-23 19:35:48
구례병원,061-780-3200,A2600061,,,,,,,,,0.0,,,,Y,,Y,N1,N1,Y,9,N1,30.0,N1,20260523193347,N1,N1,,1.0,N1,10.0,,,0.0,,,,,,1.0,,1.0,,,1.0,,,,,,,97.0,,,Y,N1,A2600061,,,,,,,,,,,전라남도,구례군,,,,,,,,,,,,,,,,,,,,,,,,,,,,,,,,,,,,,,,,,,,,,,,,,2026-05-23 19:35:48
나주종합병원,061-330-6112,A2600016,,,,,,,,,,,,,Y,,Y,N1,N1,Y,4,N1,53.0,N1,20260523193430,N1,Y,,3.0,N1,10.0,,,,,,,,,3.0,,1.0,1.0,,2.0,,,,,,,178.0,,,Y,N1,A2600016,,,,,,,,,,,전라남도,나주시,,,,,,,,,,,,,,,,,,,,,,,,,,,,,,,,,,,,,,,,,,,,,,,,,2026-05-23 19:35:48
빛가람종합병원,061-820-0909,A2602211,,,,,,,,,1.0,,,,Y,,Y,N1,N1,Y,4,N1,27.0,N1,20260523193338,N1,Y,,4.0,N1,9.0,,,1.0,,,,,,4.0,,1.0,1.0,,2.0,,,,,,,192.0,,,Y,N1,A2602211,,,,,,,,,,,전라남도,나주시,,,,,,,,,,,,,,,,,,,,,,,,,,,,,,,,,,,,,,,,,,,,,,,,,2026-05-23 19:35:48
담양사랑병원,061-380-9119,A2600054,,,,,,,,,2.0,,,,Y,,Y,N1,N1,Y,6,N1,34.0,N1,20260523193446,N1,N1,,2.0,N1,6.0,,,2.0,,,,,,2.0,,1.0,,,1.0,,,,,,,86.0,,,Y,N1,A2600054,,,,,,,,,,,전라남도,담양군,,,,,,,,,,,,,,,,,,,,,,,,,,,,,,,,,,,,,,,,,,,,,,,,,2026-05-23 19:35:48
목포한국병원,061-270-5666,A2600011,Y,Y,,0.0,,3.0,2.0,,3.0,2.0,4.0,Y,Y,Y,Y,Y,Y,Y,9,Y,97.0,Y,20260523193131,Y,Y,,6.0,Y,16.0,3.0,2.0,3.0,20.0,,,,42.0,6.0,1.0,4.0,2.0,3.0,47.0,1.0,1.0,14.0,2.0,3.0,1.0,418.0,,1.0,Y,Y,A2600011,0.0,,11.0,27.0,1.0,,,1.0,2.0,,전라남도,목포시,,,,,4.0,2.0,,2.0,3.0,6.0,,20.0,40.0,2.0,,,2.0,6.0,,,,,,,,,,,,,,,,,,,,,,,,,,,,,,,2026-05-23 19:35:48
의료법인목포구암의료재단목포중앙병원,061-280-3119,A2600017,,,,,,,2.0,,2.0,,,,Y,Y,Y,Y,Y,Y,-1,N1,91.0,Y,20260523193422,N1,Y,,4.0,N1,16.0,,2.0,2.0,,,,,,4.0,,2.0,1.0,2.0,10.0,,,1.0,,1.0,,275.0,,,Y,N1,A2600017,2.0,0.0,8.0,16.0,2.0,49.0,,,,,전라남도,목포시,,,,,,,,,,,,,,,,,,,,,,,,,,,,,,,,,,,,,,,,,,,,,,,,,2026-05-23 19:35:48
의료법인해민의료재단 세안종합병원,061-260-6666,A2600007,,,,,,,,,2.0,,,,Y,,Y,N1,Y,Y,7,N1,58.0,N1,20260523193456,N1,Y,,2.0,N1,7.0,,,2.0,,,,,,2.0,,1.0,1.0,,7.0,,,1.0,,,,149.0,,,Y,N1,A2600007,1.0,29.0,2.0,17.0,2.0,208.0,,,,,전라남도,목포시,,,,,,,,,,,,,,,,,,,,,,,,,,,,,,,,,,,,,,,,,,,,,,,,,2026-05-23 19:35:48
목포기독병원,061-280-7119,A2600020,,,,,,,,,1.0,,,,Y,,Y,N1,Y,Y,7,N1,66.0,N1,20260523193445,N1,Y,,4.0,N1,17.0,,,1.0,,,,,,4.0,,1.0,2.0,,9.0,,,1.0,,,,340.0,,,Y,N1,A2600020,2.0,,3.0,14.0,3.0,,,,,,전라남도,목포시,2.0,2.0,,,,,,,,,,,,,,,,,,,,,,,,,,,,,,,,,,,,,,,,,,,,,,,2026-05-23 19:35:48
목포시의료원,061-260-6400,A2600022,,,,,,,,,1.0,,,,Y,,Y,N1,N1,Y,7,N1,46.0,N1,20260523193001,N1,Y,,3.0,N1,9.0,,,1.0,,,,,,3.0,,1.0,1.0,,1.0,,,,,,,254.0,,,Y,N1,A2600022,,9.0,,,,45.0,,,,,전라남도,목포시,,,,,,,,,,,,,,,,,,,,,,,,,,,,,,,,,,,,,,,,,,,,,,,,,2026-05-23 19:35:48
대송의료재단무안병원,061-450-3119,A2600003,,,,,,,,,1.0,,,,Y,,Y,N1,Y,Y,4,N1,75.0,N1,20260523193453,N1,Y,,2.0,N1,4.0,,,1.0,,,,,,2.0,,1.0,1.0,,1.0,,,1.0,,,,171.0,,,Y,N1,A2600003,,15.0,6.0,13.0,,105.0,,,,,전라남도,무안군,,,,,,,,,,,,,,,,,,,,,,,,,,,,,,,,,,,,,,,,,,,,,,,,,2026-05-23 19:35:48
보성아산병원,061-850-3119,A2600052,,,,,,,,,1.0,,,,Y,,Y,N1,N1,Y,6,N1,45.0,N1,20260523193001,N1,N1,,2.0,N1,8.0,,,1.0,,,,,,2.0,,1.0,,,2.0,,,,,,,100.0,,,Y,N1,A2600052,,,,,,,,,,,전라남도,보성군,,,,,,,,,,,,,,,,,,,,,,,,,,,,,,,,,,,,,,,,,,,,,,,,,2026-05-23 19:35:48
의료법인삼호의료재단벌교삼호병원,061-859-5119,A2600066,,,,,,,,,1.0,,,,Y,,Y,N1,N1,Y,6,N1,32.0,N1,20260523192644,N1,N1,,1.0,N1,6.0,,,1.0,,,,,,1.0,,1.0,,,1.0,,,,,,,80.0,,,Y,N1,A2600066,,75.0,,,,261.0,,,,,전라남도,보성군,,,,,,,,,,,,,,,,,,,,,,,,,,,,,,,,,,,,,,,,,,,,,,,,,2026-05-23 19:35:48
성가롤로병원,061-720-6119,A2600019,N,Y,,0.0,0.0,3.0,2.0,1.0,3.0,0.0,17.0,Y,Y,Y,Y,Y,Y,Y,2,Y,160.0,Y,20260523193356,Y,Y,,9.0,Y,18.0,4.0,2.0,3.0,25.0,7.0,11.0,,30.0,9.0,1.0,4.0,4.0,4.0,27.0,1.0,3.0,8.0,1.0,2.0,3.0,481.0,,4.0,Y,N,A2600019,0.0,,,,1.0,,,7.0,31.0,,전라남도,순천시,,,,,,,,,,,,,,,,,,,,,,,,,,,,0.0,,8.0,,,,,,,,,,,,,,,,,,,2026-05-23 19:35:48
순천제일병원,061-720-3800,A2600008,,,,,,,,,1.0,,,,Y,,Y,N1,N1,Y,9,N1,0.0,N1,20260523193336,N1,Y,,2.0,N1,9.0,,,1.0,,,,,,2.0,,1.0,1.0,,1.0,,,,,,,200.0,,,Y,N1,A2600008,,,,,,,,,,,전라남도,순천시,,,,,,,,,,,,,,,,,,,,,,,,,,,,,,,,,,,,,,,,,,,,,,,,,2026-05-23 19:35:48
전라남도순천의료원,061-759-9119,A2600056,,,,,,,1.0,,1.0,,,,Y,,Y,N1,N1,Y,3,N1,34.0,N1,20260523193502,N1,Y,,3.0,N1,6.0,,1.0,1.0,,,,,,3.0,,1.0,1.0,,13.0,,,,,,,164.0,,,Y,N1,A2600056,,15.0,2.0,7.0,,80.0,,11.0,15.0,,전라남도,순천시,,,,,,,,,,,,,,,,,,,,,,,,,,,,,,,,,,,,,,,,,,,,,,,,,2026-05-23 19:35:48
의료법인한국의료재단한국병원,061-740-5119,A2600005,,,,,,,,,1.0,,,,Y,,Y,N1,N1,Y,6,N1,69.0,N1,20260523193533,N1,Y,,3.0,N1,11.0,,,1.0,,,,,,3.0,,1.0,1.0,,4.0,,,,,,,229.0,,,Y,N1,A2600005,,,3.0,9.0,,,,,,,전라남도,순천시,,,,,,,,,,,,,,,,,,,,,,,,,,,,,,,,,,,,,,,,,,,,,,,,,2026-05-23 19:35:48
순천중앙병원,061-749-5119,A2600004,,,,,,,,,1.0,,,,Y,,Y,N1,N1,Y,3,N1,46.0,N1,20260523193346,N1,Y,,2.0,N1,5.0,,,1.0,,,,,,2.0,,1.0,1.0,,1.0,,,,,,,200.0,,,Y,N1,A2600004,,,,,,,,,,,전라남도,순천시,,,,,,,,,,,,,,,,,,,,,,,,,,,,,,,,,,,,,,,,,,,,,,,,,2026-05-23 19:35:48
의료법인신안대우병원,061-262-3309,A2600051,,,,,,,,,1.0,,,,Y,,Y,N1,N1,Y,4,N1,28.0,N1,20260523193237,N1,N1,,,N1,4.0,,,1.0,,,,,,,,1.0,,,1.0,,,,,,,30.0,,,Y,N1,A2600051,,,,,,,,,,,전라남도,신안군,,,,,,,,,,,,,,,,,,,,,,,,,,,,,,,,,,,,,,,,,,,,,,,,,2026-05-23 19:35:48
여천전남병원,061-690-6118,A2600014,,,,,,,1.0,,2.0,,,,Y,Y,Y,Y,Y,Y,15,N1,116.0,N1,20260523193201,N1,Y,,5.0,N1,17.0,,1.0,2.0,,,,,,5.0,,2.0,2.0,1.0,6.0,,,1.0,,,,299.0,,,Y,N1,A2600014,,,3.0,14.0,,,,,,,전라남도,여수시,,,,,,,,,,,,,,,,,,,,,,,,,,,,,,,,,,,,,,,,,,,,,,,,,2026-05-23 19:35:48
의료법인한마음의료재단여수제일병원,061-689-8119,A2600027,,Y,,,,,,,1.0,,,Y,Y,,Y,N1,Y,Y,2,Y,57.0,N1,20260523193440,Y,Y,,6.0,N1,9.0,,,1.0,,,,,,6.0,1.0,2.0,2.0,,5.0,,3.0,2.0,1.0,,,365.0,,,Y,N1,A2600027,1.0,,11.0,13.0,1.0,,,,,,전라남도,여수시,,,,,,,,,,,,,,,,,,,,,,,,,,,,,,,,,,,,,,,,,,,,,,,,,2026-05-23 19:35:48
여수전남병원,061-640-7118,A2600010,,,,,,,,,1.0,,,,Y,,Y,N1,Y,Y,5,N1,24.0,N1,20260523193424,N1,Y,,4.0,N1,10.0,,,1.0,,,,,,4.0,,2.0,1.0,,8.0,,,1.0,,,,272.0,,,Y,N1,A2600010,,,2.0,11.0,,,,,,,전라남도,여수시,,,,,,,,,,,,,,,,,,,,,,,,,,,,,,,,,,,,,,,,,,,,,,,,,2026-05-23 19:35:48
의료법인 거명의료재단 영광기독병원,061-350-3080,A2600034,,,,,,,,,1.0,,,,Y,,Y,N1,N1,Y,2,N1,47.0,N1,20260523193211,N1,Y,,2.0,N1,10.0,,,1.0,,,,,,2.0,,1.0,1.0,,3.0,,,,,,,195.0,,,Y,N1,A2600034,,,1.0,11.0,,,,,,,전라남도,영광군,,,,,,,,,,,,,,,,,,,,,,,,,,,,,,,,,,,,,,,,,,,,,,,,,2026-05-23 19:35:48
영광종합병원,061-350-8129,A2600015,,Y,,,,,,,1.0,,,Y,Y,,Y,N1,N1,Y,6,N1,35.0,N1,20260523193449,Y,Y,,3.0,N1,10.0,,,1.0,,,,,,3.0,1.0,1.0,1.0,,4.0,,1.0,,,,,259.0,,,Y,N1,A2600015,,,1.0,7.0,,,,,,,전라남도,영광군,2.0,2.0,,,,,,,,,,,,,,,,,,,,,,,,,,,,,,,,,,,,,,,,,,,,,,,2026-05-23 19:35:48
영암한국병원,061-470-7118,A2600070,,,,,,,,,0.0,,,,Y,,Y,N1,N1,Y,7,N1,30.0,N1,20260523193238,N1,N1,,2.0,N1,8.0,,,1.0,,,,,,2.0,,1.0,,,1.0,,,,,,,126.0,,,Y,N1,A2600070,,36.0,,,,172.0,,,,,전라남도,영암군,,,,,,,,,,,,,,,,,,,,,,,,,,,,,,,,,,,,,,,,,,,,,,,,,2026-05-23 19:35:48
완도대성병원,061-554-9500,A2600032,,,,,,,,,1.0,,,,Y,,Y,N1,N1,Y,3,N1,45.0,N1,20260523193506,N1,N1,,1.0,N1,5.0,,,1.0,,,,,,1.0,,1.0,,,1.0,,,,,,,98.0,,,Y,N1,A2600032,,,,,,,,,,,전라남도,완도군,,,,,,,,,,,,,,,,,,,,,,,,,,,,,,,,,,,,,,,,,,,,,,,,,2026-05-23 19:35:48
의료법인행복나눔의료재단장성병원,061-390-9119,A2600035,,,,,,,,,1.0,,,,Y,,Y,N1,N1,Y,4,N1,41.0,N1,20260523193447,N1,N1,,,N1,4.0,,,1.0,,,,,,1.0,,1.0,,,,,,,,,,109.0,,,N1,N1,A2600035,,,,,,16.0,,,,,전라남도,장성군,,,,,,,,,,,,,,,,,,,,,,,,,,,,,,,,,,,,,,,,,,,,,,,,,2026-05-23 19:35:48
의료법인우범의료재단장흥종합병원,061-860-1119,A2600021,,,,,,,,,1.0,,,,Y,,Y,N1,N1,Y,7,N1,17.0,N1,20260523193528,N1,Y,,2.0,N1,9.0,,,1.0,,,,,,2.0,,1.0,1.0,,1.0,,,,,,,182.0,,,Y,N1,A2600021,,,,,,,,,,,전라남도,장흥군,,,,,,,,,,,,,,,,,,,,,,,,,,,,,,,,,,,,,,,,,,,,,,,,,2026-05-23 19:35:48
장흥우리병원,061-860-0119,A2600037,,,,,,,,,1.0,,,,Y,,Y,N1,N1,Y,4,N1,63.0,N1,20260523192802,N1,Y,,2.0,N1,4.0,,,1.0,,,,,,2.0,,1.0,1.0,,1.0,,,,,,,140.0,,,Y,N1,A2600037,,,2.0,5.0,,,,,,,전라남도,장흥군,,,,,,,,,,,,,,,,,,,,,,,,,,,,,,,,,,,,,,,,,,,,,,,,,2026-05-23 19:35:48
진도한국병원,061-544-2310,A2600040,,,,,,,,,1.0,,,,,,Y,N1,N1,N1,4,N1,28.0,N1,20260523193419,N1,N1,,,N1,4.0,,,1.0,,,,,,,,,,,,,,,,,,40.0,,,N1,N1,A2600040,,,,,,,,,,,전라남도,진도군,,,,,,,,,,,,,,,,,,,,,,,,,,,,,,,,,,,,,,,,,,,,,,,,,2026-05-23 19:35:48
해남우리종합병원,061-530-7119,A2600077,,,,,,,,,4.0,,,,Y,,Y,N1,N1,Y,11,N1,75.0,N1,20260523193431,N1,Y,,2.0,N1,15.0,,,4.0,,,,,,2.0,,2.0,1.0,,9.0,,,,,,,342.0,,,Y,N1,A2600077,2.0,60.0,6.0,23.0,2.0,60.0,5.0,,,24.0,전라남도,해남군,,,,,,,,,,,,,,,,,,,,,,,,,,,,,,,,,,,,,,,,,,,,,,,,,2026-05-23 19:35:48
의료법인행촌의료재단해남종합병원,061-530-0119,A2600009,,,,,,,,,1.0,,,Y,Y,,Y,N1,N1,Y,7,N1,147.0,N1,20260523193501,N1,Y,,3.0,N1,10.0,,,1.0,,,,,,3.0,1.0,1.0,1.0,,1.0,,,,,,,351.0,,,Y,N1,A2600009,,,2.0,18.0,,,18.0,,,18.0,전라남도,해남군,,,,,,,,,,,,,,,,,,,,,,,,,,,,,,,,,,,,,,,,,,,,,,,,,2026-05-23 19:35:48
화순전남대학교병원,061-379-8882,A2600001,,Y,,,7.0,1.0,,10.0,2.0,,,,Y,Y,Y,Y,Y,Y,13,Y,146.0,N1,20260523193500,Y,Y,1.0,12.0,N1,16.0,1.0,,2.0,,10.0,12.0,1.0,,12.0,,5.0,4.0,2.0,31.0,,1.0,7.0,1.0,,,548.0,,,Y,N1,A2600001,2.0,,,,2.0,,,5.0,5.0,,전라남도,화순군,,,,,,,,,,,,,,,,,,,,,1.0,4.0,,,1.0,4.0,,,,,,,,,,,,,,,,,,,,,,,2026-05-23 19:35:48
의료법인석천재단고창병원,063-560-5558,A2500009,,,,,,,,,1.0,,,,Y,,Y,N1,N1,Y,7,N1,3.0,N1,20260523193504,N1,Y,,2.0,N1,10.0,,,1.0,,,,,,2.0,,1.0,1.0,,4.0,,,,,,,258.0,,,Y,N1,A2500009,,,,,,,,,,,전북특별자치도,고창군,,,,,,,,,,,,,,,,,,,,,,,,,,,,,,,,,,,,,,,,,,,,,,,,,2026-05-23 19:35:48
전북특별자치도군산의료원,063-472-5130,A2500007,,Y,,,,,1.0,,2.0,,,Y,Y,,Y,N1,N1,Y,4,N1,112.0,N1,20260523193301,Y,Y,,6.0,N1,17.0,,1.0,2.0,,,,,,6.0,1.0,1.0,1.0,,18.0,,2.0,,,,,292.0,,,Y,N1,A2500007,1.0,,11.0,20.0,2.0,,,,,,전북특별자치도,군산시,,,,,,,,,,,,,,,,,,,,,,,,,,,,,,,,,,,,,,,,,,,,,,,,,2026-05-23 19:35:48
의료법인오성의료재단동군산병원,063-440-0516,A2500012,,,,,,,1.0,,5.0,,,,Y,Y,Y,Y,Y,Y,10,N1,50.0,N1,20260523193521,N1,Y,,6.0,N1,17.0,,1.0,5.0,,,,,,6.0,,2.0,2.0,2.0,13.0,,,2.0,,,,265.0,,,Y,N1,A2500012,,,7.0,26.0,,,0.0,,,0.0,전북특별자치도,군산시,,,,,,,,,,,,,,,,,,,,,,,,,,,,,,,,,,,,,,,,,,,,,,,,,2026-05-23 19:35:48
김제우석병원,063-540-5119,A2500038,,,,,,,,,1.0,,,,Y,,Y,N1,N1,Y,9,N1,80.0,N1,20260523193332,N1,Y,,2.0,N1,10.0,,,1.0,,,,,,2.0,,1.0,1.0,,1.0,,,,,,,200.0,,,Y,N1,A2500038,,,,,,,,,,,전북특별자치도,김제시,,,,,,,,,,,,,,,,,,,,,,,,,,,,,,,,,,,,,,,,,,,,,,,,,2026-05-23 19:35:48
전북특별자치도남원의료원,063-620-1119,A2500004,,Y,,,,,1.0,,2.0,,,Y,Y,,Y,N1,N1,Y,16,N1,111.0,N1,20260523193501,Y,Y,,3.0,N1,17.0,,1.0,2.0,,,,,,3.0,3.0,2.0,1.0,,10.0,,1.0,,,,,238.0,,,Y,N1,A2500004,1.0,,2.0,9.0,1.0,,,,,,전북특별자치도,남원시,,,,,,,,,,,,,,,,,,,,,,,,,,,,,,,,,,,,,,,,,,,,,,,,,2026-05-23 19:35:48
무주군보건의료원,063-320-8315,E2500019,,,,,,,,,1.0,,,,Y,,Y,N1,N1,Y,4,N1,24.0,N1,20260523193500,N1,N1,,,N1,4.0,,,1.0,,,,,,,,1.0,,,1.0,,,,,,,24.0,,,Y,N1,E2500019,,,,,,,,,,,전북특별자치도,무주군,,,,,,,,,,,,,,,,,,,,,,,,,,,,,,,,,,,,,,,,,,,,,,,,,2026-05-23 19:35:48
부안성모병원,063-580-8119,A2500010,,,,,,,,,2.0,,,,Y,,Y,N1,N1,Y,6,N1,16.0,N1,20260523193032,N1,Y,,3.0,N1,10.0,,,2.0,,,,,,3.0,,1.0,1.0,,2.0,,,,,,,240.0,,,Y,N1,A2500010,,,9.0,9.0,,,,,,,전북특별자치도,부안군,,,,,,,,,,,,,,,,,,,,,,,,,,,,,,,,,,,,,,,,,,,,,,,,,2026-05-23 19:35:48
순창군보건의료원,063-650-5352,E2500021,,,,,,,,,1.0,,,,Y,,Y,N1,N1,Y,9,N1,30.0,N1,20260523193501,N1,N1,,,N1,9.0,,,1.0,,,,,,,,1.0,,,1.0,,,,,,,30.0,,,Y,N1,E2500021,,,,,,,,,,,전북특별자치도,순창군,,,,,,,,,,,,,,,,,,,,,,,,,,,,,,,,,,,,,,,,,,,,,,,,,2026-05-23 19:35:48
원광대학교병원,063-859-1165,A2500001,Y,Y,,2.0,2.0,3.0,,2.0,,2.0,18.0,Y,Y,Y,Y,Y,Y,Y,10,Y,165.0,Y,20260523193515,Y,Y,3.0,14.0,Y,26.0,3.0,,,18.0,8.0,15.0,15.0,31.0,15.0,1.0,5.0,3.0,4.0,65.0,11.0,15.0,4.0,1.0,1.0,2.0,543.0,,2.0,Y,Y,A2500001,1.0,3.0,8.0,15.0,7.0,30.0,,0.0,2.0,,전북특별자치도,익산시,,,,,19.0,2.0,,1.0,6.0,6.0,,20.0,40.0,2.0,,,2.0,6.0,,,2.0,3.0,,,2.0,3.0,,2.0,,8.0,,,,,,,,,,,,,,,,,,,2026-05-23 19:35:48
의료법인대산의료재단익산병원,063-840-9112,A2500011,,,,,,,1.0,,2.0,,,,Y,Y,Y,Y,N1,Y,13,N1,55.0,N1,20260523193506,N1,Y,,5.0,N1,17.0,,1.0,2.0,,,,,,5.0,,2.0,2.0,1.0,7.0,,,,,,,333.0,,,Y,N1,A2500011,0.0,,9.0,17.0,1.0,,,,,,전북특별자치도,익산시,,,,,,,,,,,,,,,,,,,,,,,,,,,,,,,,,,,,,,,,,,,,,,,,,2026-05-23 19:35:48
임실군보건의료원,063-640-3119,E2500022,,,,,,,,,1.0,,,,Y,,Y,N1,N1,Y,4,N1,,N1,20260523193500,N1,N1,,,N1,4.0,,,1.0,,,,,,,,1.0,,,1.0,,,,,,,,,,Y,N1,E2500022,,,,,,,,,,,전북특별자치도,임실군,,,,,,,,,,,,,,,,,,,,,,,,,,,,,,,,,,,,,,,,,,,,,,,,,2026-05-23 19:35:48
장수군보건의료원,063-350-2119,E2500020,,,,,,,,,1.0,,,,,,Y,N1,N1,N1,4,N1,21.0,N1,20260523193500,N1,N1,,,N1,5.0,,,1.0,,,,,,,,,,,1.0,,,,,,,22.0,,,Y,N1,E2500020,,,,,,,,,,,전북특별자치도,장수군,,,,,,,,,,,,,,,,,,,,,,,,,,,,,,,,,,,,,,,,,,,,,,,,,2026-05-23 19:35:48
전북대학교병원,063-250-1131,A2500002,Y,Y,2.0,0.0,2.0,3.0,,2.0,,4.0,7.0,Y,Y,Y,Y,Y,Y,Y,22,Y,331.0,Y,20260523193513,Y,Y,7.0,21.0,N1,36.0,5.0,,,17.0,10.0,8.0,25.0,30.0,21.0,3.0,5.0,5.0,6.0,109.0,15.0,26.0,12.0,9.0,2.0,,820.0,2.0,1.0,Y,Y,A2500002,0.0,4.0,,,2.0,7.0,,15.0,15.0,,전북특별자치도,전주시,,,,,,,1.0,,,,11.0,,,,,,,,,,2.0,5.0,,,2.0,5.0,6.0,5.0,10.0,15.0,,,,,,,,,,,,,,,,,,,2026-05-23 19:35:48
대자인병원,063-250-8701,A2500056,,,,,,,1.0,5.0,2.0,,,,Y,Y,Y,Y,Y,Y,23,Y,27.0,N1,20260523193307,N1,Y,,14.0,Y,33.0,,1.0,2.0,,,36.0,,,15.0,,4.0,3.0,2.0,12.0,,,4.0,2.0,,1.0,45.0,,,Y,N1,A2500056,2.0,,3.0,15.0,4.0,,,,,,전북특별자치도,전주시,,,,,,,,,,,,,,,,,,,,1.0,,,,,,,,,,,,,,,,,,,,,,,,,,,,,2026-05-23 19:35:48
재단법인예수병원유지재단예수병원,063-230-8280,A2500006,Y,Y,,,,3.0,1.0,,0.0,,,Y,Y,Y,Y,Y,Y,Y,26,Y,178.0,N1,20260523193228,Y,Y,8.0,14.0,Y,38.0,10.0,1.0,2.0,,,,12.0,,14.0,4.0,4.0,3.0,4.0,40.0,6.0,11.0,7.0,2.0,,2.0,685.0,,,Y,Y,A2500006,4.0,,3.0,23.0,4.0,,,0.0,5.0,,전북특별자치도,전주시,,,,,,,4.0,,,,14.0,,,,,,,,,,,,,,,,,,,,1.0,,,,,1.0,,,,,,,1.0,2.0,1.0,2.0,6.0,1.0,2026-05-23 19:35:48
의료법인영경의료재단전주병원,063-226-6119,A2500005,,,,,,,1.0,,2.0,,,,Y,,Y,N1,Y,Y,9,N1,15.0,N1,20260523193307,N1,Y,,3.0,N1,17.0,,1.0,2.0,,,,,,3.0,,1.0,2.0,,6.0,,,1.0,,,,275.0,,,Y,N1,A2500005,,,0.0,9.0,,,,,,,전북특별자치도,전주시,,,,,,,,,,,,,,,,,,,,,,,,,,,,,,,,,,,,,,,,,,,,,,,,,2026-05-23 19:35:48
의료법인영경의료재단호성전주병원,063-240-8862,A2501890,,,,,,,,,1.0,,,,Y,,Y,N1,N1,Y,2,N1,7.0,N1,20260523193456,N1,Y,,2.0,N1,9.0,,,1.0,,,,,,2.0,,1.0,1.0,,1.0,,,,,,,122.0,,,Y,N1,A2501890,,,,,,,,,,,전북특별자치도,전주시,,,,,,,,,,,,,,,,,,,,,,,,,,,,,,,,,,,,,,,,,,,,,,,,,2026-05-23 19:35:48
새강병원,063-289-9119,A2502742,,,0.0,,0.0,1.0,1.0,0.0,2.0,0.0,,,Y,,Y,N1,N1,Y,7,N1,77.0,N1,20260523193505,N1,Y,,5.0,N1,14.0,3.0,1.0,2.0,0.0,0.0,0.0,,,5.0,,1.0,1.0,,1.0,,,,,,,201.0,0.0,,Y,N1,A2502742,3.0,,16.0,16.0,3.0,,,0.0,0.0,,전북특별자치도,전주시,,,,,,0.0,,,,,,,,0.0,,,,,,,0.0,0.0,,,0.0,0.0,,,,,0.0,,,,,0.0,,,,,,,,,0.0,,0.0,,2026-05-23 19:35:48
재단법인 아산사회복지재단 정읍아산병원,063-530-6129,A2500008,,,,,,,1.0,,2.0,,,,Y,,Y,N1,N1,Y,10,N1,94.0,N1,20260523193000,N1,Y,,3.0,N1,17.0,,1.0,2.0,,,,,,3.0,,1.0,1.0,,5.0,,,,,,,276.0,,,Y,N1,A2500008,,,5.0,11.0,,,,,,,전북특별자치도,정읍시,,,,,,,,,,,,,,,,,,,,,,,,,,,,,,,,,,,,,,,,,,,,,,,,,2026-05-23 19:35:48
진안군의료원,063-430-7119,A2502031,,,,,,,,,2.0,,,,Y,,Y,N1,N1,Y,-1,N1,41.0,N1,20260523193501,N1,Y,,2.0,N1,6.0,,,2.0,,,,,,2.0,,1.0,1.0,,3.0,,,,,,,74.0,,,Y,N1,A2502031,,,,,,,,,,,전북특별자치도,진안군,,,,,,,,,,,,,,,,,,,,,,,,,,,,,,,,,,,,,,,,,,,,,,,,,2026-05-23 19:35:48
제주특별자치도서귀포의료원,064-730-3001,A2900002,,Y,,,,4.0,1.0,,4.0,,,Y,Y,Y,Y,Y,Y,Y,2,N1,85.0,N1,20260523193402,Y,Y,,4.0,Y,16.0,4.0,1.0,4.0,,,,,,4.0,1.0,2.0,1.0,1.0,16.0,,4.0,3.0,,,1.0,252.0,,,Y,N1,A2900002,3.0,1.0,9.0,15.0,3.0,26.0,,,,,제주특별자치도,서귀포시,,,,,,,,,,,,,,,,,,,,,,,,,,,,,,,,,,,,,,,,,,,,,,,,,2026-05-23 19:35:48
제주한라병원,064-740-5159,A2900001,Y,Y,0.0,0.0,,3.0,2.0,,3.0,5.0,15.0,Y,Y,Y,Y,Y,Y,Y,0,Y,166.0,Y,20260523193556,Y,Y,2.0,6.0,N1,15.0,3.0,2.0,3.0,14.0,,,7.0,30.0,6.0,2.0,3.0,2.0,3.0,47.0,4.0,8.0,9.0,4.0,2.0,,414.0,4.0,2.0,Y,Y,A2900001,,,13.0,15.0,,,,,,,제주특별자치도,제주시,,,,,6.0,2.0,,2.0,6.0,12.0,,20.0,40.0,2.0,,,2.0,6.0,,,,,,,,,,,,,,,4.0,,,,,4.0,,,,,,,,,,,2026-05-23 19:35:48
제주대학교병원,064-717-1903,A2900007,Y,Y,,,5.0,,1.0,2.0,4.0,,,Y,Y,Y,Y,Y,Y,Y,0,Y,153.0,Y,20260523193500,Y,Y,7.0,12.0,N1,20.0,,1.0,5.0,,12.0,12.0,16.0,,12.0,3.0,2.0,2.0,4.0,45.0,8.0,17.0,10.0,5.0,3.0,,458.0,,,Y,Y,A2900007,,4.0,,,,20.0,,1.0,9.0,,제주특별자치도,제주시,,,,,,,,,,,,,,,,,,,,,,,,,,,1.0,1.0,3.0,6.0,,,,,,,,,,,,,,,,,,,2026-05-23 19:35:48
한마음병원,064-750-9119,A2900005,,,,,,,1.0,,0.0,,,,Y,Y,Y,Y,Y,Y,2,N1,80.0,N1,20260523193519,N1,Y,,4.0,N1,17.0,,1.0,2.0,,,,,,4.0,,1.0,1.0,1.0,6.0,,,2.0,,,,216.0,,,Y,N1,A2900005,,,5.0,12.0,,,,,,,제주특별자치도,제주시,,,,,,,,,,,,,,,,,,,,,,,,,,,,,,,,,,,,,,,,,,,,,,,,,2026-05-23 19:35:48
의료법인중앙의료재단중앙병원,064-786-7777,A2900006,,,,,,1.0,1.0,,2.0,,,,Y,Y,Y,Y,Y,Y,8,Y,109.0,N1,20260523193459,N1,Y,,3.0,N1,16.0,1.0,1.0,2.0,,,,,,3.0,,1.0,1.0,2.0,10.0,,,2.0,1.0,,,281.0,,,Y,N1,A2900006,1.0,,10.0,16.0,1.0,,,,,,제주특별자치도,제주시,,,,,,,,,,,,,,,,,,,,,,,,,,,,,,,,,,,,,,,,,,,,,,,,,2026-05-23 19:35:48
의료법인 혜인의료재단 한국병원,064-750-0160,A2900003,,,,,,,,,0.0,,,,Y,,Y,N1,N1,Y,3,N1,71.0,N1,20260523193432,N1,Y,,3.0,N1,9.0,,,1.0,,,,,,3.0,,1.0,1.0,,6.0,,,,,,,209.0,,,Y,N1,A2900003,,,6.0,10.0,,,,,,,제주특별자치도,제주시,,,,,,,,,,,,,,,,,,,,,,,,,,,,,,,,,,,,,,,,,,,,,,,,,2026-05-23 19:35:48
충청남도공주의료원,041-962-1365,A2400010,,,,,,,,,1.0,,,,Y,,Y,N1,Y,Y,13,N1,59.0,N1,20260523193002,N1,Y,,6.0,N1,15.0,,,1.0,,,,,,6.0,,1.0,1.0,,9.0,,,2.0,,,,273.0,,,Y,N1,A2400010,,,2.0,16.0,,,,4.0,6.0,,충청남도,공주시,,,,,,,,,,,,,,,,,,,,,,,,,,,,,,,,,,,,,,,,,,,,,,,,,2026-05-23 19:35:48
의료법인백제병원,041-730-8882,A2400009,,,,,,,1.0,,2.0,,,,Y,Y,Y,Y,Y,Y,18,N1,27.0,N1,20260523193250,N1,Y,,4.0,N1,20.0,,1.0,2.0,,,,,,4.0,,2.0,2.0,1.0,11.0,,,3.0,,,,398.0,,,Y,N1,A2400009,,14.0,-5.0,26.0,,49.0,,,,,충청남도,논산시,,,,,,,,,,,,,,,,,,,,,,,,,,,,,,,,,,,,,,,,,,,,,,,,,2026-05-23 19:35:48
당진종합병원,041-358-3624,A2400008,,,,,,,1.0,,2.0,,,,Y,Y,Y,Y,Y,Y,7,N1,89.0,N1,20260523193255,N1,Y,,4.0,N1,17.0,,1.0,2.0,,,,,,4.0,,2.0,2.0,1.0,5.0,,,1.0,,,,246.0,,,Y,N1,A2400008,,,1.0,13.0,,,,,,,충청남도,당진시,,,,,,,,,,,,,,,,,,,,,,,,,,,,,,,,,,,,,,,,,,,,,,,,,2026-05-23 19:35:48
재단법인아산사회복지재단보령아산병원,041-930-5333,A2400011,,,,,,,1.0,,2.0,,,,Y,,Y,N1,N1,Y,15,N1,97.0,N1,20260523193000,N1,Y,,2.0,N1,17.0,,1.0,2.0,,,,,,2.0,,1.0,1.0,,4.0,,,,,,,221.0,,,Y,N1,A2400011,,,4.0,8.0,,,,,,,충청남도,보령시,,,,,,,,,,,,,,,,,,,,,,,,,,,,,,,,,,,,,,,,,,,,,,,,,2026-05-23 19:35:48
학교법인건양교육재단건양대학교부여병원,041-837-1201,A2400038,,,,,,,,,1.0,,,,Y,,Y,N1,N1,Y,4,N1,20.0,N1,20260523193429,N1,N1,,1.0,N1,9.0,,,1.0,,,,,,1.0,,1.0,,,1.0,,,,,,,55.0,,,Y,N1,A2400038,,,,,,,,,,,충청남도,부여군,,,,,,,,,,,,,,,,,,,,,,,,,,,,,,,,,,,,,,,,,,,,,,,,,2026-05-23 19:35:48
서산중앙병원,041-661-1195,A2400003,,,,,,,1.0,,2.0,,,,Y,,Y,N1,Y,Y,10,N1,40.0,N1,20260523193004,N1,Y,,4.0,N1,17.0,,1.0,2.0,,,,,,4.0,,1.0,1.0,,7.0,,,1.0,,,,288.0,,,Y,N1,A2400003,,,2.0,17.0,,,,,,,충청남도,서산시,,,,,,,,,,,,,,,,,,,,,,,,,,,,,,,,,,,,,,,,,,,,,,,,,2026-05-23 19:35:48
충청남도서산의료원,041-689-7119,A2400006,,,,,,,1.0,,2.0,,,,Y,,Y,N1,N1,Y,5,N1,57.0,N1,20260523193103,N1,Y,,3.0,N1,17.0,,1.0,2.0,,,,,,3.0,,2.0,1.0,,10.0,,,,,,,263.0,,,Y,N1,A2400006,,,0.0,10.0,,,,5.0,5.0,,충청남도,서산시,,,,,,,,,,,,,,,,,,,,,,,,,,,,,,,,,,,,,,,,,,,,,,,,,2026-05-23 19:35:48
의료법인 서해병원,041-950-0219,A2400044,,,,,,,,,2.0,,,,Y,,Y,N1,N1,Y,5,N1,35.0,N1,20260523193507,N1,N1,,,N1,5.0,,,2.0,,,,,,,,1.0,,,1.0,,,,,,,79.0,,,Y,N1,A2400044,,,,,,,,,,,충청남도,서천군,,,,,,,,,,,,,,,,,,,,,,,,,,,,,,,,,,,,,,,,,,,,,,,,,2026-05-23 19:35:48
아산충무병원,041-536-6519,A2402257,,,,,,,,,,,,Y,Y,Y,Y,Y,Y,Y,8,Y,218.0,Y,20260523193051,N1,Y,,3.0,N1,13.0,,,,,,,,,4.0,1.0,2.0,2.0,3.0,27.0,,,4.0,2.0,1.0,,456.0,,,Y,N1,A2402257,2.0,,8.0,22.0,2.0,,,,,,충청남도,아산시,,,5.0,,,,,,,,,,,,5.0,,,,,,1.0,7.0,,,1.0,7.0,,,,,,,,,,,,,,,,,,,,,,,2026-05-23 19:35:48
현대병원,041-546-7744,A2400039,N,N,,,,,,,1.0,,,N,Y,N,Y,N,N,Y,1,N,15.0,N,20260523193001,N,Y,,3.0,N,10.0,,,1.0,,,,,,3.0,0.0,1.0,1.0,0.0,3.0,0.0,0.0,0.0,0.0,0.0,0.0,84.0,,,Y,N,A2400039,,,3.0,7.0,,,,,,,충청남도,아산시,,,,,,,0.0,,,,0.0,,,,,,,,,0.0,,,,,,,,,,,,,,,,,,,,,,,,,,,,,2026-05-23 19:35:48
의료법인예당의료재단예산종합병원,041-330-4119,A2400004,,,,,,,,,1.0,,,,Y,,Y,N1,N1,Y,3,N1,11.0,N1,20260523193514,N1,Y,,0.0,N1,6.0,,,1.0,,,,,,0.0,,0.0,0.0,,0.0,,,,,,,88.0,,,Y,N1,A2400004,,,2.0,9.0,,,,,,,충청남도,예산군,,,,,,,,,,,,,,,,,,,,,,,,,,,,,,,,,,,,,,,,,,,,,,,,,2026-05-23 19:35:48
단국대학교의과대학부속병원,041-550-6840,A2400002,Y,Y,,1.0,,3.0,,2.0,1.0,5.0,27.0,Y,Y,Y,Y,Y,Y,Y,9,Y,236.0,Y,20260523193500,Y,Y,3.0,13.0,Y,25.0,4.0,,1.0,18.0,,13.0,25.0,30.0,13.0,3.0,4.0,3.0,6.0,6.0,14.0,29.0,15.0,7.0,17.0,1.0,640.0,,2.0,Y,Y,A2400002,0.0,11.0,,,1.0,20.0,,0.0,8.0,,충청남도,천안시,,,7.0,,3.0,2.0,3.0,2.0,6.0,5.0,13.0,20.0,40.0,2.0,7.0,,2.0,6.0,,,2.0,2.0,,,2.0,2.0,,,,,,,,,,,,,,,,,,,,,,,2026-05-23 19:35:48
학교법인동은학원순천향대학교부속천안병원,041-590-7019,A2400001,Y,Y,1.0,,3.0,8.0,4.0,2.0,2.0,4.0,8.0,Y,Y,Y,Y,Y,Y,Y,8,Y,201.0,Y,20260523193122,Y,Y,-3.0,19.0,Y,22.0,14.0,4.0,3.0,17.0,18.0,15.0,28.0,30.0,19.0,11.0,6.0,4.0,6.0,60.0,16.0,37.0,6.0,6.0,10.0,1.0,631.0,1.0,,Y,Y,A2400001,5.0,,,,6.0,,,6.0,14.0,,충청남도,천안시,,,,,,,,,,,,,,,,,,,,1.0,,,,,,,,,,,2.0,,,,,3.0,,,,,,,1.0,2.0,2.0,2.0,6.0,1.0,2026-05-23 19:35:48
의료법인영서의료재단천안충무병원,041-570-7519,A2400012,,,,,,,1.0,,4.0,,,,Y,Y,Y,Y,Y,Y,10,Y,59.0,N1,20260523193125,N1,Y,,5.0,N1,16.0,,1.0,4.0,,,,,,5.0,,2.0,2.0,3.0,26.0,,,3.0,3.0,,,333.0,,,Y,N1,A2400012,0.0,,0.0,19.0,3.0,,,,,,충청남도,천안시,,,,,,,0.0,,,,7.0,,,,,,,,,,,,,,,,,,,,,,,,,,,,,,,,,,,,,,2026-05-23 19:35:48
충청남도천안의료원,041-570-7119,A2400005,,,,,,,,,1.0,,,,Y,,Y,N1,N1,Y,11,N1,61.0,N1,20260523193501,N1,Y,,4.0,N1,12.0,,,1.0,,,,,,4.0,,1.0,1.0,,10.0,,,,,,,241.0,,,Y,N1,A2400005,,,3.0,15.0,,,6.0,,,6.0,충청남도,천안시,,,,,,,,,,,,,,,,,,,,,,,,,,,,,,,,,,,,,,,,,,,,,,,,,2026-05-23 19:35:48
청양군보건의료원,041-940-4951,E2400032,,,,,,,,,1.0,,,,Y,,Y,N1,N1,Y,5,N1,12.0,N1,20260523193500,N1,N1,,1.0,N1,6.0,,,1.0,,,,,,1.0,,1.0,,,1.0,,,,,,,12.0,,,Y,N1,E2400032,,,,,,,,,,,충청남도,청양군,,,,,,,,,,,,,,,,,,,,,,,,,,,,,,,,,,,,,,,,,,,,,,,,,2026-05-23 19:35:48
태안군보건의료원,041-671-5319,E2400033,,,,,,,,,1.0,,,,Y,,Y,N1,N1,Y,9,N1,22.0,N1,20260523193501,N1,N1,,,N1,10.0,,,1.0,,,,,,,,1.0,,,1.0,,,,,,,34.0,,,Y,N1,E2400033,,,,,,,,,,,충청남도,태안군,,,,,,,,,,,,,,,,,,,,,,,,,,,,,,,,,,,,,,,,,,,,,,,,,2026-05-23 19:35:48
충청남도홍성의료원,041-630-6119,A2400007,,,,,,-1.0,1.0,,2.0,,,Y,Y,N,Y,N,N1,Y,7,N1,80.0,N1,20260523193301,N1,Y,,4.0,N,18.0,1.0,1.0,2.0,,,,,,4.0,1.0,2.0,2.0,1.0,10.0,,,,,,2.0,263.0,,,Y,N1,A2400007,1.0,3.0,3.0,24.0,1.0,49.0,,1.0,1.0,,충청남도,홍성군,,,,,,,,,,,,,,,,,,,,,,,,,,,,,,,,,,,,,,,,,,,,,,,,,2026-05-23 19:35:48
의료법인대광의료재단괴산성모병원,043-830-5419,A2300034,,,,,,,,,0.0,,,,Y,,Y,N1,N1,Y,8,N1,20.0,N1,20260523193444,N1,Y,,1.0,N1,9.0,,,1.0,,,,,,1.0,,1.0,1.0,,3.0,,,,,,,153.0,,,Y,N1,A2300034,,,,,,,,,,,충청북도,괴산군,,,,,,,,,,,,,,,,,,,,,,,,,,,,,,,,,,,,,,,,,,,,,,,,,2026-05-23 19:35:48
단양군보건의료원,043-420-0139,E2300011,,,,,,,1.0,,,,,,Y,,Y,N1,N1,Y,6,N1,14.0,N1,20260523193501,N1,N1,,,N1,6.0,,1.0,,,,,,,,,1.0,,,1.0,,,,,,,14.0,,,Y,N1,E2300011,,,,,,,,2.0,2.0,,충청북도,단양군,,,,,,,,,,,,,,,,,,,,,,,,,,,,,,,,,,,,,,,,,,,,,,,,,2026-05-23 19:35:48
의료법인조윤의료재단영동병원,043-740-9333,A2300030,,Y,,,,,,,,,,Y,Y,,Y,N1,N1,Y,10,N1,9.0,N1,20260523193008,Y,Y,,2.0,N1,10.0,,,,,,,,,2.0,1.0,1.0,1.0,,3.0,,1.0,,,,,161.0,,,Y,N1,A2300030,,,,,,,,,,,충청북도,영동군,,,,,,,,,,,,,,,,,,,,,,,,,,,,,,,,,,,,,,,,,,,,,,,,,2026-05-23 19:35:48
의료법인힐링의료재단옥천성모병원,043-730-7119,A2300011,,,,,,,2.0,,1.0,,,,Y,,Y,N1,N1,Y,3,N1,35.0,N1,20260523193045,N1,Y,,2.0,N1,7.0,,2.0,1.0,,,,,,2.0,,1.0,1.0,,4.0,,,,,,,157.0,,,Y,N1,A2300011,,,0.0,7.0,,,,,,,충청북도,옥천군,,,,,,,,,,,,,,,,,,,,,,,,,,,,,,,,,,,,,,,,,,,,,,,,,2026-05-23 19:35:48
의료법인명지의료재단명지병원,043-640-8117,A2300009,,,,,,1.0,2.0,,4.0,,,,Y,Y,Y,Y,Y,Y,10,Y,65.0,N1,20260523193432,N1,Y,,3.0,N1,18.0,3.0,2.0,4.0,,,,,,3.0,,2.0,1.0,1.0,10.0,,,2.0,1.0,,,201.0,,,Y,N1,A2300009,3.0,,8.0,17.0,3.0,,,,,,충청북도,제천시,,,,,,,,,,,,,,,,,,,,,,,,,,,,,,,,,,,,,,,,,,,,,,,,,2026-05-23 19:35:48
의료법인자산의료재단제천서울병원,043-643-2327,A2300005,,,,,,,1.0,,4.0,,,,Y,,Y,N1,Y,Y,13,N1,26.0,N1,20260523193103,N1,Y,,3.0,Y,15.0,,1.0,4.0,,,,,,3.0,,1.0,1.0,,10.0,,,1.0,,,1.0,205.0,,,Y,N1,A2300005,,,2.0,13.0,,,,,,,충청북도,제천시,,,,,,,,,,,,,,,,,,,,,,,,,,,,,,,,,,,,,,,,,,,,,,,,,2026-05-23 19:35:48
의료법인 건명의료재단 중앙제일병원,043-537-9119,A2300013,,,,,,,3.0,,,,,,Y,,Y,N1,Y,Y,12,N1,67.0,N1,20260523193345,N1,Y,,5.0,N1,17.0,,3.0,,,,,,,5.0,,2.0,2.0,,6.0,,,1.0,,,,192.0,,,Y,N1,A2300013,4.0,,2.0,12.0,6.0,,,31.0,31.0,,충청북도,진천군,,,,,,,,,,,,,,,,,,,,,,,,,,,,,,,,,,,,,,,,,,,,,,,,,2026-05-23 19:35:48
충북대학교병원,043-269-6114,A2300001,Y,Y,,0.0,,5.0,,,,4.0,29.0,Y,Y,Y,Y,Y,Y,Y,28,Y,217.0,Y,20260523193500,Y,Y,15.0,16.0,N1,30.0,8.0,,,18.0,,,25.0,40.0,16.0,2.0,4.0,4.0,6.0,98.0,13.0,31.0,18.0,10.0,17.0,,547.0,,2.0,Y,Y,A2300001,1.0,9.0,4.0,17.0,5.0,21.0,,12.0,13.0,,충청북도,청주시,,,,,10.0,2.0,,2.0,6.0,11.0,,20.0,40.0,2.0,,,2.0,6.0,,,2.0,3.0,3.0,4.0,2.0,3.0,,,,,,,,,,,,,,,,,,,,,,,2026-05-23 19:35:48
의료법인인화재단한국병원,043-222-6177,A2300007,,Y,,,,,1.0,,2.0,,,Y,Y,Y,Y,Y,Y,Y,7,N1,89.0,N1,20260523193403,Y,Y,,5.0,N1,14.0,,1.0,2.0,,,,,,6.0,1.0,2.0,2.0,2.0,18.0,,1.0,3.0,,,,403.0,,,Y,N1,A2300007,1.0,,10.0,24.0,1.0,,,0.0,1.0,,충청북도,청주시,2.0,3.0,,,,,,,,,,,,,,,,,,,,,,,,,,,,,,,,,,,,,,,,,,,,,,,2026-05-23 19:35:48
의료법인정산의료재단효성병원,043-221-2192,A2300003,,N,,,,,1.0,,4.0,,,Y,Y,Y,Y,Y,Y,Y,15,N1,96.0,N1,20260523193251,N,Y,,4.0,Y,18.0,,1.0,4.0,,,,,,4.0,1.0,3.0,4.0,2.0,19.0,,1.0,2.0,,,1.0,366.0,,,Y,N1,A2300003,1.0,,3.0,29.0,2.0,,,,,,충청북도,청주시,,,,,,,,,,,,,,,,,,,,,,,,,,,,,,,,,,,,,,,,,,,,,,,,,2026-05-23 19:35:48
청주성모병원,043-219-8119,A2300008,,Y,,,4.0,,2.0,4.0,5.0,,,Y,Y,Y,Y,Y,Y,Y,9,N1,142.0,N1,20260523193509,Y,Y,,8.0,N1,15.0,,2.0,5.0,,14.0,13.0,,,8.0,1.0,3.0,2.0,1.0,19.0,,2.0,3.0,,,,362.0,,,Y,N1,A2300008,1.0,,,,1.0,,,10.0,30.0,,충청북도,청주시,,,,,,,,,,,,,,,,,,,,,,,,,,,,,,,,,,,,,,,,,,,,,,,,,2026-05-23 19:35:48
의료법인한마음의료재단하나병원,043-230-6594,A2300002,,,,,,,1.0,,2.0,,,,Y,Y,Y,Y,Y,Y,17,N1,142.0,N1,20260523193300,N1,Y,,7.0,Y,23.0,,1.0,2.0,,,,,,7.0,,3.0,3.0,2.0,20.0,,,4.0,,,1.0,463.0,,,Y,N1,A2300002,2.0,,14.0,24.0,2.0,,,,,,충청북도,청주시,,,,,,,,,,,,,,,,,,,,,,,,,,,,,,,,,,,,,,,,,,,,,,,,,2026-05-23 19:35:48
충청북도청주의료원,043-279-0119,A2300006,,Y,,,,,1.0,,,,,Y,Y,Y,Y,Y,Y,Y,12,N1,151.0,N1,20260523193502,Y,Y,,5.0,N1,12.0,,1.0,,,,,,,5.0,1.0,1.0,2.0,1.0,12.0,,1.0,1.0,,,,359.0,,,Y,N1,A2300006,3.0,90.0,17.0,21.0,3.0,90.0,,6.0,6.0,,충청북도,청주시,3.0,3.0,,,,,,,,,,,,,,,,,,,,,,,,,,,,,,,,,,,,,,,,,,,,,,,2026-05-23 19:35:48
건국대학교충주병원,043-840-8330,A2300010,Y,Y,,,,,1.0,,2.0,,,Y,Y,Y,Y,Y,Y,Y,16,Y,68.0,N1,20260523193502,Y,Y,,5.0,N1,20.0,,1.0,2.0,,,,,,5.0,1.0,2.0,1.0,2.0,11.0,1.0,4.0,3.0,1.0,,,194.0,,,Y,Y,A2300010,,,4.0,18.0,,,,1.0,1.0,,충청북도,충주시,,,,,,,,,,,,,,,,,,,,,,,,,,,,,,,,,,,,,,,,,,,,,,,,,2026-05-23 19:35:48
충청북도충주의료원,043-871-0119,A2300004,,,,,,,1.0,,2.0,,,,Y,Y,Y,Y,Y,Y,16,N1,109.0,N1,20260523193503,N1,Y,,4.0,N1,18.0,,1.0,2.0,,,,,,4.0,,1.0,1.0,1.0,8.0,,,1.0,,,,282.0,,,Y,N1,A2300004,,,5.0,12.0,,,,,,,충청북도,충주시,,,,,,,,,,,,,,,,,,,,,,,,,,,,,,,,,,,,,,,,,,,,,,,,,2026-05-23 19:35:48
